id,name,latitude,longitude,wind_n,wind_ne,wind_e,wind_se,wind_s,wind_sw,wind_w,wind_nw,source
PSF-000001,Silveira Martins Sudeste,-29.640200,-53.466500,0,0,0,2,0,0,0,0,pge:10001
PSF-000002,Faxinal - Cerro Comprido W,-29.571200,-53.406600,0,0,0,0,0,2,2,0,pge:10002
PSF-000003,Lirquen,-36.703900,-72.975600,0,0,0,0,1,2,2,0,pge:10003
PSF-000004,Cerro Mariposa (Ma. Luisa),-38.716500,-72.592900,0,0,0,0,0,2,2,2,pge:10004
PSF-000005,San Ignacio,-39.838700,-73.399100,0,0,0,0,0,2,2,2,pge:10005
PSF-000006,Sterksel,51.344400,5.634940,1,1,1,1,1,1,1,1,pge:10008
PSF-000007,Skyline,18.030200,-76.740800,0,0,1,2,2,2,1,0,pge:10009
PSF-000008,Cabeco da Neve - Caramulo,40.552700,-8.179800,0,0,1,2,2,1,0,0,pge:10011
PSF-000009,Bell Mountain,34.959600,-83.729500,1,0,0,0,0,2,2,2,pge:10012
PSF-000010,Pigeon Hill,34.652100,-85.372900,0,1,2,1,0,0,0,0,pge:10013
PSF-000011,Chilhowee Mountain,35.133900,-84.622600,0,0,0,0,0,0,2,0,pge:10014
PSF-000012,Chao da Lagoa,32.706400,-16.914100,0,0,0,2,2,2,0,0,pge:10015
PSF-000013,Tvangen,61.325600,7.188610,0,0,0,1,2,1,1,0,pge:10016
PSF-000014,"Barrosa, Lagoa - Sao Miguel",37.753000,-25.492300,0,0,0,1,2,1,0,0,pge:10017
PSF-000015,Little Gap,40.807500,-75.548100,2,2,0,0,0,0,0,2,pge:10018
PSF-000016,Lauret : Puech de Dolgue,43.839200,3.900900,0,0,0,2,2,1,0,0,pge:10019
PSF-000017,"Falesia Stª. Barbara, Ribeira Grande, Sao Miguel",37.817700,-25.543900,2,1,0,0,0,0,0,1,pge:10020
PSF-000018,"Monte Verde, Falesia da Ribeira Grande - Sao Miguel",37.821500,-25.528300,2,1,0,0,0,0,0,1,pge:10021
PSF-000019,"Pico das Freiras, Ribeira Grande - Sao Miguel",37.801000,-25.650500,1,2,0,0,1,2,2,1,pge:10022
PSF-000020,"Monte Escuro, Ribeira Grande - Sao Miguel",37.791300,-25.427500,2,2,1,0,0,0,0,1,pge:10023
PSF-000021,"Miradouro, Vila Franca do Campo - Sao Miguel",37.742700,-25.438400,0,1,2,2,1,0,0,0,pge:10024
PSF-000022,"Sra da Paz, Vila Franca do Campo - Sao Miguel",37.728200,-25.431000,0,0,1,1,2,2,0,0,pge:10025
PSF-000023,"Faial da Terra, Sao Miguel",37.742600,-25.202400,0,0,1,2,2,1,0,0,pge:10026
PSF-000024,"Salto do Cavalo, Furnas- Sao Miguel",37.792100,-25.305500,0,0,1,2,2,2,1,0,pge:10027
PSF-000025,"Planalto dos Graminais, Povoacao - Sao Miguel",37.797900,-25.275400,0,0,1,2,2,1,0,0,pge:10028
PSF-000026,Eagle Rock,37.631400,-79.831700,1,0,1,2,1,0,1,2,pge:10029
PSF-000027,Monfestino,44.426300,10.825800,1,2,2,1,0,0,0,0,pge:10030
PSF-000028,Ospedaletti Monte Nero Alto,43.807600,7.689300,0,0,2,2,2,0,0,0,pge:10032
PSF-000029,Pianoro,43.828500,7.714100,0,0,0,0,2,2,0,0,pge:10033
PSF-000030,Butser West,50.976700,-0.987600,2,2,0,0,0,0,2,0,pge:10036
PSF-000031,Pawna (Pavna),18.651100,73.500100,0,0,0,0,0,0,2,0,pge:10037
PSF-000032,Velky Javornik,49.527800,18.161400,1,2,2,0,1,0,0,0,pge:10038
PSF-000033,Radhost,49.489600,18.224500,0,0,0,1,2,1,0,0,pge:10039
PSF-000034,Lac de Crop,45.203800,5.986200,2,1,1,0,0,0,1,1,pge:10040
PSF-000035,Hager City,44.616600,-92.555900,0,0,0,1,2,1,0,0,pge:10041
PSF-000036,Stauf,49.549500,8.027460,0,1,2,2,1,0,1,0,pge:10043
PSF-000037,vonitsa profitis ilias,38.899700,20.935500,0,0,0,0,0,2,2,2,pge:10045
PSF-000038,El Salto,21.064600,-100.249000,0,2,2,0,0,0,0,0,pge:10048
PSF-000039,Llanddewi Brefi,52.167100,-3.970800,0,0,0,0,0,0,0,2,pge:10049
PSF-000040,Terril de Hornu,50.424400,3.818600,0,0,0,0,0,1,2,1,pge:10050
PSF-000041,Stranoma - Thermo,38.530000,21.761700,0,0,0,0,0,1,2,1,pge:10051
PSF-000042,Bica da Cana,32.765200,-17.065400,2,2,1,1,0,0,1,2,pge:10054
PSF-000043,Pico da Cruz,32.642100,-16.939600,0,0,0,2,2,2,0,0,pge:10055
PSF-000044,Rabacal (Madeira),32.752100,-17.131500,0,1,1,2,2,2,1,0,pge:10056
PSF-000045,Fanal,32.810800,-17.140200,2,2,0,0,0,0,0,2,pge:10057
PSF-000046,Canhas,32.702900,-17.126100,0,0,0,2,2,2,0,0,pge:10058
PSF-000047,Compton Whites,50.669200,-1.487400,0,0,0,0,2,2,0,0,pge:10059
PSF-000048,Lanyon,-35.483880,149.107540,0,0,0,0,0,0,1,0,pge:10060;siteguide_au:106-28
PSF-000049,Compton Reds,50.662600,-1.473400,0,0,0,0,0,2,0,0,pge:10061
PSF-000050,Ivanscica,46.182200,16.127200,2,2,2,0,0,0,0,1,pge:10062
PSF-000051,Burgud - Susnjevica,45.240200,14.196400,0,0,0,0,1,1,2,1,pge:10063
PSF-000052,Osijek - Cepin,45.541500,18.639800,0,2,2,2,0,2,2,2,pge:10064
PSF-000053,Kamenec,50.079400,17.138100,0,0,0,0,0,1,2,1,pge:10065
PSF-000054,Menifee,33.702800,-117.157000,0,0,0,1,2,1,0,0,pge:10066
PSF-000055,Mount Puncak (Gunung Mas Puncak),-6.701670,106.984000,0,0,0,0,0,2,2,2,pge:10067
PSF-000056,La Pulante,49.187000,-2.232600,1,0,0,0,0,1,2,2,pge:10068
PSF-000057,Black Mount - East Side (Glas Bheinn),56.587200,-4.728780,0,0,0,0,0,0,0,2,pge:10070
PSF-000058,Black Mount - West Side,56.587900,-4.763200,2,1,0,0,1,0,0,1,pge:10071
PSF-000059,Romaniere,43.702100,4.985400,0,0,0,0,2,2,0,0,pge:10072
PSF-000060,"White Corries, Glencoe",56.627500,-4.842570,2,2,0,0,0,0,0,0,pge:10073
PSF-000061,"SE Spur of Meall a Bhuridh, Glencoe",56.609400,-4.836480,0,0,1,2,0,0,0,0,pge:10074
PSF-000062,Ben Toaig,56.563600,-4.832560,0,0,0,2,0,0,0,0,pge:10075
PSF-000063,Tres le mont,46.285600,6.489200,2,0,0,0,0,0,1,2,pge:10078
PSF-000064,Brigsteer,54.296600,-2.788200,0,0,0,0,0,2,2,0,pge:10080
PSF-000065,Farleton Knott,54.219600,-2.710170,0,0,0,0,0,2,2,2,pge:10081
PSF-000066,Barkin Fell,54.276600,-2.497160,0,0,0,2,0,0,0,0,pge:10082
PSF-000067,Ellerside,54.217600,-2.988410,0,0,0,0,0,0,2,0,pge:10083
PSF-000068,Whitestones,54.379700,-2.565180,0,0,0,0,0,2,2,0,pge:10084
PSF-000069,Whitbarrow Scar,54.256200,-2.842770,0,0,0,2,0,2,0,0,pge:10085
PSF-000070,Humphrey Head,54.156400,-2.934780,0,0,0,0,0,2,0,0,pge:10086
PSF-000071,Wrynose Pass,54.418300,-3.113900,0,0,2,0,0,0,0,0,pge:10087
PSF-000072,Whernside,54.222300,-2.401580,0,0,2,2,0,0,0,0,pge:10088
PSF-000073,Brant Side,54.276400,-2.345250,0,0,0,0,0,2,0,0,pge:10089
PSF-000074,Great Langdale,54.451900,-3.103180,0,0,0,0,2,2,0,0,pge:10090
PSF-000075,Trout Beck,54.421000,-2.890740,0,0,0,0,0,0,2,0,pge:10091
PSF-000076,Barton Fell,54.583100,-2.832390,0,0,0,0,0,0,0,2,pge:10092
PSF-000077,Wolf Craggs,54.591900,-2.988870,2,2,0,0,0,0,0,0,pge:10093
PSF-000078,Topola,43.414100,28.260200,0,0,0,1,2,1,0,0,pge:10094
PSF-000079,Albena,43.378000,28.092700,0,1,2,1,0,0,0,0,pge:10095
PSF-000080,Shelley Beach - Shelley Beach Launch,-35.105710,117.631010,0,0,0,1,0,0,0,0,pge:10096;siteguide_au:237-271
PSF-000081,Llandinam,52.476000,-3.421100,0,0,0,0,0,0,2,2,pge:10098
PSF-000082,Rana,50.407500,13.771500,2,0,0,2,2,0,0,2,pge:10099
PSF-000083,Torrey Pines (San Diego),32.890200,-117.252000,0,0,0,0,0,1,2,1,pge:101
PSF-000084,Morningside,43.324000,-72.365800,0,0,0,0,2,2,2,2,pge:10101
PSF-000085,Gurle,40.385500,29.320800,2,2,1,0,0,0,0,0,pge:10102
PSF-000086,Stankovka,49.970000,14.323300,0,0,1,2,1,0,0,0,pge:10103
PSF-000087,Hazmburk,50.434100,14.014700,0,0,0,0,0,2,0,0,pge:10104
PSF-000088,Jested,50.728700,14.996500,0,2,0,0,0,0,0,0,pge:10105
PSF-000089,Hodkovice,50.663600,15.077700,0,0,0,0,0,1,2,1,pge:10106
PSF-000090,Bohdankov,50.678900,15.055400,0,0,0,1,2,1,0,0,pge:10107
PSF-000091,Rasovka,50.708000,15.017600,0,0,0,1,2,1,0,0,pge:10108
PSF-000092,Lovos,50.527700,14.018000,0,0,0,1,2,1,0,0,pge:10109
PSF-000093,Havrani skala,50.592300,14.085100,0,0,0,0,1,2,1,0,pge:10110
PSF-000094,Telluride Gold Hill,37.894200,-107.823000,0,0,2,0,0,0,2,0,pge:10111
PSF-000095,Bukit Langkisau,-1.342400,100.573000,0,0,0,0,1,2,1,0,pge:10112
PSF-000096,Hondon de las Nieves,38.330300,-0.885500,0,0,1,1,1,0,0,0,pge:10113
PSF-000097,La Solana,38.640500,-0.838700,0,0,0,2,2,0,0,0,pge:10114
PSF-000098,Op Het Eiland,52.158300,6.483300,1,2,1,0,1,2,1,0,pge:10116
PSF-000099,"Bukit Jugra, Banting",2.835400,101.418000,0,0,0,1,2,0,0,0,pge:10119
PSF-000100,cengiz arsu kalkýs pisti,40.000000,35.000000,2,2,0,0,0,0,0,2,pge:10120
PSF-000101,Albergue,36.825600,-3.973900,0,0,1,2,1,0,0,0,pge:10124
PSF-000102,Mung,33.904300,72.896000,2,2,0,0,0,0,0,2,pge:10125
PSF-000103,Express Way Site,33.903100,73.403800,0,0,2,2,2,0,0,0,pge:10126
PSF-000104,Cochrane,51.195500,-114.449000,0,0,0,1,2,2,0,0,pge:10127
PSF-000105,Channing hill - Benicia,38.097600,-122.181000,0,0,2,0,0,0,2,0,pge:10128
PSF-000106,Kilcoy,-26.809700,152.602000,0,0,0,0,0,0,0,0,pge:10129
PSF-000107,Wadi bin hammad,31.271400,35.693600,0,0,0,0,0,0,0,2,pge:10130
PSF-000108,Huayllani,-17.357500,-66.056900,0,0,1,2,2,2,1,0,pge:10131
PSF-000109,Yaquina Head,44.674800,-124.067000,2,0,0,0,2,2,1,2,pge:10132
PSF-000110,La Ceja Tapalpa,19.935400,-103.654000,0,1,2,2,2,0,0,0,pge:10133
PSF-000111,Rosbeigh,52.047500,-9.980200,2,1,0,1,1,0,1,2,pge:10134
PSF-000112,Aarvollbakke (Oslo),59.946100,10.820300,0,0,0,1,2,2,1,0,pge:10135
PSF-000113,Grefsenkollen,59.956600,10.800100,0,0,0,0,0,2,2,1,pge:10136
PSF-000114,Roghi,46.775800,28.213800,2,2,1,0,0,0,1,2,pge:10137
PSF-000115,Arco da Calheta,32.708200,-17.141500,2,2,1,1,2,2,2,1,pge:10138
PSF-000116,Prazeres,32.749400,-17.212200,2,2,1,0,1,2,2,0,pge:10139
PSF-000117,Faja da Ovelha,32.770800,-17.234200,0,1,2,2,2,2,1,0,pge:10140
PSF-000118,Raposeira,32.766700,-17.225400,0,1,1,1,2,2,2,0,pge:10141
PSF-000119,Paul da Serra Cristo Rei,32.734900,-17.098300,1,1,1,2,2,2,1,1,pge:10142
PSF-000120,Paul da Serra Juncal,32.742400,-17.100400,1,1,2,2,2,2,1,0,pge:10143
PSF-000121,Pico Gordo,32.765400,-17.149300,0,1,1,1,2,2,2,0,pge:10144
PSF-000122,Ponta do Pargo Casa de Cha,32.808200,-17.255800,0,1,1,1,1,2,2,0,pge:10145
PSF-000123,Ponta do Pargo Capela,32.825100,-17.245500,1,0,0,0,0,0,1,2,pge:10146
PSF-000124,Paul da Serra,32.753100,-17.098900,2,2,2,2,2,2,2,2,pge:10147
PSF-000125,Barra do Cuanza,-9.308330,13.133300,0,0,0,0,0,1,2,1,pge:10149
PSF-000126,Sainte-Victoire - Pic des Mouches,43.538900,5.644720,0,0,0,1,2,1,0,0,pge:10150
PSF-000127,Porto da Cruz - Lamaceiros (Madeira),32.745500,-16.836300,2,1,0,0,0,0,0,1,pge:10151
PSF-000128,Ponta da Cruz (Funchal),32.635400,-16.947300,2,1,1,1,1,1,1,1,pge:10152
PSF-000129,Massanera,43.701300,11.555900,0,0,0,0,1,1,2,1,pge:10153
PSF-000130,Serrone,41.848200,13.090300,0,0,0,2,2,2,1,0,pge:10154
PSF-000131,Pizzorne,43.934100,10.584600,0,0,0,0,1,2,1,1,pge:10155
PSF-000132,Tivoli,41.941800,12.807000,0,0,0,0,0,2,2,2,pge:10156
PSF-000133,Cervara,41.984400,13.074400,0,0,0,0,0,2,0,0,pge:10157
PSF-000134,M.te Gennaro,42.035500,12.823900,0,0,0,0,0,2,2,0,pge:10158
PSF-000135,Trevignano,42.166900,12.263200,0,0,0,0,2,2,0,0,pge:10159
PSF-000136,Genzano,41.698400,12.671600,0,0,0,0,0,0,2,2,pge:10160
PSF-000137,Gioia dei Marsi,41.950400,13.717700,0,0,0,0,0,2,2,0,pge:10161
PSF-000138,Lago di Albano,41.760000,12.675400,0,0,0,0,0,2,0,0,pge:10162
PSF-000139,Dzialy,49.737400,21.840800,0,0,0,1,2,1,0,0,pge:10163
PSF-000140,Iskszynia,49.654600,21.820200,0,1,2,1,0,1,2,1,pge:10164
PSF-000141,Faraya - Mzar,33.965400,35.839200,0,0,0,0,0,1,2,1,pge:10166
PSF-000142,Taldy,50.393000,79.782600,2,2,2,2,2,2,2,2,pge:10169
PSF-000143,Golplan,47.024500,12.427100,0,0,1,2,1,1,0,0,pge:10170
PSF-000144,Point Cartwright 'Carties',-26.674500,153.137000,0,0,1,2,1,0,0,0,pge:10171
PSF-000145,Mont Blanc,45.833300,6.864100,1,0,0,0,1,0,0,1,pge:10172
PSF-000146,Corteno Golgi,46.179200,10.254700,0,0,2,2,2,2,2,0,pge:10173
PSF-000147,Cevo Dos del Curu,46.103500,10.387600,0,0,1,1,1,1,1,0,pge:10174
PSF-000148,diriomito,11.941600,-86.057000,0,0,2,2,0,0,0,0,pge:10175
PSF-000149,Praia Mole - NE,-27.609100,-48.437700,1,2,2,0,0,0,0,0,pge:10176
PSF-000150,Lagoa da Conceição,-27.598500,-48.479600,0,0,1,2,1,0,0,0,pge:10177
PSF-000151,Rapa Rosie,45.986000,23.596100,0,0,0,0,1,2,2,1,pge:10182
PSF-000152,Kolba¤ck,58.054200,12.664400,2,2,2,1,2,2,2,2,pge:10184
PSF-000153,Stranik,49.236500,18.825600,0,0,0,0,2,2,2,1,pge:10185
PSF-000154,shahran (peak),35.807600,51.285100,0,0,1,1,2,1,0,0,pge:10186
PSF-000155,El Águila,-34.770600,-55.778400,0,0,2,0,0,0,0,0,pge:10187
PSF-000156,sierra de los caracoles,-34.572600,-54.930000,0,0,0,2,0,0,0,0,pge:10189
PSF-000157,pan de azucar,-34.809400,-55.259100,1,1,1,2,1,1,1,1,pge:10190
PSF-000158,Punta ballena,-34.910400,-55.043100,0,0,0,2,0,0,0,0,pge:10191
PSF-000159,Mangart,46.432700,13.640400,0,0,0,0,2,2,0,0,pge:10193
PSF-000160,Xi Shan  West mountain,24.910100,102.633000,0,1,2,2,1,0,0,0,pge:10195
PSF-000161,Castle Rock,-43.590900,172.698000,2,2,2,0,0,0,0,0,pge:10196
PSF-000162,"Hemnes, Kangsen",66.108600,13.860600,0,0,1,1,2,2,2,2,pge:10197
PSF-000163,Gljiva,42.732900,18.383800,0,0,0,1,2,1,0,0,pge:10198
PSF-000164,"Kamenáč ZJZ, Z, SZ",50.054400,16.763700,0,0,0,0,0,2,1,2,pge:10199
PSF-000165,Tenerife - Ladera de Guimar,28.291500,-16.418200,0,1,2,0,0,0,0,0,pge:10200
PSF-000166,Øksnanuten,58.760800,5.981670,2,1,0,0,1,1,2,2,pge:10201
PSF-000167,Ponzos,43.551100,-8.254100,0,0,0,0,0,1,2,2,pge:10202
PSF-000168,Moechisa,1.120800,-77.426900,2,0,0,0,0,0,0,2,pge:10203
PSF-000169,Colina del Cuervo,43.550200,-5.612500,1,2,1,0,0,0,0,0,pge:10204
PSF-000170,Malic,46.182200,15.205600,0,0,0,2,2,0,0,0,pge:10205
PSF-000171,La Calera,4.724100,-73.994100,0,2,2,2,0,1,1,0,pge:10206
PSF-000172,Cundur,1.386060,-77.262800,2,0,1,0,0,0,0,0,pge:10207
PSF-000173,Bucaramanga / Ruitoque - Las Aguilas,7.043300,-73.091000,2,0,0,0,0,0,2,2,pge:10208
PSF-000174,Killiney Hill,53.265400,-6.111770,0,0,1,2,1,0,0,0,pge:10210
PSF-000175,Piedechinche Take Off,3.646620,-76.169700,0,0,0,1,1,2,2,2,pge:10211
PSF-000176,"Wayra, Ansermanuevo",4.813890,-76.006300,0,0,1,2,1,0,0,0,pge:10212
PSF-000177,Golondrinas,3.495650,-76.542400,0,0,2,0,0,0,0,0,pge:10213
PSF-000178,Buenavista,4.351100,-75.729300,0,0,0,0,0,2,2,2,pge:10214
PSF-000179,Releul de la Inuri,46.061100,23.440600,0,1,2,2,1,2,2,1,pge:10215
PSF-000180,Micesti,46.101100,23.528100,1,2,1,0,0,0,0,0,pge:10216
PSF-000181,Frailes,22.725400,-102.540000,0,1,2,1,0,0,0,0,pge:10217
PSF-000182,Sutton Bank,54.242600,-1.217410,0,0,0,0,0,2,2,0,pge:10218
PSF-000183,Zopilotes,22.824200,-102.556000,0,0,0,0,0,1,2,2,pge:10220
PSF-000184,Pico Muelas-Boniar,42.873200,-5.375000,0,0,0,1,2,2,2,1,pge:10221
PSF-000185,Sotillos,42.853700,-5.192800,0,1,2,1,0,0,0,0,pge:10222
PSF-000186,San Cristobal de Valdueza,42.451300,-6.514950,1,0,0,0,0,1,2,2,pge:10223
PSF-000187,Pando Quintanilla de Babia,42.935000,-6.161200,2,1,0,0,2,1,0,1,pge:10224
PSF-000188,Laderona Piedrafita,42.969600,-6.202600,0,0,0,0,0,2,1,0,pge:10225
PSF-000189,La Mora Quintanilla de Babia,42.910700,-6.196500,2,1,0,0,0,0,0,1,pge:10226
PSF-000190,Cueto Nidio Villablino,42.916300,-6.308100,2,1,0,1,1,1,2,2,pge:10227
PSF-000191,Palacios del Sil,42.882800,-6.397800,1,0,0,0,0,0,0,2,pge:10228
PSF-000192,Cervatin - Bierzo,42.730000,-6.386100,0,0,0,0,0,1,2,1,pge:10231
PSF-000193,Corullon - Bierzo,42.556200,-6.846000,0,1,2,1,0,0,0,0,pge:10232
PSF-000194,"Wai Ao, To Cheung",24.884800,121.842000,0,1,2,2,1,0,0,0,pge:10233
PSF-000195,ming li,23.705800,121.393000,0,0,2,2,1,0,0,0,pge:10234
PSF-000196,Ji Chi,23.698400,121.540000,0,1,2,1,0,0,0,0,pge:10235
PSF-000197,Tres Marias - Casares,42.950000,-5.785900,0,0,0,1,2,0,0,0,pge:10236
PSF-000198,Cotobello,43.134500,-5.640500,2,1,0,0,0,0,1,1,pge:10237
PSF-000199,Pico San Martin,43.471600,-5.658800,2,1,0,0,0,0,0,1,pge:10238
PSF-000200,Providencia,43.553700,-5.619100,0,0,0,0,0,0,1,2,pge:10239
PSF-000201,Xago,43.608900,-5.911300,1,0,0,0,0,0,2,2,pge:10240
PSF-000202,Verdicio,43.622900,-5.885700,2,1,0,0,0,0,0,0,pge:10241
PSF-000203,Torimbia,43.440400,-4.849500,1,1,0,0,0,0,1,2,pge:10242
PSF-000204,Pajares,42.965600,-5.793400,2,1,0,0,0,0,0,1,pge:10243
PSF-000205,Gamoniteiro,43.187500,-5.923700,0,0,0,0,0,1,1,1,pge:10244
PSF-000206,Naranco - Oviedo,43.384300,-5.864100,0,0,0,0,2,0,0,0,pge:10245
PSF-000207,Nava - Pilonieta,43.312600,-5.497100,1,2,0,0,0,0,0,0,pge:10246
PSF-000208,Mostayal,43.256300,-5.944660,0,1,1,1,0,0,0,0,pge:10247
PSF-000209,Gamonal - Angliru,43.226600,-5.933470,0,0,2,0,0,0,0,0,pge:10248
PSF-000210,Øksnanuten,58.760800,5.981670,2,1,0,0,1,1,2,2,pge:10249
PSF-000211,Valdedios,43.440900,-5.521300,0,2,2,0,0,0,0,0,pge:10250
PSF-000212,Pena Mayor,43.268900,-5.503910,0,0,0,0,0,1,1,0,pge:10251
PSF-000213,Loule - Cerro de Cabeco de Camara,37.113100,-8.061800,0,0,0,1,2,1,0,0,pge:10252
PSF-000214,Balbergkampen,61.155900,10.440700,0,0,0,0,2,2,0,0,pge:10253
PSF-000215,Pena Sobia,43.157000,-6.057600,0,0,0,0,0,2,2,0,pge:10254
PSF-000216,Crucita,-0.884000,-80.545200,0,0,0,0,0,1,2,2,pge:10255
PSF-000217,Ekholmsnas,59.361400,18.182500,0,0,2,0,0,0,0,0,pge:10256
PSF-000218,Hafrafell,64.136900,-21.654700,0,0,0,0,0,0,2,2,pge:10257
PSF-000219,Holazne,48.927500,18.281600,0,0,0,2,2,1,0,0,pge:10258
PSF-000220,Slepy vrch - Oresany,48.458100,17.413000,0,0,1,2,1,0,0,0,pge:10259
PSF-000221,konigsjodler,47.421000,13.058200,0,0,0,1,2,1,0,0,pge:10260
PSF-000222,Krzelnica,48.762300,18.033700,0,0,0,0,1,2,1,0,pge:10262
PSF-000223,Donovaly,48.888900,19.229900,0,0,0,1,2,2,1,0,pge:10263
PSF-000224,Zaruby,48.526300,17.390000,1,0,0,0,0,0,1,2,pge:10264
PSF-000225,Colonei,45.651600,10.814700,0,1,2,2,0,0,0,0,pge:10265
PSF-000226,Fosse,45.667000,10.972600,0,0,0,1,2,2,1,0,pge:10266
PSF-000227,Little River,-43.809700,172.820000,2,2,2,0,0,0,0,0,pge:10267
PSF-000228,Velky vrch,48.647800,18.454800,0,0,1,2,1,0,0,0,pge:10268
PSF-000229,Mayobridge,54.170500,-6.188500,2,2,0,0,0,0,2,2,pge:10269
PSF-000230,Lopenik,48.915200,17.782400,0,0,1,2,2,2,1,0,pge:10270
PSF-000231,Pena Rubia,38.594600,-0.815715,1,0,0,0,0,0,1,2,pge:10271
PSF-000232,Mikulcak,48.939900,17.826700,0,0,0,1,2,1,0,0,pge:10272
PSF-000233,Horna Suca,48.956800,17.992700,1,0,0,0,0,0,0,2,pge:10273
PSF-000234,akarnanika,38.806100,20.980700,1,1,1,0,0,1,1,1,pge:10274
PSF-000235,Aonach Mor,56.842100,-4.970920,1,0,0,0,0,0,1,2,pge:10275
PSF-000236,Meall nan Tarmachan,56.516000,-4.293420,0,0,0,2,2,0,0,0,pge:10276
PSF-000237,Beinn Ghlas (Ben Lawers group),56.532600,-4.239420,0,0,0,1,2,1,0,0,pge:10277
PSF-000238,Stitna nad Vlari,49.060000,17.968900,2,2,1,0,0,0,1,2,pge:10278
PSF-000239,Jelenovska,49.121500,17.993900,1,0,0,0,0,0,1,2,pge:10279
PSF-000240,Vitovka,49.680300,17.844800,0,0,0,1,2,2,0,0,pge:10280
PSF-000241,Mesit,48.933700,17.766900,0,0,0,0,0,2,2,1,pge:10281
PSF-000242,Hradisko,48.807400,17.832800,1,2,1,0,0,0,0,0,pge:10282
PSF-000243,Peckova,48.769100,17.448100,2,1,0,0,0,0,0,1,pge:10283
PSF-000244,Ben Ledi,56.252600,-4.306100,0,2,2,0,1,1,0,0,pge:10284
PSF-000245,La Mona,5.129560,-74.635700,0,0,0,0,0,2,2,2,pge:10285
PSF-000246,Praia da Cordoama,37.105800,-8.938510,0,0,0,0,0,0,2,2,pge:10286
PSF-000247,loarre,42.332200,-0.609300,0,0,0,1,2,2,0,0,pge:10288
PSF-000248,Monlora,42.132200,-0.923500,0,0,0,2,2,0,2,2,pge:10289
PSF-000249,Sant just,40.779500,-0.851400,2,2,0,0,0,0,0,1,pge:10290
PSF-000250,Havran,48.743200,17.336200,2,2,0,0,0,0,0,0,pge:10291
PSF-000251,Dolnai Lhota,49.156300,17.810900,2,1,0,1,2,1,0,1,pge:10292
PSF-000252,Foia,37.315900,-8.597100,1,1,0,0,0,0,1,2,pge:10293
PSF-000253,Benafatima,37.369600,-8.435830,2,2,0,0,0,0,0,1,pge:10294
PSF-000254,Black Hills 1,40.290000,49.632000,1,2,1,0,0,0,0,1,pge:10295
PSF-000255,Bushwhack ridge,56.278800,-4.265800,0,0,0,0,0,0,2,0,pge:10296
PSF-000256,Meall Monachyle,56.353300,-4.483100,0,0,0,2,2,2,0,0,pge:10297
PSF-000257,Beinn Leabhainn (Burger Van),56.424700,-4.323200,0,0,0,0,0,0,2,2,pge:10298
PSF-000258,Campsies,55.994200,-4.215300,0,0,0,0,2,2,0,0,pge:10299
PSF-000259,Cove (Richfield- Monroe),38.634000,-112.061000,2,0,0,0,2,1,2,1,pge:10300
PSF-000260,Black Hills 2,40.243500,49.525100,1,2,1,0,0,0,0,0,pge:10301
PSF-000261,Lokbatan Views,40.335700,49.711800,0,0,0,2,2,0,0,0,pge:10302
PSF-000262,Myreton - Ochils,56.160500,-3.839530,0,0,0,2,2,2,0,0,pge:10303
PSF-000263,Cairnwell - Glenshee,56.878800,-3.421000,0,1,1,2,2,2,0,0,pge:10304
PSF-000264,Morrone,56.980900,-3.428950,0,0,0,2,0,0,0,2,pge:10305
PSF-000265,Luss,56.114100,-4.654800,0,2,0,0,0,0,0,0,pge:10306
PSF-000266,Ben Dorain,56.519100,-4.729300,0,0,0,0,0,0,2,2,pge:10307
PSF-000267,Xi Shan  West mountain lower launch,24.923500,102.637000,0,1,2,2,1,0,0,0,pge:10308
PSF-000268,exploration,25.028800,103.011000,0,1,2,2,1,0,0,0,pge:10309
PSF-000269,Dennis Beach,45.629000,-64.843600,0,0,0,1,2,2,2,0,pge:10310
PSF-000270,Slavicin,49.080000,17.867600,1,1,1,2,1,1,1,2,pge:10311
PSF-000271,Gargunnock,56.111400,-4.076300,2,0,0,0,0,0,0,1,pge:10312
PSF-000272,Buckies (NE) (Fintry Hills),56.085500,-4.178580,2,2,0,0,0,0,0,0,pge:10313
PSF-000273,Stronend (NW face),56.078500,-4.203600,2,0,0,0,0,0,1,2,pge:10314
PSF-000274,Glen Fruin,56.067200,-4.747000,0,0,0,0,0,2,0,0,pge:10315
PSF-000275,Kaim Hill - Fairlie,55.743300,-4.833000,0,0,0,0,0,0,2,2,pge:10316
PSF-000276,Mt.Edna (Marysvale- Richfield),38.385600,-112.333000,2,2,2,2,2,2,1,1,pge:10317
PSF-000277,Monroe Peak (Richfield),38.541400,-112.073000,0,0,0,0,0,1,2,1,pge:10319
PSF-000278,Sa Torre - Cabo Blanco,39.450800,2.746800,0,0,0,0,0,2,2,0,pge:10320
PSF-000279,Alcudia,39.835300,3.095420,0,2,2,0,0,0,0,0,pge:10321
PSF-000280,Chupuro,-12.179300,-75.258400,0,0,2,1,0,0,0,0,pge:10322
PSF-000281,Penyal Xepat - Puig Major,39.784500,2.769330,2,0,0,0,0,0,0,2,pge:10323
PSF-000282,Valle Sagrado Incas,-13.363300,-72.067800,2,1,0,0,0,0,0,1,pge:10324
PSF-000283,Moorfoots,55.777600,-3.036400,0,0,0,0,0,0,0,2,pge:10325
PSF-000284,Bunyola,39.696700,2.713530,0,0,0,0,2,2,0,0,pge:10326
PSF-000285,Rapla South,58.982100,24.721400,2,1,0,0,0,1,2,2,pge:10327
PSF-000286,Lazarevskoe,43.929200,39.342700,0,0,0,0,2,0,0,0,pge:10328
PSF-000287,Sim Site,49.349500,-122.734000,0,0,0,0,0,0,0,0,pge:10329
PSF-000288,Mukawir,31.564100,35.600000,1,1,0,0,0,0,0,2,pge:10330
PSF-000289,Wadi Mujib - East face,31.426900,35.804000,0,1,2,1,0,0,0,0,pge:10331
PSF-000290,Susina,50.162600,16.872900,0,1,2,1,0,0,0,0,pge:10332
PSF-000291,Vsechov,49.437900,14.622200,1,1,1,2,1,1,1,2,pge:10333
PSF-000292,Lake Mountain (Saratoga Springs),40.280900,-111.936000,0,0,2,0,0,0,0,0,pge:10334
PSF-000293,Parker (Koosherem),38.413900,-111.866000,1,0,0,0,1,2,2,2,pge:10337
PSF-000294,Mount Parapoo,40.112100,-75.947200,2,2,0,0,0,0,2,2,pge:10338
PSF-000295,Plavecky hrad,48.494100,17.268400,0,0,0,0,0,2,1,0,pge:10339
PSF-000296,El Morro,10.230100,-64.698800,0,1,2,0,0,1,2,1,pge:10340
PSF-000297,Los Altos,10.223700,-64.506800,2,1,0,0,0,0,0,1,pge:10341
PSF-000298,El Frances,10.077500,-63.457600,0,1,2,1,2,0,0,0,pge:10342
PSF-000299,Cihoc,48.735100,18.424000,0,0,0,2,0,0,0,0,pge:10343
PSF-000300,Santa Elisabetta,45.438800,7.646830,0,0,0,2,2,1,0,0,pge:10344
PSF-000301,Gioiosa Guardia,38.157000,14.930100,1,2,1,0,0,0,0,0,pge:10345
PSF-000302,Pizzicalori,38.180000,14.920200,0,0,2,0,0,1,2,1,pge:10347
PSF-000303,Revan,48.964800,18.633400,0,0,0,0,2,2,1,0,pge:10348
PSF-000304,Beshbarmag,40.954100,49.234300,0,1,2,2,0,0,0,0,pge:10349
PSF-000305,Barkarby flygplats,59.415500,17.890000,0,2,0,0,0,2,0,0,pge:10350
PSF-000306,Granholmstoppen,59.404800,17.900200,2,2,0,0,0,0,0,2,pge:10351
PSF-000307,Gardet,59.344700,18.105400,0,0,0,1,2,1,0,0,pge:10353
PSF-000308,Monksdown,50.986200,-2.086900,2,0,0,0,0,0,0,1,pge:10354
PSF-000309,Csobánc,46.871600,17.504700,2,2,2,2,2,2,2,2,pge:10355
PSF-000310,Mókus-hegy,47.688600,18.708800,0,0,0,2,2,0,0,0,pge:10356
PSF-000311,Kalocsa,46.541000,18.943300,2,2,2,2,2,2,2,2,pge:10357
PSF-000312,Bria Dog Ridge (Mammoth Lake),37.705200,-118.671000,0,0,0,0,0,1,2,1,pge:10359
PSF-000313,White Horse,50.659300,-2.404400,0,0,0,0,2,1,0,0,pge:10360
PSF-000314,Flottsbrobacken,59.227600,17.883700,0,0,0,0,0,0,0,2,pge:10361
PSF-000315,Francis Peak,41.027200,-111.838000,0,0,0,0,0,2,2,2,pge:10362
PSF-000316,Monte Gazza,46.081700,10.958700,0,0,0,2,0,0,0,0,pge:10363
PSF-000317,Wadi Mujib West / Hidan,31.512200,35.732100,0,0,0,0,0,1,2,1,pge:10364
PSF-000318,Cerro de la virgen  de los inmaculados salesianos,-34.517800,-55.349800,2,0,0,0,0,0,0,0,pge:10365
PSF-000319,Forbord,63.526100,10.890900,2,1,0,1,2,1,2,1,pge:10366
PSF-000320,Mt.Ventoux,44.174500,5.278500,2,1,0,1,2,1,0,1,pge:10367
PSF-000321,Vlachovice,49.121000,17.934500,1,2,2,1,0,0,0,0,pge:10368
PSF-000322,la Plata,2.396380,-75.921700,0,2,2,2,0,0,0,0,pge:10369
PSF-000323,Point Prim,46.073300,-62.971200,2,2,0,0,0,0,0,2,pge:10370
PSF-000324,Halliday Bank,46.106100,-62.896000,0,0,0,0,0,0,0,2,pge:10371
PSF-000325,Punaruu 600,-17.639300,-149.583000,1,2,2,2,1,1,1,1,pge:10372
PSF-000326,Gyrn Moelfre,52.851000,-3.207800,0,0,0,2,1,0,1,0,pge:10374
PSF-000327,Great Orme,53.329700,-3.856800,0,0,0,0,0,2,0,0,pge:10375
PSF-000328,Penmaenbach,53.284700,-3.876700,2,2,0,0,0,0,0,0,pge:10376
PSF-000329,Moel Famau,53.138500,-3.259600,0,0,0,0,0,1,2,1,pge:10377
PSF-000330,Coiliochbar,57.230300,-2.818230,0,0,0,0,0,0,0,0,pge:10378
PSF-000331,Penycloddiau East,53.204900,-3.308500,0,1,2,0,0,0,0,0,pge:10379
PSF-000332,Craiglich,57.137100,-2.773210,0,0,0,0,0,0,0,0,pge:10380
PSF-000333,Fourman Hill,57.500400,-2.717470,0,2,1,0,0,0,0,0,pge:10381
PSF-000334,Kerloch,56.981300,-2.500150,0,0,0,0,0,0,0,0,pge:10382
PSF-000335,Leadlich,57.134300,-2.791330,0,0,0,0,0,0,0,0,pge:10383
PSF-000336,Pressendye,57.168100,-2.844970,0,0,0,2,2,2,0,0,pge:10384
PSF-000337,Punaruu 350,-17.641900,-149.596000,0,0,0,0,0,1,2,0,pge:10385
PSF-000338,Primera Maria,42.088900,1.814000,0,0,2,2,2,2,0,0,pge:10386
PSF-000339,Figuerassa,42.121500,1.827200,0,0,0,1,2,1,0,0,pge:10387
PSF-000340,Ebersberg,48.936300,9.531400,2,0,0,0,2,1,2,1,pge:10388
PSF-000341,St.George -the 'Usual' (the 'U'),37.047200,-113.476000,0,0,0,0,0,2,1,0,pge:10389
PSF-000342,Knock Hill,57.584900,-2.775170,0,0,1,1,1,2,2,2,pge:10390
PSF-000343,St Cyrus,56.773700,-2.404940,0,0,0,2,0,0,0,0,pge:10391
PSF-000344,Scar Hill,57.189100,-2.857860,0,0,0,0,0,0,0,0,pge:10392
PSF-000345,Tap o' Noth,57.350500,-2.857890,0,0,0,2,2,2,0,0,pge:10393
PSF-000346,Tops of Fichell,56.804400,-3.011170,0,0,0,0,0,0,0,0,pge:10394
PSF-000347,Ben Reid - Glen Clova,56.862800,-3.117710,0,0,0,0,0,0,0,0,pge:10395
PSF-000348,Craig Lethnot - Glen Clova,56.777100,-3.044800,0,0,0,0,0,0,0,0,pge:10396
PSF-000349,Craig Hulich,56.519700,-3.796770,0,2,0,0,2,0,0,0,pge:10397
PSF-000350,Meall Reamhar - Sma Glen,56.472700,-3.817280,0,0,0,2,2,0,0,0,pge:10398
PSF-000351,Meall Reamhar - Corrymucklock,56.475400,-3.812540,0,2,0,0,0,0,0,0,pge:10399
PSF-000352,Carsphairn,55.220000,-4.332400,0,0,0,2,0,0,0,0,pge:10400
PSF-000353,Auchinleck Hill - Thornhill,55.269800,-3.704300,0,0,0,0,0,2,0,0,pge:10401
PSF-000354,Satrastrand,59.289700,17.895800,0,0,0,0,0,2,0,0,pge:10402
PSF-000355,Hakuba -Happo One,36.697400,137.816000,0,0,2,2,2,0,0,0,pge:10404
PSF-000356,Ben Bowie,56.007400,-4.671500,0,0,0,0,0,2,2,0,pge:10406
PSF-000357,Shelenkov school,45.018200,35.236800,0,0,0,0,0,0,0,0,pge:10408
PSF-000358,Watzmannhaus,47.571400,12.933700,1,1,2,1,0,0,1,2,pge:10409
PSF-000359,Pedroreo,43.345500,-6.152560,1,0,0,0,0,0,1,2,pge:10410
PSF-000360,Tribalj (Rijeka),45.238800,14.682600,0,0,1,2,2,2,2,0,pge:10411
PSF-000361,Grobnik,45.398800,14.545300,0,0,0,1,2,2,2,1,pge:10412
PSF-000362,Bagnara Calabra,38.281900,15.817900,0,0,0,0,0,0,0,0,pge:10414
PSF-000363,Horden,54.772400,-1.306500,0,1,2,1,0,0,0,0,pge:10415
PSF-000364,Baska (Krk),44.956900,14.739100,2,2,0,0,0,0,0,0,pge:10416
PSF-000365,Azimiye East,35.863000,51.022700,0,0,1,1,2,0,0,0,pge:10417
PSF-000366,Moel Berfedd,53.082000,-4.011700,0,0,2,0,0,0,0,0,pge:10418
PSF-000367,Bayramoren south,40.931600,33.275500,2,2,0,2,2,2,0,2,pge:10419
PSF-000368,Spirutka,49.577600,17.624800,0,0,0,0,1,2,1,0,pge:10420
PSF-000369,Tautira,-17.755800,-149.171000,2,1,0,0,0,0,0,1,pge:10421
PSF-000370,Mt Marau,-17.607400,-149.533000,0,2,2,0,0,0,0,0,pge:10422
PSF-000371,Klovberget,59.213800,18.350100,0,0,0,0,0,0,2,0,pge:10423
PSF-000372,Hancock,38.558600,-111.804000,0,0,0,0,0,2,2,1,pge:10426
PSF-000373,Le belvedere,-17.563200,-149.530000,2,0,0,0,0,0,0,0,pge:10427
PSF-000374,Tarna,59.825300,16.712500,2,2,2,2,2,2,2,2,pge:10428
PSF-000375,Åre,63.426900,13.081700,0,1,1,2,2,2,2,2,pge:10429
PSF-000376,Hammars backar,55.403000,14.012100,0,0,0,0,0,2,0,0,pge:10430
PSF-000377,Kashpero-Nikolaevka,47.362400,32.202700,2,2,2,2,0,0,0,0,pge:10432
PSF-000378,Kozirka,46.800100,31.875700,0,0,2,2,0,0,0,0,pge:10433
PSF-000379,Ochakov,46.644300,31.596000,0,0,0,2,0,0,0,0,pge:10434
PSF-000380,Luparevo,46.630600,32.023100,0,0,0,0,0,2,0,0,pge:10435
PSF-000381,Morskoe,46.611100,31.262600,0,0,0,2,2,0,0,0,pge:10436
PSF-000382,Ribakovka,46.610000,31.305300,0,0,0,0,2,2,0,0,pge:10437
PSF-000383,Voznesensk,47.529100,31.185900,2,2,2,2,0,0,0,2,pge:10438
PSF-000384,Koblevo,46.629600,31.227300,0,0,0,0,0,2,2,0,pge:10439
PSF-000385,Kapustino,47.113900,32.032000,0,2,2,0,0,0,2,2,pge:10440
PSF-000386,Chernomorka,46.627300,31.463400,0,0,0,0,2,2,0,0,pge:10441
PSF-000387,Dneprovskoe,46.634800,31.876900,0,0,0,2,0,0,0,0,pge:10442
PSF-000388,Katalino,46.779900,31.871000,0,0,2,0,0,0,0,0,pge:10443
PSF-000389,Farmers,52.112500,-3.972900,0,0,0,2,1,0,0,0,pge:10444
PSF-000390,Cergowa,49.531900,21.718800,2,2,0,0,0,0,0,0,pge:10445
PSF-000391,Loch Walton,56.061600,-4.140700,0,0,0,1,2,1,0,0,pge:10446
PSF-000392,Double Craigs / Stronend (W face),56.073200,-4.201930,0,0,0,0,0,2,2,0,pge:10447
PSF-000393,Tochal,35.884100,51.419100,0,0,0,1,1,1,1,0,pge:10448
PSF-000394,Korpberget,59.266200,17.869300,0,0,0,0,0,0,2,0,pge:10450
PSF-000395,Ekebyhov,59.278400,17.832600,2,0,0,0,0,0,0,0,pge:10451
PSF-000396,Vaiare,-17.529500,-149.780000,0,2,0,0,0,0,0,0,pge:10452
PSF-000397,autemanu,-16.535200,-151.738000,0,2,2,2,0,0,0,0,pge:10453
PSF-000398,taiohae,-8.917700,-140.114000,0,2,2,2,0,0,0,0,pge:10454
PSF-000399,Uturoa,-16.743100,-151.452000,2,2,2,2,0,0,0,0,pge:10455
PSF-000400,Tubuai,-23.367300,-149.446000,2,2,2,2,0,0,0,0,pge:10456
PSF-000401,Tefarerii 60,-16.776200,-150.960000,0,2,2,2,0,0,0,0,pge:10457
PSF-000402,Wittental,47.990800,7.957730,0,0,0,0,0,1,2,1,pge:10458
PSF-000403,le Mont Caume,43.183900,5.907500,0,0,0,1,2,0,2,1,pge:10459
PSF-000404,Baltar,41.913000,-7.692700,2,0,0,0,0,0,0,2,pge:10460
PSF-000405,Bartholoma,48.746900,9.994100,0,0,2,0,0,0,0,0,pge:10461
PSF-000406,Turan Kala,36.290300,52.186700,2,0,0,0,0,0,0,0,pge:10463
PSF-000407,Surdar,36.412000,51.975500,2,2,2,0,0,0,1,1,pge:10464
PSF-000408,Sarata,46.482300,26.862600,1,1,2,2,1,0,0,0,pge:10465
PSF-000409,Whitesheet,51.013100,-2.091940,0,0,0,0,0,0,2,0,pge:10466
PSF-000410,Biscoi,38.650200,-0.598823,0,0,0,2,2,0,0,0,pge:10467
PSF-000411,Auenhain,51.270000,12.440000,2,2,2,2,2,2,2,2,pge:10468
PSF-000412,Mont-Edouard,48.155100,-70.287200,1,1,1,0,0,0,1,2,pge:10470
PSF-000413,Wijk aan Zee,52.498400,4.587200,0,0,0,0,0,1,2,0,pge:10472
PSF-000414,Zoutelande,51.495300,3.497300,0,0,0,0,0,2,0,0,pge:10473
PSF-000415,Beinn Liath Mhor,57.511700,-5.388930,2,2,0,0,0,0,0,0,pge:10474
PSF-000416,Liathach,57.558300,-5.495600,0,0,0,2,2,0,0,0,pge:10475
PSF-000417,Heol Senni,51.888300,-3.581400,1,2,1,0,0,0,0,0,pge:10477
PSF-000418,Fan Gyhirych,51.860300,-3.627000,2,2,0,0,0,2,2,2,pge:10478
PSF-000419,Rhossili,51.574600,-4.282700,1,0,0,0,0,1,2,1,pge:10480
PSF-000420,Bryncaws,51.711000,-3.790700,0,0,0,2,0,0,0,0,pge:10481
PSF-000421,Slubica,48.973400,20.871900,0,0,0,0,0,1,2,1,pge:10482
PSF-000422,Ornheia,68.542800,14.926200,2,2,0,0,0,0,0,2,pge:10484
PSF-000423,Fleineskollen,68.632800,14.858700,2,2,1,2,2,2,2,2,pge:10485
PSF-000424,Priopcea,45.124800,28.254100,2,1,0,1,2,1,2,1,pge:10486
PSF-000425,Santa Brigida,42.022200,2.613000,0,0,1,2,2,1,0,0,pge:10487
PSF-000426,Storheia,68.543300,14.870400,2,0,1,2,2,1,0,1,pge:10488
PSF-000427,Blaenavon,51.780600,-3.138700,0,2,0,0,0,0,0,0,pge:10489
PSF-000428,Montseny - Turó de l Home,41.775000,2.436000,0,1,0,0,2,2,2,0,pge:10490
PSF-000429,Worcester Beacon,52.104300,-2.339500,0,0,0,0,0,0,2,0,pge:10491
PSF-000430,Bukova horka,49.131300,20.930800,1,0,0,0,0,0,0,2,pge:10492
PSF-000431,La tannière,44.216500,5.477900,0,1,2,1,0,0,0,0,pge:10493
PSF-000432,Moel Eilio,53.109100,-4.140500,1,0,0,0,0,0,1,2,pge:10494
PSF-000433,Plus4,52.241800,6.703500,1,1,1,2,1,1,1,2,pge:10495
PSF-000434,Black Beauty,19.480500,72.860300,0,0,0,0,0,2,2,2,pge:10496
PSF-000435,Twin Rock,19.458500,72.864200,2,2,0,0,0,2,2,2,pge:10497
PSF-000436,Wagga (80m dunes),-33.862400,121.674000,0,0,0,1,0,0,0,0,pge:10498;siteguide_au:251-274
PSF-000437,350 SAGE,-17.628400,-149.590000,0,0,0,0,0,2,2,1,pge:10499
PSF-000438,Rogi - Dachi,47.335200,29.166500,0,0,0,0,0,0,1,2,pge:10501
PSF-000439,Betlem,39.736500,3.311740,1,0,0,0,0,0,0,2,pge:10502
PSF-000440,Westbury White Horse,51.262400,-2.147700,0,0,0,0,0,0,1,2,pge:10504
PSF-000441,Chia,40.453700,-5.179200,0,0,1,1,1,0,0,0,pge:10506
PSF-000442,La Lastra del Cano,40.343300,-5.435300,0,0,0,1,2,2,1,0,pge:10507
PSF-000443,Sidi Ifni,29.363200,-10.171100,0,0,0,0,0,2,1,2,pge:10508
PSF-000444,Tosseberg,59.979000,13.088800,0,0,0,0,1,2,2,0,pge:10509
PSF-000445,Ciecien,49.771100,20.140100,0,0,0,0,0,1,2,0,pge:10510
PSF-000446,solaure,44.691700,5.354300,0,0,0,1,2,1,0,0,pge:10511
PSF-000447,Lendas,34.957400,24.911200,0,0,0,0,2,2,1,0,pge:10512
PSF-000448,Pompia,34.994700,24.871800,2,1,0,0,0,0,1,2,pge:10513
PSF-000449,Karagedik,36.707800,29.152100,0,0,0,0,0,2,0,0,pge:10514
PSF-000450,Pen Dinas,52.401800,-4.082600,0,0,0,0,0,1,2,0,pge:10515
PSF-000451,Lendak,49.237300,20.338700,0,0,0,2,0,0,0,0,pge:10516
PSF-000452,Montagna Grande SW,37.892300,12.747200,0,0,0,0,1,2,1,0,pge:10517
PSF-000453,Kontogialos,39.583500,19.824900,0,0,0,0,0,1,2,0,pge:10518
PSF-000454,Constitution Hill,52.429000,-4.079000,1,0,0,0,0,0,0,2,pge:10519
PSF-000455,Bretzfeld,49.164000,9.470100,0,0,0,0,0,0,2,0,pge:10520
PSF-000456,Worlds View,-18.172400,32.768800,1,0,0,0,0,1,1,2,pge:10521
PSF-000457,Ramian_1,36.941400,55.134700,2,1,0,0,0,0,2,2,pge:10522
PSF-000458,Cote de Jord,45.017000,1.071010,0,0,0,2,2,0,0,0,pge:10523
PSF-000459,Teufelsberg,49.003300,9.043400,0,0,0,0,2,1,0,0,pge:10524
PSF-000460,Kala Limania,34.941100,24.816900,0,0,1,2,1,0,0,0,pge:10525
PSF-000461,Bukit Naga,2.785230,102.402000,0,2,1,1,1,2,1,1,pge:10526
PSF-000462,San Félix gtopik (Medellín),6.330780,-75.598700,0,1,2,2,0,0,0,0,pge:10527
PSF-000463,El Fraile - Santa Cruz del Norte,23.146600,-81.869300,2,2,0,0,0,0,0,0,pge:10528
PSF-000464,El Bolo,20.308300,-76.457600,1,2,1,0,0,0,0,0,pge:10529
PSF-000465,Boniato Restaurante,20.098200,-75.806800,0,0,0,1,2,1,0,0,pge:10530
PSF-000466,Tia Nena Rio Once,20.248800,-76.421800,1,2,2,1,0,0,0,0,pge:10531
PSF-000467,Dos Bocas - Pilon,19.914200,-77.403000,0,0,1,2,2,1,0,0,pge:10532
PSF-000468,Nemaclys Lookout,9.939540,-84.725600,0,0,0,0,1,2,1,0,pge:10539
PSF-000469,Jaco,9.646860,-84.614400,0,0,0,1,2,2,0,0,pge:10540
PSF-000470,Dominical - Escaleras -  C.R.,9.237830,-83.817700,0,0,0,0,2,2,1,0,pge:10542
PSF-000471,Bebedero,9.896720,-84.157700,1,2,1,0,0,0,0,0,pge:10544
PSF-000472,Parapente Turrialba,9.960700,-83.748500,0,2,2,2,2,0,0,0,pge:10545
PSF-000473,Orthi Petra,35.079200,24.943400,0,0,0,0,1,2,1,0,pge:10546
PSF-000474,Cabo Ledo,-9.663400,13.225000,0,0,0,0,0,0,0,0,pge:10547
PSF-000475,Caota,-12.607600,13.268700,0,0,0,0,0,2,2,2,pge:10548
PSF-000476,Km 51 Estrada Luanda - Porto Amboim,-9.166550,13.051900,0,0,0,0,0,0,0,0,pge:10549
PSF-000477,Lubango,-14.916700,13.500000,0,0,0,0,0,0,0,0,pge:10550
PSF-000478,Santiago Centre,-8.669100,13.431400,0,0,0,0,0,0,0,0,pge:10551
PSF-000479,Miradouro da Lua,-9.221330,13.089700,0,0,0,0,0,0,0,0,pge:10552
PSF-000480,Sumbe,-11.200000,13.833300,0,0,0,0,0,0,0,0,pge:10553
PSF-000481,Løkken,57.390200,9.729100,0,0,0,0,0,0,2,2,pge:10554
PSF-000482,Lletyn Gors,51.919700,-4.119100,0,0,2,2,2,0,0,0,pge:10555
PSF-000483,Kahana,21.564900,-157.878000,0,2,2,0,0,0,0,0,pge:10558
PSF-000484,Olympos-Tahtali,36.536800,30.442000,0,0,1,2,2,2,2,1,pge:10559
PSF-000485,Falez,36.884100,30.680300,0,0,0,0,2,0,0,0,pge:10560
PSF-000486,Begis,36.895500,30.082600,2,2,0,0,2,0,0,0,pge:10561
PSF-000487,Alanya,36.567300,31.978300,0,0,0,2,2,0,0,0,pge:10562
PSF-000488,Tunek tepe,36.822500,30.581900,0,0,0,2,2,0,0,0,pge:10563
PSF-000489,Adrasan,36.281200,30.434900,0,0,2,0,0,0,2,0,pge:10564
PSF-000490,Jabalcon (Zujar),37.563000,-2.808940,0,0,2,1,2,0,0,2,pge:10566
PSF-000491,Grumari (RJ),-23.054200,-43.537500,0,0,2,2,2,0,0,0,pge:10568
PSF-000492,Shining Tor,53.258000,-2.009500,0,0,0,0,0,0,2,0,pge:10571
PSF-000493,Sopetrán,6.501530,-75.718300,0,0,0,0,0,0,2,2,pge:10572
PSF-000494,Wathba Hill,24.163600,54.697300,2,1,1,2,1,1,1,2,pge:10574
PSF-000495,Rushup,53.346300,-1.832620,0,0,0,1,2,1,0,0,pge:10575
PSF-000496,gardaneh rokh,32.343800,51.041500,2,1,1,1,2,2,0,1,pge:10576
PSF-000497,Rishikesh - Kunjapuri,30.107100,78.338700,0,0,0,0,0,1,2,1,pge:10577
PSF-000498,Mt Greylock,42.637000,-73.167400,0,1,1,2,1,0,0,0,pge:10578
PSF-000499,New Jack City - East Ridge,34.665300,-116.975000,0,1,1,0,0,0,0,0,pge:10579
PSF-000500,New Jack City - West Ridge,34.667300,-116.993000,0,2,2,0,2,2,0,0,pge:10580
PSF-000501,Las Mallolas,41.663500,1.634590,0,0,0,0,1,2,0,0,pge:10581
PSF-000502,Lake Isabella,35.685300,-118.420000,0,0,0,1,2,1,0,0,pge:10582
PSF-000503,Kernville Slabs,35.817200,-118.454000,0,0,0,0,0,1,2,1,pge:10584
PSF-000504,Bruinehaar,52.468100,6.696600,2,1,2,1,2,1,2,1,pge:10585
PSF-000505,Hyvinkaa,60.651700,24.884900,1,2,1,0,1,2,1,0,pge:10586
PSF-000506,Kokini amos,34.985500,24.751100,0,0,0,0,0,1,2,0,pge:10587
PSF-000507,Kiikala,60.461600,23.649100,2,1,2,1,2,1,2,1,pge:10588
PSF-000508,Catlakkaya,40.139300,29.114500,2,1,0,0,0,0,0,1,pge:10590
PSF-000509,Aviano,46.087300,12.532900,0,0,0,1,2,1,0,0,pge:10592
PSF-000510,Glem,45.491300,13.787900,2,1,0,0,0,0,1,2,pge:10594
PSF-000511,Socerb,45.606900,13.869300,1,0,0,0,1,2,2,2,pge:10595
PSF-000512,Nova Bana,48.432100,18.661700,0,0,2,2,0,0,0,0,pge:10596
PSF-000513,Kanine,40.410300,19.507300,0,0,0,0,1,2,2,2,pge:10597
PSF-000514,Tuxpan - Iguala,18.388200,-99.473900,0,0,0,1,2,1,0,0,pge:10599
PSF-000515,Djebel Rum,29.580000,35.400000,0,1,0,0,0,0,0,0,pge:106
PSF-000516,Montanchez,39.214400,-6.122900,2,1,2,2,2,0,0,0,pge:10600
PSF-000517,Zarza de Montanchez,39.219600,-6.043000,2,0,0,0,0,2,1,2,pge:10601
PSF-000518,Canaveral,39.804700,-6.405000,0,0,0,0,2,2,0,0,pge:10602
PSF-000519,Kupres - Stozer,43.990700,17.319300,2,2,2,2,2,2,2,2,pge:10603
PSF-000520,Pyramid,43.977200,18.175800,0,0,0,0,0,2,2,2,pge:10604
PSF-000521,Vlasic Travnik,44.269600,17.588200,0,0,0,2,2,2,0,0,pge:10605
PSF-000522,Kofinas,34.960700,25.099800,2,1,0,1,2,1,0,1,pge:10606
PSF-000523,harsberg,51.074400,10.372400,0,0,0,0,0,2,1,0,pge:10607
PSF-000524,Breza,44.032500,18.294500,0,0,0,0,0,0,2,1,pge:10608
PSF-000525,Ivanovka,46.645200,31.678300,0,0,0,0,2,2,0,0,pge:10610
PSF-000526,Stanislav,46.572200,32.131500,0,0,0,0,0,2,2,0,pge:10611
PSF-000527,Konstantinovka,47.095600,31.913100,0,0,0,0,0,2,2,0,pge:10612
PSF-000528,Solyanie,47.008100,31.988200,0,0,0,0,0,2,2,0,pge:10613
PSF-000529,Neftebaza,46.929100,32.024200,0,0,0,0,0,2,2,0,pge:10614
PSF-000530,Zarautz,43.290100,-2.138800,2,2,0,0,0,0,0,1,pge:10615
PSF-000531,Kukuarri,43.292400,-2.106800,2,0,0,0,0,0,1,2,pge:10616
PSF-000532,Elidir Fach,53.127700,-4.102200,0,0,0,0,0,1,2,2,pge:10617
PSF-000533,Bingen,45.725500,-121.446000,0,1,2,2,1,2,2,1,pge:10618
PSF-000534,Kerio Valley,0.656800,35.511200,1,2,2,2,1,1,1,1,pge:10620
PSF-000535,Perler,47.200300,11.845900,0,0,0,1,2,1,0,0,pge:10622
PSF-000536,Tunkalilla,-35.634200,138.315500,0,0,0,1,1,0,0,0,pge:10625;siteguide_au:1-111
PSF-000537,Heavener SSE Launch,34.883300,-94.559100,0,0,0,0,2,0,0,0,pge:10627
PSF-000538,Pirapora Bom Jesus   Capuava Hill,-23.396300,-46.990900,0,2,1,2,2,2,1,2,pge:10628
PSF-000539,Cierna Kopa,49.187500,20.786300,2,2,2,2,0,0,0,1,pge:10629
PSF-000540,Ignis,47.731400,23.672800,0,0,0,2,2,2,1,0,pge:10630
PSF-000541,Huergas de Babia,42.941000,-6.094200,2,1,0,0,0,0,0,1,pge:10631
PSF-000542,"Hareid, Vabakken - Vassverket",62.361100,6.046390,2,1,0,0,0,0,0,2,pge:10632
PSF-000543,Verkhnesadovoe,44.695000,33.736800,0,0,0,2,2,0,0,0,pge:10633
PSF-000544,Ymir - Mt Dundee,49.291200,-117.179000,1,0,0,0,2,2,2,0,pge:10634
PSF-000545,"Bukit Lohan Ulu, Ranau",5.911100,116.686000,0,0,0,0,0,0,0,0,pge:10636
PSF-000546,Dobrca,46.370900,14.264200,0,0,1,2,2,1,0,0,pge:10637
PSF-000547,Strogonovka,44.952900,34.192700,0,0,0,0,1,2,2,0,pge:10639
PSF-000548,Maninec,49.118400,18.491200,0,0,1,2,2,1,0,0,pge:10640
PSF-000549,Osuduku,6.053700,0.186900,1,0,0,1,2,2,2,1,pge:10641
PSF-000550,Alp Scheidegg (Wald),47.304000,8.943100,0,0,0,0,0,2,2,0,pge:10643
PSF-000551,Pfänder / Pfaender,47.499900,9.775190,0,0,0,0,0,0,2,2,pge:10644
PSF-000552,"Salt Spring Island, Bruce Peak",48.767100,-123.508000,2,2,0,0,0,0,0,0,pge:10645
PSF-000553,Mount Prevost,48.831300,-123.767000,0,0,0,2,2,2,2,0,pge:10646
PSF-000554,Harkeberga,59.690000,17.187800,2,2,0,0,2,2,0,0,pge:10647
PSF-000555,Otres hill,10.617400,103.560000,0,0,0,2,2,2,2,0,pge:10648
PSF-000556,Oraison,43.899600,5.921000,0,0,0,0,0,1,2,1,pge:10649
PSF-000557,Lalandelle,49.405200,1.898400,2,2,0,0,0,0,0,0,pge:10650
PSF-000558,soutpansberg,-22.995100,29.901100,0,0,0,2,2,0,0,0,pge:10653
PSF-000559,Bukit Jeram,2.781200,102.406000,0,2,1,1,1,2,1,1,pge:10655
PSF-000560,Kamenicky hrad,49.195000,20.975100,0,0,0,2,2,2,0,0,pge:10656
PSF-000561,Alcaria Ruiva,37.700500,-7.762300,2,1,0,1,2,1,0,1,pge:10657
PSF-000562,Rasnik,42.710100,22.987200,0,2,2,0,2,2,0,0,pge:10658
PSF-000563,Corgemont,47.173400,7.137900,2,2,1,0,0,0,0,0,pge:10659
PSF-000564,Avoriaz,46.194600,6.768000,1,1,0,0,1,2,2,2,pge:10660
PSF-000565,Monte Gozzi,42.011300,8.781540,0,0,0,1,2,2,1,0,pge:10661
PSF-000566,poco da cruz,40.487500,-8.793400,0,0,0,0,0,1,2,1,pge:10662
PSF-000567,Gergeri,35.143900,24.936900,0,0,0,1,2,2,1,0,pge:10665
PSF-000568,Keila flight fields,59.317600,24.425100,0,0,0,0,0,0,0,0,pge:10666
PSF-000569,Jeżów Sudecki - Góra Szybowcowa,50.944100,15.764400,1,0,1,0,1,2,0,2,pge:10667
PSF-000570,East Lomond,56.242300,-3.221100,2,2,2,2,2,2,2,2,pge:10669
PSF-000571,Cairn O Mount,56.914500,-2.576000,0,0,0,2,2,0,0,0,pge:10670
PSF-000572,Bellyache Ridge,39.660100,-106.658000,0,1,2,1,0,0,0,0,pge:10671
PSF-000573,Netanya (Natanya),32.318700,34.846700,0,0,0,0,0,1,2,1,pge:10672
PSF-000574,Mevo Hama,32.794500,35.673700,0,0,0,0,0,2,2,2,pge:10673
PSF-000575,Saint-Cergue,46.444900,6.175770,0,0,0,2,2,2,0,0,pge:10674
PSF-000576,Truleigh Hill,50.885000,-0.260000,2,0,0,0,0,0,0,1,pge:10676
PSF-000577,Beachy Head,50.739100,0.253430,0,0,1,2,2,0,0,0,pge:10677
PSF-000578,High and Over,50.791200,0.141770,0,0,2,2,0,0,0,0,pge:10678
PSF-000579,Col de la Madeleine,45.444100,6.359900,0,2,1,2,1,0,0,0,pge:10679
PSF-000580,Monte Ventoso,43.480400,-8.317750,2,1,0,0,0,0,1,2,pge:10680
PSF-000581,Kemuning,-7.595200,111.141000,0,0,0,0,0,0,0,0,pge:10682
PSF-000582,Góra Siewierska,50.395500,19.082900,0,0,0,2,2,1,0,0,pge:10683
PSF-000583,Ma?a Czantoria,49.694800,18.778100,2,0,0,0,0,0,0,2,pge:10684
PSF-000584,Mała Czantoria NE,49.698200,18.783700,0,2,1,0,0,0,0,0,pge:10685
PSF-000585,Hum Komiza,43.037900,16.116100,0,0,0,1,0,2,2,2,pge:10687
PSF-000586,Rustavi,41.554400,44.934600,1,0,0,0,0,0,1,2,pge:10688
PSF-000587,Tbilisi Sea,41.757200,44.919500,0,0,1,2,2,1,0,0,pge:10689
PSF-000588,Jijeti,42.166300,44.850700,0,0,1,2,2,2,1,0,pge:10690
PSF-000589,Prayon,50.576000,5.656000,0,2,0,0,0,0,0,0,pge:10691
PSF-000590,Olne,50.577400,5.758700,0,0,0,0,2,0,0,0,pge:10692
PSF-000591,La Roche - Corimont,50.179000,5.568700,1,0,0,0,0,0,0,2,pge:10693
PSF-000592,Marcourt,50.215900,5.516340,0,0,2,2,0,0,0,0,pge:10694
PSF-000593,Maboge - Les Crestelles,50.174300,5.640800,0,0,0,0,0,2,0,0,pge:10695
PSF-000594,Terril du Levant,50.436100,3.902300,0,0,0,2,2,0,0,0,pge:10697
PSF-000595,Terril du Roton (Farciennes),50.441700,4.541000,0,0,0,1,2,0,0,0,pge:10698
PSF-000596,Beauraing,50.113100,5.009600,2,1,0,0,0,0,0,1,pge:10699
PSF-000597,Dora,34.800500,32.740300,0,0,0,0,0,1,1,1,pge:107
PSF-000598,Avister,50.547300,5.571500,0,0,0,0,0,2,1,0,pge:10700
PSF-000599,Cap Blanc-Nez,50.941200,1.737900,0,0,0,0,0,0,0,2,pge:10701
PSF-000600,Acebedo,43.015300,-5.112900,2,2,0,0,0,0,0,1,pge:10702
PSF-000601,Tkhibuli Crater,42.391000,43.006000,0,0,1,2,2,2,0,0,pge:10703
PSF-000602,Castejon de Sos - Pedras Blancas,42.528300,0.538900,0,0,2,0,0,0,0,0,pge:10705
PSF-000603,Castejon de Sos - Touch and Go,42.533300,0.544515,0,0,2,0,0,2,2,0,pge:10706
PSF-000604,Castejon de Sos - Rials,42.524700,0.499550,0,0,0,2,2,0,0,0,pge:10707
PSF-000605,Chia - Abedules,42.525800,0.469300,0,0,2,0,0,0,0,0,pge:10708
PSF-000606,Black Hill,56.955200,-2.202400,0,0,2,0,0,0,0,0,pge:10709
PSF-000607,Ayacucho,-13.203400,-74.243800,2,1,0,0,0,0,0,0,pge:10710
PSF-000608,Grandeur,40.700000,-111.782000,1,0,0,0,0,1,2,2,pge:10711
PSF-000609,Lake St Clair,-32.353500,151.312000,0,0,0,0,0,2,2,2,pge:10714
PSF-000610,Hooly Dooly,-32.520900,151.496000,0,0,2,2,0,0,0,0,pge:10715
PSF-000611,Tangihua,-35.870300,174.135000,0,0,0,0,0,0,0,0,pge:10717
PSF-000612,Cox Tor,50.568500,-4.076100,0,0,0,0,0,2,2,2,pge:10718
PSF-000613,Arco da Calheta - Rochao,32.726300,-17.134800,0,0,1,1,2,2,2,1,pge:10720
PSF-000614,Cantamar,32.212000,-116.915000,0,0,0,0,0,0,2,2,pge:10722
PSF-000615,Copacabana,-16.177900,-69.086600,0,0,0,0,0,0,0,2,pge:10723
PSF-000616,Bonneval sur Arc,45.349000,7.055800,1,0,0,0,0,0,1,0,pge:10724
PSF-000617,Serak,50.187000,17.108600,0,2,2,0,0,1,1,0,pge:10726
PSF-000618,Muronak,50.316700,17.178600,0,0,2,2,0,0,0,0,pge:10727
PSF-000619,Big Bird N,22.373800,120.902000,2,2,2,2,2,1,0,1,pge:10728
PSF-000620,Rothenbachkopf,48.006200,6.980600,0,2,2,1,0,0,0,0,pge:10729
PSF-000621,Roche de minuit,47.988700,6.861100,2,0,0,0,0,0,0,0,pge:10730
PSF-000622,Friolais,47.249700,6.743400,2,2,0,0,0,0,0,0,pge:10731
PSF-000623,salvador NE,40.092000,-7.083800,2,2,0,0,0,0,0,1,pge:10732
PSF-000624,Greda (Split),43.829700,16.642500,0,0,0,1,2,2,1,0,pge:10733
PSF-000625,la Muela del diablo,-16.562000,-68.057900,0,0,0,0,0,0,0,2,pge:10734
PSF-000626,"Lanches (Col de la Loze, Courchevel)",45.407900,6.602100,0,2,0,1,0,2,1,0,pge:10735
PSF-000627,Mungyeong,36.730900,128.175000,0,1,2,1,0,1,2,1,pge:10736
PSF-000628,Xr To San,22.238000,120.674000,1,0,0,0,2,2,2,2,pge:10737
PSF-000629,Shigar,35.439800,75.741900,1,1,1,1,2,2,2,2,pge:10739
PSF-000630,Chunda,35.336700,75.500800,0,2,0,0,0,0,0,0,pge:10740
PSF-000631,FS  station,22.273800,120.668000,0,0,0,0,2,2,2,0,pge:10741
PSF-000632,Lagunilla,40.317900,-5.972900,0,0,0,1,2,1,0,0,pge:10742
PSF-000633,Lough Bray,53.188800,-6.309700,0,0,2,2,1,0,0,0,pge:10743
PSF-000634,Le Hucel,46.398800,6.704200,2,2,0,0,0,0,0,0,pge:10744
PSF-000635,South face,41.362600,48.184300,0,0,1,2,2,2,1,0,pge:10745
PSF-000636,NNE face,41.294500,48.150200,2,2,2,1,0,0,2,2,pge:10746
PSF-000637,Bee Canyon LFB,33.757200,-116.823000,0,0,0,0,0,1,2,1,pge:10747
PSF-000638,Gourdon-Kennedy,43.704100,6.980700,0,0,2,2,2,0,0,0,pge:10748
PSF-000639,etna Zafferana,37.683000,15.086300,1,2,1,0,0,0,0,0,pge:10749
PSF-000640,Etna - Punta Lucia,37.764600,14.986400,2,2,2,0,0,0,0,2,pge:10750
PSF-000641,Anseong,36.930400,127.283000,0,0,0,0,0,1,2,1,pge:10751
PSF-000642,Catenaia,43.627300,11.922300,0,0,0,2,2,1,0,0,pge:10752
PSF-000643,Piatra Craivi,46.208900,23.485700,0,1,2,2,1,0,0,0,pge:10754
PSF-000644,La Serre,42.835000,0.275519,0,0,0,2,2,0,0,0,pge:10755
PSF-000645,Grascoueous,42.839800,0.315289,0,0,0,2,0,0,0,0,pge:10756
PSF-000646,Ens,42.807000,0.336589,1,1,0,0,0,0,0,2,pge:10757
PSF-000647,wu bai,22.400700,120.907000,1,2,2,2,1,0,0,0,pge:10758
PSF-000648,Herdisarvik,63.880900,-21.691100,0,0,0,1,2,1,0,0,pge:10759
PSF-000649,taimali 1,22.621300,120.976000,0,1,2,1,1,0,0,0,pge:10760
PSF-000650,Pribyslav,49.582200,15.764200,0,0,0,0,0,0,0,0,pge:10761
PSF-000651,Prasiva,49.636800,18.481400,0,0,0,0,0,1,2,0,pge:10762
PSF-000652,Shimba Hills,-4.165000,39.471100,0,1,2,2,2,0,0,0,pge:10763
PSF-000653,fang san xi,22.275500,120.661000,0,0,0,0,2,2,2,0,pge:10764
PSF-000654,Gesunda,60.870400,14.521000,2,2,2,0,0,0,1,0,pge:10765
PSF-000655,Tallhed,61.193600,14.720000,2,2,2,2,2,1,2,2,pge:10766
PSF-000656,Bigfoot,22.649200,120.969000,0,2,2,2,1,0,0,0,pge:10767
PSF-000657,Pukemore,-37.533000,175.224000,0,2,0,0,0,0,0,0,pge:10770
PSF-000658,Agarmysh,45.040400,35.056000,1,0,0,0,0,0,0,2,pge:10771
PSF-000659,ChunCheon,37.856300,127.809000,0,0,0,1,2,2,1,0,pge:10772
PSF-000660,Pine Ridge,44.426600,-121.062000,1,0,0,0,0,0,0,2,pge:10773
PSF-000661,Gringlay,49.915800,6.091700,0,0,0,0,0,1,2,1,pge:10774
PSF-000662,Airport,35.592500,129.401000,0,1,2,1,0,0,0,0,pge:10775
PSF-000663,Kohut,49.118800,21.019500,2,2,0,0,0,0,0,0,pge:10776
PSF-000664,Loma de Los Angeles,8.580400,-71.217100,0,0,0,2,2,1,1,0,pge:10777
PSF-000665,Sinjakovo,44.346200,17.133400,2,0,0,2,2,0,0,0,pge:10778
PSF-000666,Pine Mt. (training hill),43.834400,-120.928000,1,0,0,0,0,0,1,2,pge:10780
PSF-000667,Mozhayka (severo-zapad),59.698800,30.167500,0,0,0,0,0,0,1,2,pge:10781
PSF-000668,Santa Lucia del Mela,38.125900,15.289300,0,0,1,0,0,0,2,0,pge:10782
PSF-000669,M-ti Sureanu,45.575500,23.502700,0,1,2,2,1,0,0,0,pge:10783
PSF-000670,Niederlibbach,50.203500,8.169300,2,2,0,0,0,0,0,0,pge:10784
PSF-000671,Strinz-Margarethä,50.218200,8.150100,0,0,2,1,0,0,2,0,pge:10785
PSF-000672,Laufenselden,50.220100,7.996100,1,2,1,0,1,2,1,0,pge:10786
PSF-000673,Lorch-Espenschied,50.112900,7.893200,0,0,0,0,0,2,0,0,pge:10787
PSF-000674,Muriwai,-36.833600,174.427000,0,0,0,0,0,0,2,2,pge:10788
PSF-000675,Panettone (Mte.Grappa),45.861300,11.803800,0,0,2,2,2,1,0,0,pge:10790
PSF-000676,Buzet - da Nevio,45.423800,13.998200,0,0,0,2,2,2,0,0,pge:10791
PSF-000677,Molveno,46.154000,10.955300,0,0,0,2,2,2,0,0,pge:10793
PSF-000678,Paganella,46.144200,11.036000,2,0,0,0,0,0,2,0,pge:10795
PSF-000679,Mt Cheeseman,-43.156200,171.672000,2,2,2,2,0,0,0,0,pge:10796
PSF-000680,Ruhiang Hill Tamparuli,6.136200,116.279000,1,1,1,1,1,1,1,2,pge:10798
PSF-000681,Skalafell,64.240000,-21.468000,1,1,0,2,2,2,0,1,pge:10799
PSF-000682,Yelagiri,12.600100,78.640100,0,0,0,2,0,2,1,2,pge:10804
PSF-000683,Glover Park (G-spot),-36.845300,174.868000,2,2,0,0,0,0,0,0,pge:10805
PSF-000684,Piha North,-36.933500,174.457000,0,0,0,2,2,0,0,0,pge:10806
PSF-000685,Pic de Vissou,43.596600,3.350810,0,0,1,2,2,1,0,0,pge:10807
PSF-000686,Pagny la Blanche Cote,48.544000,5.708100,0,0,0,0,2,0,0,0,pge:10808
PSF-000687,Long Reef NE,-33.741340,151.314850,0,1,0,0,0,0,0,0,pge:10809;siteguide_au:129-34
PSF-000688,Reichenbach,50.278800,8.374800,0,0,0,0,1,2,1,0,pge:10810
PSF-000689,Halberg,50.160000,8.185800,0,0,0,2,2,0,0,0,pge:10811
PSF-000690,Gasleitung,50.232100,8.046000,0,0,0,2,0,0,0,0,pge:10812
PSF-000691,Pferdskopf,50.293400,8.430200,1,0,0,0,0,0,1,2,pge:10813
PSF-000692,Cooks Terrace,-33.687450,151.309040,0,1,1,0,0,0,0,0,pge:10814;siteguide_au:126-31
PSF-000693,Bocca della Selva,41.368600,14.522500,1,1,1,2,2,1,0,0,pge:10815
PSF-000694,Parapente los cerezos,4.925530,-73.906800,1,2,2,2,1,0,0,0,pge:10816
PSF-000695,Clennell Hill,55.366200,-2.113300,0,0,0,1,1,0,0,0,pge:10817
PSF-000696,Coldsmouth Hill,55.547300,-2.227900,0,0,2,0,0,0,2,2,pge:10818
PSF-000697,Hepburn Wood,55.500900,-1.876700,0,0,0,0,0,1,2,0,pge:10819
PSF-000698,INONU ESKISEHIR,39.811000,30.114100,2,2,0,0,0,0,0,1,pge:10822
PSF-000699,Poggio Bustone - Collinette,42.493900,12.897600,0,0,0,0,1,2,2,2,pge:10823
PSF-000700,Kambar,64.004300,-21.241000,0,1,2,1,0,0,0,0,pge:10824
PSF-000701,Tailbridge,54.440200,-2.302500,0,0,0,0,0,2,2,0,pge:10825
PSF-000702,Puketutu,-37.194900,175.019000,2,2,0,0,0,0,2,2,pge:10826
PSF-000703,Mszana,49.480800,21.646000,1,2,1,0,0,0,0,0,pge:10827
PSF-000704,big bird South,22.372500,120.902000,0,0,0,2,2,1,0,0,pge:10828
PSF-000705,Tre Finestre,41.455200,14.424500,0,0,0,2,2,2,0,0,pge:10829
PSF-000706,San Michele,41.165900,14.540400,0,0,0,0,0,2,2,0,pge:10831
PSF-000707,Gran Sasso - Montecristo,42.397200,13.566000,0,0,0,0,0,2,2,0,pge:10832
PSF-000708,Campocatino,41.832700,13.344700,0,0,0,0,0,2,2,0,pge:10833
PSF-000709,Leonessa - Tilia,42.558100,12.937400,2,2,2,0,0,0,0,0,pge:10834
PSF-000710,Colle delle Vacche -Sulmona,42.119100,13.924800,0,0,0,0,1,2,2,1,pge:10835
PSF-000711,Monte Farno,45.827800,9.902110,0,0,0,2,2,2,0,0,pge:10836
PSF-000712,Gubbio,43.365700,12.571200,0,0,0,0,1,2,2,2,pge:10837
PSF-000713,San Potito -Sant' Angiolillo,41.347000,14.433400,0,0,0,0,0,2,2,0,pge:10838
PSF-000714,Monte Subasio,43.046300,12.676400,0,0,0,1,2,2,2,2,pge:10841
PSF-000715,Roiano,42.695400,13.622600,0,2,2,0,0,0,0,0,pge:10842
PSF-000716,Gran Sasso - Montecristo basso,42.414800,13.557200,0,0,0,0,0,2,2,1,pge:10843
PSF-000717,Calvisi,41.331400,14.454100,0,0,0,0,1,2,0,0,pge:10845
PSF-000718,Campochiaro,41.437200,14.498400,2,2,2,0,0,0,0,0,pge:10846
PSF-000719,Prada,46.098300,10.907900,0,0,0,1,2,1,0,0,pge:10847
PSF-000720,Goveclik,37.769000,28.951500,2,2,1,1,0,0,1,2,pge:10848
PSF-000721,Bassano - Casette,45.828200,11.768100,0,0,0,0,1,2,2,0,pge:10849
PSF-000722,Jbeil,34.128800,35.642600,0,0,0,0,0,1,2,1,pge:10851
PSF-000723,Ozun,45.791500,25.911000,1,2,1,0,0,0,0,0,pge:10852
PSF-000724,Balea,45.604700,24.614500,2,1,0,0,0,0,0,1,pge:10853
PSF-000725,Cota 2000,45.589200,24.625900,0,0,0,1,2,1,0,0,pge:10854
PSF-000726,Luson / Luesen /Lüsen,46.762900,11.754500,0,0,0,1,2,1,0,0,pge:10855
PSF-000727,Krapi,35.313200,24.214100,2,1,0,0,0,0,0,1,pge:10856
PSF-000728,Le Fort,44.236000,5.482400,0,0,2,1,1,0,0,0,pge:10857
PSF-000729,St die - le kiosque,48.272100,6.932600,2,0,0,0,0,0,0,2,pge:10858
PSF-000730,Dedeh,34.386600,35.798900,1,0,0,0,0,0,1,2,pge:10859
PSF-000731,Masally Views,39.011200,48.497300,1,2,2,2,1,0,0,0,pge:10860
PSF-000732,Osmoy st Valery - Pente école,49.786500,1.301870,1,2,1,0,0,0,0,0,pge:10861
PSF-000733,Mrzlica,46.190000,15.100700,0,0,0,2,2,2,0,0,pge:10862
PSF-000734,Mont Jovet,45.485600,6.639300,0,0,0,2,2,0,0,0,pge:10863
PSF-000735,Bozel (Le Pre),45.456000,6.657100,1,0,0,0,0,2,2,1,pge:10864
PSF-000736,Mar del Plata acantilados,-38.119800,-57.594400,0,0,0,2,2,0,0,0,pge:10867
PSF-000737,Playa Varesse,-38.014700,-57.531600,0,0,0,2,2,2,0,0,pge:10868
PSF-000738,"Dongchuan, north face",26.134500,103.225000,0,0,0,0,2,2,2,0,pge:10870
PSF-000739,Leivonmaki,61.894000,26.187400,2,0,0,0,2,0,0,0,pge:10871
PSF-000740,Svihov,49.493400,13.266700,0,1,2,1,0,0,0,0,pge:10872
PSF-000741,Atel,46.184600,24.465700,1,0,0,0,0,0,1,2,pge:10873
PSF-000742,Los Estoraques,7.615800,-72.064300,0,0,2,2,1,0,0,0,pge:10874
PSF-000743,Muanda,45.600900,7.964600,0,0,0,2,2,2,0,0,pge:10875
PSF-000744,Neumagen-Dhron,49.877400,6.887700,0,2,2,2,0,0,0,0,pge:10876
PSF-000745,Pine Gap,-23.792500,133.540000,2,1,0,0,0,0,0,0,pge:10877
PSF-000746,Mount Banyak (Gunung Banyak),-7.855600,112.496000,0,1,2,1,0,0,0,0,pge:10878
PSF-000747,Karioitahi A,-37.276000,174.653000,0,0,0,0,1,2,2,0,pge:10879
PSF-000748,Karioitahi E,-37.286800,174.658000,0,0,0,0,0,2,2,0,pge:10880
PSF-000749,Port Waikato,-37.402200,174.708000,1,0,0,0,0,0,1,2,pge:10881
PSF-000750,Ottawa paragliding school,45.452200,-75.466800,2,2,2,2,2,2,2,2,pge:10882
PSF-000751,PyeongChang,37.380900,128.422000,1,0,0,0,1,2,2,2,pge:10883
PSF-000752,Bello Horizonte,3.620950,-76.168500,2,0,0,0,0,2,2,2,pge:10884
PSF-000753,Dikmen,40.665700,30.898600,0,0,0,0,0,0,0,0,pge:10885
PSF-000754,Aloburo,0.377648,-78.081200,0,0,2,0,0,2,2,2,pge:10886
PSF-000755,Monte Tubenna (Napoli- Neapel),40.708800,14.846000,0,0,0,1,1,2,1,0,pge:10887
PSF-000756,Port a Binson,49.072600,3.762500,2,0,0,0,0,0,0,1,pge:10888
PSF-000757,Plivot,49.009400,4.085100,1,2,1,2,1,2,1,2,pge:10889
PSF-000758,Chambrecy,49.183600,3.842400,0,2,0,0,0,0,0,0,pge:10890
PSF-000759,Longridge fell,53.865900,-2.513800,2,1,0,0,0,0,0,2,pge:10892
PSF-000760,Chatillon sur Marne,49.105000,3.745800,0,0,0,0,2,1,0,0,pge:10893
PSF-000761,Vandières,49.105800,3.709200,0,0,0,2,0,0,0,0,pge:10894
PSF-000762,Vincelles,49.099900,3.653200,0,0,0,0,2,0,0,0,pge:10895
PSF-000763,Roldanillo - Los Tanques,4.476260,-76.153500,0,2,2,2,0,0,0,0,pge:10896
PSF-000764,College Savannah,13.182400,-59.458000,0,2,0,0,0,0,0,0,pge:10897
PSF-000765,Mount Pleasant,13.160000,-59.470700,0,1,2,1,0,0,0,0,pge:10898
PSF-000766,Monavullagh,52.190000,-7.588700,0,0,0,0,1,1,2,1,pge:10899
PSF-000767,Aberfoyle,56.188400,-4.402280,0,0,0,0,2,2,0,0,pge:10900
PSF-000768,The Vee,52.247100,-7.943000,2,1,0,0,0,0,0,1,pge:10901
PSF-000769,Knockanaffrin,52.302400,-7.594500,0,0,0,0,0,1,2,1,pge:10902
PSF-000770,Vertus,48.901300,3.989000,0,0,1,2,0,0,0,0,pge:10903
PSF-000771,Rusty Pelican,19.784000,-90.631700,0,0,0,0,0,0,0,2,pge:10904
PSF-000772,Pusty Hrad,48.556200,19.108800,1,0,0,0,0,1,2,2,pge:10905
PSF-000773,Havsten,58.323300,11.711100,0,1,2,1,0,0,0,0,pge:10906
PSF-000774,El cuatro,4.135800,-73.682200,0,2,2,1,0,0,0,0,pge:10907
PSF-000775,Kyiryizdakhna Gates,41.263600,48.290300,2,2,2,2,0,0,0,2,pge:10908
PSF-000776,Kokol Hill,6.029100,116.210000,0,0,0,0,0,2,2,0,pge:10909
PSF-000777,Kralovecky Spicak,50.657500,15.988500,0,0,0,0,0,2,2,0,pge:10911
PSF-000778,Radobyl,50.530300,14.093200,0,0,0,2,2,2,0,0,pge:10912
PSF-000779,"Bukit Simsim, Sandakan",5.841700,118.099000,0,0,2,2,0,0,0,0,pge:10913
PSF-000780,"Trig Hill, Sandakan",5.841700,118.099000,0,0,2,2,0,0,0,0,pge:10914
PSF-000781,Circus Airfield,-26.488700,28.058700,2,2,2,2,2,2,2,2,pge:10915
PSF-000782,prat d'Albis,42.921500,1.581600,1,1,1,0,0,0,1,2,pge:10916
PSF-000783,Ceres Mountain,-33.250000,19.466700,0,0,0,1,2,1,0,0,pge:10917
PSF-000784,Lubon Wielki,49.652600,19.992500,2,2,0,0,0,0,0,0,pge:10918
PSF-000785,Pachavita,5.134920,-73.386300,0,2,2,2,0,0,0,0,pge:10919
PSF-000786,Bucaramanga / Ruitoque - Vuelo Libre (Parque Parapente Interanti,7.029720,-73.099400,1,0,0,0,0,0,1,2,pge:10920
PSF-000787,Chinnor,51.699700,-0.890400,0,0,0,0,0,0,0,2,pge:10921
PSF-000788,Glyderau,53.090500,-3.999100,0,0,0,1,2,1,0,0,pge:10923
PSF-000789,Lossburn Reservoir back of Dumyat,56.174900,-3.892590,0,0,2,2,2,2,2,0,pge:10924
PSF-000790,Loc. Caranna Cisternino,40.778000,17.420200,2,0,0,0,0,0,0,2,pge:10928
PSF-000791,Las Contiendas,41.485900,-5.562300,2,0,0,0,0,2,2,2,pge:10931
PSF-000792,La Viste,43.361100,5.355800,0,0,0,0,1,1,2,1,pge:10932
PSF-000793,Pedreira,-16.718000,-43.898400,0,2,2,0,0,0,0,0,pge:10933
PSF-000794,Ross,55.526700,-5.166900,0,2,2,0,0,0,0,0,pge:10934
PSF-000795,Suidhe Fhearghas,55.660000,-5.199100,2,2,0,0,0,0,0,0,pge:10935
PSF-000796,Brownhead,55.484600,-5.324000,0,0,0,0,0,2,1,0,pge:10936
PSF-000797,Drumadoon,55.513300,-5.347500,0,0,0,0,0,0,0,2,pge:10937
PSF-000798,Thundergay,55.654200,-5.340800,0,0,0,0,0,0,0,2,pge:10938
PSF-000799,Goat Fell,55.625900,-5.191700,2,0,0,2,0,2,2,0,pge:10939
PSF-000800,El Risco,41.413700,-5.409000,0,0,0,0,1,2,2,1,pge:10940
PSF-000801,mirtiotisa,39.599500,19.795100,0,0,0,1,2,1,0,0,pge:10941
PSF-000802,troumpetas,39.708900,19.760400,0,0,0,1,2,2,0,0,pge:10942
PSF-000803,Fismes,49.292200,3.665600,0,0,2,0,0,0,0,0,pge:10943
PSF-000804,Mahstesh Ha-Gadol,30.935700,35.020700,1,0,0,0,0,0,0,2,pge:10944
PSF-000805,agios gordis,39.538800,19.858700,2,0,0,0,0,2,2,2,pge:10945
PSF-000806,Bradesti Fenyedi,46.337000,25.324900,0,0,0,0,0,0,0,0,pge:10946
PSF-000807,Embesos,39.003500,21.330200,0,0,0,0,0,1,2,1,pge:10947
PSF-000808,montefiascone,42.552400,12.020100,0,0,0,0,2,2,2,2,pge:10948
PSF-000809,La Geroma,41.546900,-5.562300,1,0,0,0,0,2,1,0,pge:10949
PSF-000810,Teresopolis -Granja Mafra,-22.302500,-42.911700,2,2,2,0,2,0,0,2,pge:10950
PSF-000811,Capaccio,40.448800,15.049600,0,0,0,0,1,2,2,1,pge:10951
PSF-000812,Nassach,49.036200,9.409500,0,0,0,0,0,1,2,0,pge:10952
PSF-000813,Talybont,51.856400,-3.375500,0,0,0,2,2,2,0,1,pge:10953
PSF-000814,Monte Cosce,42.405900,12.632400,0,0,0,0,0,2,2,2,pge:10954
PSF-000815,Laffrey Les Tibannes,45.036400,5.784010,2,1,0,0,0,0,0,1,pge:10955
PSF-000816,LA SIERRA,-34.170000,-59.020000,2,2,2,2,2,2,2,2,pge:10958
PSF-000817,ARECO FLY,-34.181400,-59.501400,2,2,2,2,2,2,2,2,pge:10959
PSF-000818,Agave Hill,31.913000,-106.507000,0,0,0,0,0,2,2,1,pge:10960
PSF-000819,pantokratoras,39.747500,19.872200,0,0,0,2,2,0,0,0,pge:10961
PSF-000820,Concepcion,-27.340000,-65.590000,2,2,2,2,2,2,2,2,pge:10962
PSF-000821,Sierra de la Ventana,-38.080000,-61.970000,2,2,0,0,0,0,0,2,pge:10963
PSF-000822,Toay,-36.710000,-64.430000,2,2,2,2,2,2,2,2,pge:10964
PSF-000823,Parada Leis,-27.610000,-55.910000,2,2,2,2,2,2,2,2,pge:10965
PSF-000824,Tafi del Valle,-26.850000,-65.670000,0,0,2,2,2,2,0,0,pge:10966
PSF-000825,Sky Baranda places,45.767500,18.741300,1,2,1,0,1,2,1,0,pge:10967
PSF-000826,Samatovci Luftwaffe plac,45.591300,18.492000,2,1,0,1,2,1,0,1,pge:10968
PSF-000827,Lorens,-31.774100,151.556000,2,1,0,1,2,2,0,1,pge:10969
PSF-000828,Skarsfjellet,62.905900,12.019700,0,0,0,2,2,2,2,0,pge:10970
PSF-000829,Stradomka,49.919400,20.315100,0,0,0,0,1,2,0,0,pge:10971
PSF-000830,Uruguai,35.223600,24.793500,1,0,0,1,0,0,0,2,pge:10972
PSF-000831,Agathias,35.220700,24.776600,1,1,1,2,2,0,0,0,pge:10973
PSF-000832,stolistra,35.232400,24.765400,2,0,0,0,0,0,1,2,pge:10974
PSF-000833,Catray,46.110700,5.756900,0,1,1,1,0,0,0,0,pge:10975
PSF-000834,Kostandenets,43.560800,26.215700,2,0,0,0,2,2,2,2,pge:10978
PSF-000835,Bagnolo -ciccio fly,44.168800,11.899500,0,0,2,0,0,0,0,0,pge:10983
PSF-000836,cusercoli,44.048900,11.990300,0,1,2,0,0,0,0,0,pge:10985
PSF-000837,wind valley - valle del vento,44.084700,12.005300,0,0,0,0,0,2,1,0,pge:10987
PSF-000838,Gucevo,44.496600,19.171100,2,2,1,0,0,1,2,2,pge:10988
PSF-000839,Muhraka,32.688600,35.092400,0,0,1,2,0,0,0,0,pge:10989
PSF-000840,Psiloritis-Akolita,35.197900,24.796700,2,1,1,2,2,1,2,2,pge:10990
PSF-000841,Psiloritis-Nida,35.207200,24.839100,2,0,1,2,1,0,0,1,pge:10991
PSF-000842,Big Bird  East,22.373500,120.902000,2,2,2,2,2,2,0,0,pge:10993
PSF-000843,Psiloritis-Vistagi,35.229900,24.745300,2,0,0,0,2,2,2,2,pge:10994
PSF-000844,Vien Nam mountain,20.981400,105.442000,0,2,2,1,0,0,0,0,pge:10995
PSF-000845,Kiting Park (Las Vegas),36.127900,-115.277000,2,2,2,2,2,2,2,2,pge:10996
PSF-000846,Odrinci,43.517600,27.705600,0,2,2,2,0,0,0,0,pge:10998
PSF-000847,Czeszka,50.628800,16.606700,1,1,1,0,0,0,0,0,pge:10999
PSF-000848,Camrose Ridge,52.789800,-112.689000,0,0,0,1,2,1,0,0,pge:11000
PSF-000849,Amatava,-24.135200,29.085200,2,2,0,0,1,2,1,2,pge:11001
PSF-000850,Tak Alti,37.980300,46.637500,0,0,1,1,2,2,1,0,pge:11002
PSF-000851,Azarshahr,37.675900,45.972100,2,1,0,0,1,1,1,2,pge:11004
PSF-000852,Gomide,41.724800,-8.379400,0,0,0,1,2,2,0,0,pge:11005
PSF-000853,tarom #1 site(ya ali),36.803300,48.870500,2,2,2,1,0,0,0,0,pge:11006
PSF-000854,Steinbach,48.718100,12.091700,0,0,2,0,0,0,2,0,pge:11007
PSF-000855,Cerro Challupen,-39.477700,-72.121000,0,0,0,0,0,2,2,0,pge:11008
PSF-000856,Panguipulli,-39.653400,-72.195500,0,0,0,0,0,2,2,1,pge:11009
PSF-000857,tarom #2 site(ya zahra),36.810200,48.891200,2,2,2,1,1,0,2,2,pge:11011
PSF-000858,tarom #3site(ya hoseyn),36.810800,48.912000,2,2,1,0,0,0,1,2,pge:11012
PSF-000859,troumpetas north,39.709900,19.750900,2,0,0,0,0,0,0,1,pge:11013
PSF-000860,Gavazang,36.713800,48.532300,0,0,0,1,2,1,1,0,pge:11014
PSF-000861,Ghare Tape,36.597300,48.514600,2,2,2,2,2,2,2,2,pge:11015
PSF-000862,Zarni,36.875000,48.738800,2,1,2,0,0,0,0,1,pge:11017
PSF-000863,Sant Pere de Torello,42.099800,2.293600,0,0,0,0,2,2,0,0,pge:11018
PSF-000864,Cingles de Bertí,41.713100,2.183500,0,0,2,2,2,0,0,0,pge:11019
PSF-000865,Rampa do Pai de Cobra,-16.376900,-43.684700,0,2,1,0,0,0,0,0,pge:11020
PSF-000866,Estiar,38.025000,46.616300,0,0,0,0,0,1,2,1,pge:11021
PSF-000867,Practice Site,38.041500,46.362000,2,2,2,2,2,2,2,2,pge:11023
PSF-000868,Winzerer Hoehen,49.035000,12.058600,0,0,0,0,2,2,0,0,pge:11024
PSF-000869,Kaitersberg,49.173000,12.951000,0,0,0,0,2,0,0,0,pge:11025
PSF-000870,Voithenberg,49.334800,12.792400,0,0,2,2,0,0,0,0,pge:11026
PSF-000871,Sant Pere de Rodes,42.322000,3.164100,1,2,0,0,1,2,0,0,pge:11027
PSF-000872,bozvelijsko,43.095500,27.444500,0,2,2,2,0,0,0,0,pge:11028
PSF-000873,Garlock,35.418000,-117.850000,0,0,0,2,1,0,0,0,pge:11029
PSF-000874,Corndon,52.561700,-3.023100,2,2,2,2,2,0,0,0,pge:11030
PSF-000875,foios,40.258600,-6.885800,0,0,1,1,2,1,0,0,pge:11031
PSF-000876,Geno Takavar,27.400000,56.180800,0,0,0,2,2,2,0,0,pge:11032
PSF-000877,Knocknarea,54.260800,-8.577300,2,2,0,0,1,2,2,2,pge:11034
PSF-000878,John Crow Hill,17.968800,-77.716000,0,0,0,1,2,2,2,1,pge:11035
PSF-000879,Freehill,18.419800,-77.267400,2,2,2,0,0,0,0,0,pge:11036
PSF-000880,Radar,41.047900,49.037000,2,2,2,1,0,0,0,1,pge:11037
PSF-000881,Lilienthal - Huegel,51.063900,13.717500,2,1,0,0,0,0,1,1,pge:11038
PSF-000882,Voula - low take off,37.849600,23.788300,0,0,0,1,2,1,0,0,pge:11039
PSF-000883,Bannholz,49.099700,8.987700,0,0,0,0,0,0,2,1,pge:11040
PSF-000884,Aspropirgos - kiting zone,38.055500,23.623300,2,1,0,0,0,0,0,1,pge:11042
PSF-000885,Kakia Thalassa,37.848500,24.043100,0,0,0,1,2,0,0,0,pge:11043
PSF-000886,Badem Agaci,37.221900,30.473600,2,2,2,2,0,0,0,0,pge:11046
PSF-000887,Nantymoel,51.637300,-3.532100,0,0,0,0,1,2,1,0,pge:11047
PSF-000888,Zibrica,48.365900,18.147800,0,0,0,0,0,0,2,0,pge:11048
PSF-000889,El Castillo,4.546100,-75.616100,1,0,0,0,1,2,2,2,pge:11049
PSF-000890,Zobor,48.342700,18.105000,0,0,0,2,2,0,0,0,pge:11050
PSF-000891,Sharona,32.725200,35.476900,0,2,2,2,0,0,0,0,pge:11051
PSF-000892,Yavneel,32.700100,35.492200,0,1,2,1,0,0,0,0,pge:11053
PSF-000893,Har Hari,32.953400,35.372700,0,0,0,0,0,0,0,0,pge:11054
PSF-000894,Baião Teste,41.170000,-8.046000,0,0,0,1,2,1,0,0,pge:11055
PSF-000895,baião teste,41.171100,-8.045400,0,2,2,2,2,0,0,0,pge:11056
PSF-000896,Mrzezino,54.649500,18.428000,0,0,0,2,2,2,0,0,pge:11057
PSF-000897,Munnar,10.105700,77.092300,0,0,0,1,1,2,1,0,pge:11058
PSF-000898,Sollie Smith,45.490800,-123.768000,0,0,0,0,0,1,2,0,pge:11059
PSF-000899,Saint Hippolyte le Graveyron,44.132500,5.074970,0,0,0,1,2,0,0,0,pge:11060
PSF-000900,Concei,45.922100,10.755300,0,0,0,0,1,2,1,0,pge:11061
PSF-000901,Makrimaliana,35.096600,24.718700,0,0,0,1,2,1,0,0,pge:11062
PSF-000902,Gödöllői reptér - Gödöllő airport,47.576100,19.334700,0,0,0,2,0,0,0,2,pge:11063
PSF-000903,Tierz,42.130800,-0.336300,0,0,0,0,0,0,2,0,pge:11064
PSF-000904,Santa Orosia,42.515700,-0.288048,0,0,0,0,2,2,2,1,pge:11065
PSF-000905,Hecho - Borda Serrano y Planas,42.741000,-0.728800,1,0,0,0,1,2,2,2,pge:11066
PSF-000906,ping pu tso san,22.324700,120.649000,1,0,0,0,1,2,2,2,pge:11067
PSF-000907,Skinny Ridge,39.680200,-107.536000,0,0,0,1,2,1,0,0,pge:11068
PSF-000908,Williams Peak (Heeney),39.911500,-106.255000,0,0,0,0,0,2,2,1,pge:11069
PSF-000909,Ruthies Launch (Aspen afternoon),39.166800,-106.829000,0,0,0,0,0,0,0,0,pge:11070
PSF-000910,Jones Pass,39.770400,-105.888000,0,0,0,0,0,0,0,0,pge:11071
PSF-000911,Kenosha Pass,39.414600,-105.773000,0,0,0,1,2,1,0,0,pge:11072
PSF-000912,Roan (Rifle),39.596000,-107.890000,0,0,1,2,2,0,0,0,pge:11073
PSF-000913,Grand Mesa,39.024600,-108.222000,0,0,0,0,2,2,2,0,pge:11074
PSF-000914,Reeder Mesa,38.980600,-108.322000,1,0,0,0,0,0,1,2,pge:11075
PSF-000915,Villa Grove,38.291500,-105.882000,0,0,0,0,1,2,1,0,pge:11076
PSF-000916,Forbes airfield,-33.361200,147.933000,2,2,2,2,2,2,2,2,pge:11077
PSF-000917,Naszály,47.831200,19.143500,0,0,0,2,1,1,0,0,pge:11078
PSF-000918,Nazare,39.604600,-9.078700,0,0,0,1,2,1,0,0,pge:11079
PSF-000919,Danyang,36.995700,128.397000,1,0,0,0,0,1,1,2,pge:11080
PSF-000920,Visconde de Mauá,-22.341300,-44.524500,0,0,0,2,2,2,0,0,pge:11081
PSF-000921,Giethoorn,52.754500,6.077100,1,2,1,0,1,2,1,0,pge:11082
PSF-000922,Schattberg  (Hinterglemm),47.364300,12.621600,2,1,0,0,1,2,2,2,pge:11083
PSF-000923,Hinterglemm (Zwolferkogel),47.356700,12.566600,2,1,2,2,2,1,2,2,pge:11084
PSF-000924,Kirtik 300,38.602100,27.460800,1,2,1,0,0,0,0,0,pge:11085
PSF-000925,Coronet Peak,-44.928900,168.735000,0,1,1,1,2,1,1,1,pge:11086
PSF-000926,Karahuyuk Dagi-Akhisar,38.881000,27.813400,0,2,1,0,0,0,0,0,pge:11087
PSF-000927,Kale-Derekoy,38.922400,27.673800,2,1,0,0,0,0,0,1,pge:11088
PSF-000928,Chamery,49.164900,3.953300,1,2,0,0,0,0,0,0,pge:11089
PSF-000929,falasarna,35.483100,23.594100,0,0,0,0,0,2,2,2,pge:11091
PSF-000930,Jenzig northwest,50.940000,11.624300,0,0,0,0,0,0,1,2,pge:11093
PSF-000931,Leuchtenburg,50.800800,11.610300,0,0,0,0,0,2,1,0,pge:11094
PSF-000932,Strandbjerggaard,56.091700,12.145000,0,0,0,0,0,0,0,2,pge:11095
PSF-000933,Mare de Deu del Mont,42.258100,2.707900,0,0,0,0,2,0,0,0,pge:11096
PSF-000934,Laucha,51.247200,11.686800,0,0,0,0,0,2,1,0,pge:11097
PSF-000935,Saint Amand Nord,44.186200,5.068400,1,0,0,0,0,0,0,2,pge:11098
PSF-000936,El Grado,42.154100,0.254488,0,0,0,1,2,2,2,1,pge:11099
PSF-000937,Saint Jean de Sault,44.041300,5.403500,0,0,0,0,0,1,2,2,pge:11101
PSF-000938,Meribel,45.377800,6.609700,2,0,0,0,0,1,1,2,pge:11102
PSF-000939,"jindzen, dong huh",22.943500,121.279000,0,2,2,2,0,0,0,0,pge:11103
PSF-000940,"dulan 1, the finger",22.861400,121.190000,2,2,1,2,2,1,0,0,pge:11104
PSF-000941,Dulan 2 N elbow,22.867500,121.185000,2,2,2,0,0,0,0,1,pge:11105
PSF-000942,Jin Loon 1000,22.572500,120.942000,2,2,2,2,2,2,0,0,pge:11106
PSF-000943,jindzen san S point,22.611100,120.982000,2,2,2,0,0,0,0,0,pge:11107
PSF-000944,Li Jya,22.790700,121.053000,2,2,2,2,2,1,0,1,pge:11108
PSF-000945,Stop and drop,22.389400,120.916000,1,2,2,2,1,0,0,0,pge:11109
PSF-000946,Castillonroi,41.895000,0.532279,0,0,0,0,2,2,0,0,pge:11110
PSF-000947,Tarnica,49.075000,22.726600,2,2,2,2,2,2,2,2,pge:11111
PSF-000948,Benalmadena -Hotel Holiday World,36.574300,-4.584400,0,0,0,2,0,0,0,0,pge:11112
PSF-000949,Van Ash,-43.584600,172.761000,2,0,0,0,0,0,0,0,pge:11114
PSF-000950,Tenerife - Ladera de Los Cristianos,28.039500,-16.707300,0,0,0,0,0,0,1,2,pge:11115
PSF-000951,Popricani,47.298700,27.503700,1,0,0,0,0,0,0,2,pge:11116
PSF-000952,Croix Rampau - Poleymieux,45.867600,4.801440,2,1,0,0,0,0,0,1,pge:11117
PSF-000953,Spinoasa,47.247700,27.184100,1,2,0,0,0,0,0,0,pge:11118
PSF-000954,Schitu Duca,47.009300,27.800300,0,0,0,0,0,2,1,0,pge:11119
PSF-000955,Tipilesti,47.301500,27.472800,0,2,0,0,0,0,0,0,pge:11120
PSF-000956,Letcani NE,47.183500,27.383800,0,2,0,0,0,0,0,0,pge:11121
PSF-000957,Letcani W,47.175000,27.419000,1,0,0,0,0,0,2,0,pge:11122
PSF-000958,Spinoasa E,47.255800,27.172500,0,1,2,0,0,0,0,0,pge:11123
PSF-000959,Strahinjcica South,46.185400,15.895900,0,0,0,2,2,1,0,0,pge:11124
PSF-000960,Menkijärvi EFME,62.947800,23.513700,0,2,0,0,0,2,0,0,pge:11125
PSF-000961,"Halkosaari,Lakeus, peltotie, field road",62.854800,22.775300,2,1,1,1,2,1,1,1,pge:11126
PSF-000962,EFKJ,62.460600,22.379800,0,2,1,0,0,2,1,0,pge:11127
PSF-000963,"EFKA, Kauhava",63.113900,23.045900,2,1,0,1,2,1,0,1,pge:11129
PSF-000964,"EFKV, Kivijärvi",63.127900,25.118400,0,0,0,2,0,0,0,2,pge:11130
PSF-000965,Priseaca,45.291400,25.208700,0,0,2,2,2,2,2,2,pge:11131
PSF-000966,Pavagadh,22.470200,73.515800,0,2,2,2,0,0,1,1,pge:11133
PSF-000967,Ousorul,47.383500,25.257200,2,2,2,2,2,2,1,0,pge:11134
PSF-000968,Prisaca Dornei,47.527100,25.616400,2,2,1,1,0,0,0,0,pge:11135
PSF-000969,Highes,46.935700,25.804700,0,1,2,2,0,2,2,1,pge:11136
PSF-000970,Ceahlau,46.980800,25.953800,1,0,0,0,0,0,1,2,pge:11137
PSF-000971,Morro do Sabao - Ilha do Mel,-25.564600,-48.300800,2,2,0,2,0,0,0,0,pge:11139
PSF-000972,Skivum Winch,56.866100,9.592970,2,2,2,1,0,1,2,2,pge:11140
PSF-000973,Istra,56.046400,36.814600,2,1,1,1,1,1,1,1,pge:11143
PSF-000974,Grands Montets,45.947800,6.960000,0,0,0,0,0,2,2,1,pge:11144
PSF-000975,Ahentrias,35.001400,25.207400,2,1,0,0,0,0,0,0,pge:11149
PSF-000976,Choa Saidan Shah,32.733900,73.004200,2,1,0,0,0,0,0,1,pge:11151
PSF-000977,Rumbula,56.885300,24.219400,1,0,1,2,1,0,1,2,pge:11152
PSF-000978,Domes de Miages,45.813800,6.793800,1,1,1,1,1,1,1,2,pge:11153
PSF-000979,Astebyhojden,60.315600,12.980900,1,2,1,0,0,0,0,0,pge:11154
PSF-000980,Pissouri,34.668800,32.743000,0,2,1,0,0,0,0,0,pge:11155
PSF-000981,Branas,60.653300,12.944700,0,1,1,2,0,0,0,0,pge:11156
PSF-000982,Hosas,59.293100,12.753100,0,0,0,1,2,0,0,0,pge:11157
PSF-000983,Rankesnipen,59.696300,12.367500,0,0,0,0,0,2,1,0,pge:11158
PSF-000984,Lambacken,60.293300,12.688500,1,2,1,0,0,0,0,0,pge:11159
PSF-000985,Ninho das Aguias (Novo Petropolis),-29.352300,-51.164400,2,0,0,0,1,0,2,2,pge:11160
PSF-000986,Mount Bargiglio - Diecimo,43.981900,10.500400,0,0,0,0,2,2,1,0,pge:11161
PSF-000987,Syssleback,60.711100,12.902800,0,0,0,0,0,2,1,0,pge:11162
PSF-000988,Brattfors,59.608900,13.913600,2,1,2,1,2,1,2,1,pge:11163
PSF-000989,Ninho das Águias Sul (Nova Petropolis),-29.318200,-51.151500,0,0,0,1,2,1,0,0,pge:11164
PSF-000990,Mt Anderson,-25.085300,30.670700,0,0,2,2,1,0,0,0,pge:11166
PSF-000991,Mauchberg(MacMac),-24.998800,30.761000,0,1,2,2,1,0,0,0,pge:11167
PSF-000992,Mauchberg(Sabie Ridge),-25.030700,30.756200,0,0,1,2,1,0,0,0,pge:11168
PSF-000993,Gilboa Mount Shaul,32.534100,35.376300,0,2,2,1,0,0,0,0,pge:11169
PSF-000994,Fox River,45.400600,-64.527600,0,0,0,0,1,2,1,0,pge:11171
PSF-000995,Vagamon - Summer Sands,9.655300,76.927600,1,1,0,0,0,0,0,0,pge:11172
PSF-000996,Zaachila,16.932800,-96.853200,1,2,2,2,1,0,0,0,pge:11173
PSF-000997,White Mountain,60.302300,-133.947000,0,0,0,1,2,1,1,0,pge:11175
PSF-000998,Vlaherna - Agrinion,38.654400,21.397100,0,0,0,0,0,1,2,0,pge:11176
PSF-000999,Tunbridge Tiers,-42.129000,147.275000,0,2,2,0,0,0,0,0,pge:11177
PSF-001000,Petrohori,38.547100,21.645600,0,0,0,0,0,1,2,0,pge:11178
PSF-001001,Palaiokaria,38.618300,21.563900,0,0,0,0,2,2,0,0,pge:11179
PSF-001002,Retsina,38.433000,21.401700,0,0,0,0,1,2,1,0,pge:11180
PSF-001003,Mecke-Info,49.379100,8.208100,2,1,1,1,2,1,1,1,pge:11182
PSF-001004,Menidi,39.041600,21.130400,0,0,0,0,0,2,1,0,pge:11183
PSF-001005,Varasova,38.371300,21.577500,0,0,0,0,1,2,1,1,pge:11184
PSF-001006,Paravola,38.635500,21.522200,0,0,0,0,0,1,2,0,pge:11185
PSF-001007,Jonchery,49.305200,3.823900,0,0,0,1,2,0,0,0,pge:11186
PSF-001008,Pevy,49.315000,3.849800,0,0,0,0,2,0,0,0,pge:11187
PSF-001009,Selsley Common,51.726800,-2.250890,1,0,0,0,0,0,0,2,pge:11188
PSF-001010,Masue Hill,-2.007650,37.458500,0,0,2,2,0,0,0,0,pge:11189
PSF-001011,Vista Mountain,60.932200,-135.222000,2,2,0,2,0,0,1,1,pge:11191
PSF-001012,Sodbusters,61.020100,-135.214000,0,0,0,0,0,2,2,1,pge:11192
PSF-001013,Little Fox Lake,61.347400,-135.637000,0,0,0,0,1,2,1,0,pge:11193
PSF-001014,Eagle Site - Jakes Corner,60.361300,-133.920000,0,1,1,2,1,0,0,0,pge:11194
PSF-001015,Minto Landing,62.577000,-136.793000,0,0,0,0,1,2,1,0,pge:11195
PSF-001016,Stewart Crossing,63.409000,-136.776000,0,0,0,0,2,2,0,0,pge:11197
PSF-001017,Klondike - Tombstone Campground,64.521100,-138.230000,0,0,0,1,2,1,0,0,pge:11198
PSF-001018,Klondike - Tombstone Goldensides,64.526400,-138.199000,0,0,0,0,1,2,1,0,pge:11199
PSF-001019,Klondike - Tombstone Angelcomb,64.604700,-138.275000,0,0,0,0,1,2,1,0,pge:11200
PSF-001020,Dawson - Dome,64.067700,-139.396000,1,0,0,2,2,2,0,2,pge:11201
PSF-001021,Klondike - US-Canada Border,64.109000,-140.793000,0,0,0,0,0,0,0,2,pge:11202
PSF-001022,Fraser Lake,59.719800,-135.094000,0,1,1,2,2,2,0,0,pge:11203
PSF-001023,Dawson - King Solomon Dome,63.868000,-138.954000,2,1,0,0,0,0,0,1,pge:11205
PSF-001024,Carcross Desert Training Hill,60.188600,-134.689000,0,0,0,0,0,2,0,0,pge:11206
PSF-001025,Teslin Tower,60.210600,-132.815000,0,0,0,1,2,1,0,0,pge:11208
PSF-001026,Richards Roost,60.537100,-134.371000,0,0,0,0,1,2,1,0,pge:11209
PSF-001027,Haines Junction Paint Mountain,60.825800,-137.510000,0,0,0,0,2,0,0,0,pge:11210
PSF-001028,Three Guardsmen Pass,59.598600,-136.471000,0,1,1,2,2,1,0,0,pge:11211
PSF-001029,Abington (Site Closed!),55.501400,-3.735100,0,1,2,1,0,0,0,0,pge:11212
PSF-001030,Mountainview,60.774800,-135.083000,0,0,0,2,2,1,0,0,pge:11213
PSF-001031,Klondike - Keno,63.917900,-135.303000,0,0,0,0,0,0,0,0,pge:11214
PSF-001032,Xr Dze X,22.275600,120.662000,0,0,0,1,2,2,2,2,pge:11215
PSF-001033,Playa Larga,-54.802600,-68.222100,0,0,0,0,2,1,0,0,pge:11216
PSF-001034,Pojorata,47.527800,25.507500,2,2,1,0,0,2,1,1,pge:11217
PSF-001035,Tally-Ho,60.229400,-135.047000,0,1,1,2,1,1,0,0,pge:11218
PSF-001036,Black Park,-33.331700,-70.667500,0,0,0,0,0,2,0,0,pge:11219
PSF-001037,Alassio - Puerta del Sol,43.992300,8.159100,1,2,1,0,0,0,0,0,pge:11220
PSF-001038,Laigueglia - Capo Mele,43.965200,8.160700,1,2,2,1,0,0,0,0,pge:11221
PSF-001039,Andora -Rollo,43.946100,8.125000,1,2,2,2,1,0,0,0,pge:11222
PSF-001040,Finale Ligure,44.184100,8.373000,0,0,0,1,2,1,0,0,pge:11223
PSF-001041,Bergeggi,44.251500,8.440300,0,0,0,2,2,2,0,0,pge:11224
PSF-001042,Loma Maria,18.928600,-97.112200,0,2,2,1,1,0,0,0,pge:11225
PSF-001043,Roztoki Gorne,49.145000,22.354300,0,0,0,1,2,1,0,0,pge:11228
PSF-001044,Gunung Ledang,2.366030,102.609000,0,0,1,1,1,0,0,0,pge:11229
PSF-001045,wu jin,22.514800,120.942000,2,2,2,0,0,0,0,1,pge:11231
PSF-001046,Bray Head,53.187500,-6.080200,0,2,2,0,0,0,0,0,pge:11232
PSF-001047,60 egg mtn,23.222100,121.317000,2,0,0,0,2,2,2,2,pge:11234
PSF-001048,jr bun,22.676600,121.007000,2,2,2,0,0,0,0,0,pge:11235
PSF-001049,Alanya Sunway air sports,36.576500,31.970600,0,0,0,0,2,0,0,0,pge:11236
PSF-001050,Spotorno -basso,44.235000,8.424500,0,0,0,2,2,2,0,0,pge:11237
PSF-001051,Alassio - Monte Pisciavino,44.028600,8.163310,0,0,1,2,1,0,0,0,pge:11238
PSF-001052,Oubos,-33.990600,24.213200,0,0,0,1,2,1,0,0,pge:11239
PSF-001053,"Minaun, Achill Island",53.954700,-10.029200,1,0,0,2,0,0,0,2,pge:11240
PSF-001054,Ski Sunne,59.801600,13.023900,0,2,2,0,0,0,0,0,pge:11242
PSF-001055,Blacka Moor,53.320000,-1.584800,2,2,2,0,0,0,0,2,pge:11243
PSF-001056,Longstone Edge,53.254500,-1.696100,0,0,0,2,2,0,0,0,pge:11244
PSF-001057,yeh kwang san,22.966900,120.577000,2,2,0,0,0,2,2,2,pge:11246
PSF-001058,Veystan,36.302300,49.232700,0,0,0,0,0,0,2,0,pge:11247
PSF-001059,Duo Liang,22.508300,120.954000,1,2,2,2,1,0,0,0,pge:11250
PSF-001060,San Giacomo,45.917900,10.929200,0,0,0,0,2,2,1,0,pge:11251
PSF-001061,Atlanta Paragliding Enterprises (APE),34.310900,-83.332500,2,2,2,2,2,2,2,2,pge:11252
PSF-001062,Razboieni,47.205200,27.056500,1,0,0,0,0,0,2,2,pge:11254
PSF-001063,Jebel Fayah,25.067900,55.813700,1,0,0,0,0,0,1,2,pge:11256
PSF-001064,Fang San station,22.268700,120.665000,0,0,0,0,2,2,2,0,pge:11257
PSF-001065,Henninger Flats - No Safe Local LZ,34.190000,-118.088000,0,0,0,2,2,2,1,0,pge:11258
PSF-001066,Haystacks,-33.766300,18.665900,0,1,2,2,2,1,1,0,pge:11259
PSF-001067,Rognes,43.686000,5.370200,0,0,0,0,0,1,2,1,pge:11261
PSF-001068,Dawson - Dome North Launch,64.069100,-139.401000,0,0,0,0,0,0,0,0,pge:11264
PSF-001069,Dawson - Fire-tower,64.056100,-139.339000,0,0,0,0,0,0,0,0,pge:11266
PSF-001070,Dawson - Landing Zone,64.059400,-139.439000,0,0,0,0,0,0,0,0,pge:11267
PSF-001071,Klondike - Tombstone A,64.411800,-138.667000,0,0,0,0,0,0,0,0,pge:11268
PSF-001072,Klondike - Tombstone B,64.425800,-138.624000,0,0,0,0,0,0,0,0,pge:11269
PSF-001073,Klondike  - Tombstone 02,64.586700,-138.248000,0,0,0,0,0,0,0,0,pge:11275
PSF-001074,Klondike - Top-World Hwy 03,64.090800,-140.958000,0,0,0,0,0,0,0,0,pge:11276
PSF-001075,Klondike - Top-World Hwy 02,64.097500,-140.885000,0,0,0,0,0,0,0,0,pge:11277
PSF-001076,Klondike - Top-World Hwy 01,64.200400,-140.352000,0,0,0,0,0,0,0,0,pge:11278
PSF-001077,Xaxan,42.329900,-8.688100,0,0,2,1,0,0,0,0,pge:11280
PSF-001078,Buljarica,42.203700,18.993200,0,0,0,0,2,2,2,2,pge:11281
PSF-001079,Vrsuta,42.153300,19.085800,1,2,2,2,2,2,2,2,pge:11283
PSF-001080,Mojkovac,42.949300,19.510800,2,2,2,2,0,0,0,0,pge:11284
PSF-001081,nan xr,22.317400,120.650000,0,0,1,2,2,2,2,1,pge:11285
PSF-001082,Seefin NE (Co.Kerry),52.058000,-9.900000,2,2,0,0,0,0,0,0,pge:11287
PSF-001083,Gomont,49.510400,4.175100,0,0,0,2,0,0,0,0,pge:11289
PSF-001084,Camun,32.903400,35.363400,0,1,1,2,0,0,0,0,pge:11290
PSF-001085,Tsukuba -NiihariKomachi,36.171700,140.166000,0,0,1,2,2,1,0,0,pge:11291
PSF-001086,Aiguille du Midi -S / N,45.880700,6.896020,2,1,0,1,2,1,0,1,pge:11292
PSF-001087,Section 16,38.824400,-104.897000,0,1,2,1,0,0,0,0,pge:11293
PSF-001088,Flegere,45.968500,6.876500,0,0,1,2,2,1,0,0,pge:11294
PSF-001089,Gran Canaria - Isleta,28.166700,-15.436000,0,2,0,0,0,0,0,0,pge:11296
PSF-001090,Disgwylfa Fawr,52.442800,-3.860600,1,0,0,0,0,0,1,2,pge:11298
PSF-001091,Preseli's,51.954700,-4.784500,2,1,2,2,2,0,0,2,pge:11299
PSF-001092,Mt BangJang,35.449100,126.738000,2,0,0,0,1,2,2,2,pge:11300
PSF-001093,Tiz'n Test,30.860500,-8.377000,0,0,0,1,2,1,0,0,pge:11301
PSF-001094,Trawalua Strand,54.433800,-8.470700,0,0,0,0,0,0,0,2,pge:11302
PSF-001095,Pt Burwell,42.643900,-80.792500,0,0,0,0,2,2,0,0,pge:11303
PSF-001096,Mrzezino g. wsch.,54.660700,18.460300,0,0,2,2,0,0,0,0,pge:11307
PSF-001097,Blue Point,43.096200,-82.130400,2,1,0,0,0,0,0,1,pge:11310
PSF-001098,Mira,0.545633,-78.023500,0,0,0,0,0,2,0,0,pge:11311
PSF-001099,Petra Tou Romiou,34.662800,32.640300,0,0,0,0,1,2,0,0,pge:11312
PSF-001100,Fassoula,34.747600,32.638800,0,0,0,0,0,0,2,2,pge:11313
PSF-001101,Pir Chinasi,34.384000,73.544600,0,1,1,1,1,2,2,1,pge:11314
PSF-001102,Epilas,34.775000,33.200000,0,0,0,2,2,1,0,0,pge:11315
PSF-001103,Zenica,44.180500,17.913500,2,2,1,0,0,0,0,1,pge:11316
PSF-001104,Lisac - Zenica,44.262600,17.846700,0,1,2,2,2,1,1,0,pge:11317
PSF-001105,Hillend (Restricted),55.882100,-3.214200,2,1,1,2,0,0,0,1,pge:11319
PSF-001106,Otto's Ridge,39.278900,-108.995000,0,1,2,1,0,0,0,0,pge:11320
PSF-001107,Fasterholt Hanggliding and Paragliding Center,56.002800,9.094450,2,2,2,2,2,2,2,2,pge:11321
PSF-001108,Clara,52.049000,-9.094000,2,2,0,0,0,0,2,2,pge:11322
PSF-001109,Gneeves NE,52.017000,-9.117000,1,2,1,0,0,0,0,0,pge:11323
PSF-001110,Karaburun,41.341300,28.673500,2,2,0,0,0,0,0,1,pge:11324
PSF-001111,Cass Bay,-43.593000,172.700000,0,0,0,0,2,2,0,0,pge:11325
PSF-001112,Mweelin,51.892200,-9.275600,0,0,0,2,2,2,1,0,pge:11326
PSF-001113,Dingle Bowl,52.176000,-10.198000,0,0,0,2,2,2,1,0,pge:11327
PSF-001114,Britten Reserve,-43.583300,172.725000,0,0,0,0,0,0,2,0,pge:11328
PSF-001115,Nowe Marzy,53.467800,18.647900,0,0,0,1,2,0,0,0,pge:11329
PSF-001116,Ojos del Volcan,-1.385280,-78.433300,0,0,0,0,0,0,2,0,pge:11331
PSF-001117,Scarborough Cliffs,-43.577500,172.777000,0,2,2,2,0,0,0,0,pge:11332
PSF-001118,Loja poniente,37.132200,-4.184600,0,0,0,0,0,0,2,1,pge:11334
PSF-001119,Loja norte,37.150100,-4.180100,2,0,0,0,0,0,0,1,pge:11335
PSF-001120,Caherdaniel - Cahernageeha Mtn.,51.798000,-10.085400,0,0,0,2,2,2,0,0,pge:11336
PSF-001121,Loja levante,37.149700,-4.149060,0,0,2,2,0,0,0,0,pge:11337
PSF-001122,Niton,-1.286390,-78.544000,0,0,0,2,2,0,0,0,pge:11338
PSF-001123,Mundug,-1.300170,-78.492100,0,0,0,0,2,0,0,0,pge:11339
PSF-001124,El Tablon,-1.350830,-78.710300,2,2,0,0,0,0,0,0,pge:11340
PSF-001125,Puñalica,-1.397670,-78.678700,0,0,2,0,0,0,0,0,pge:11341
PSF-001126,Blue Rock (Vallejo),38.137900,-122.195000,0,0,0,0,0,0,2,0,pge:11342
PSF-001127,Lefkara,34.912100,33.317200,0,0,0,1,2,1,0,0,pge:11347
PSF-001128,Bidwell Park North Rim,39.780200,-121.761000,0,0,0,2,1,0,0,0,pge:11348
PSF-001129,Dune de HapriÃ,46.092400,23.643600,0,0,1,2,2,2,1,0,pge:11349
PSF-001130,Toftum Bjerge,56.545700,8.532500,0,0,0,0,0,0,2,2,pge:11350
PSF-001131,Kastelir,45.331000,13.668200,1,0,0,0,0,1,2,2,pge:11352
PSF-001132,Alcaudete,37.587500,-4.048400,0,0,0,0,0,2,2,2,pge:11353
PSF-001133,Pan de Azucar,-31.238200,-64.420300,2,0,0,0,0,0,2,2,pge:11354
PSF-001134,Pic d' Andan,44.135900,3.064520,0,0,0,0,0,0,0,0,pge:11355
PSF-001135,Antony,48.751700,2.279400,0,0,0,0,0,0,0,2,pge:11356
PSF-001136,Avdellaro,35.019800,33.560600,0,0,0,2,2,0,0,0,pge:11357
PSF-001137,Oroklini,34.992400,33.651500,2,2,0,0,0,0,0,0,pge:11358
PSF-001138,Ypato,38.402400,23.401600,0,0,0,0,0,2,2,2,pge:11359
PSF-001139,Beynes (private),48.843100,1.902100,0,0,0,0,2,2,0,0,pge:11360
PSF-001140,Trappes - Elancourt,48.788200,1.967700,0,0,0,0,0,0,2,1,pge:11361
PSF-001141,Bondoufle,48.615600,2.401100,2,0,0,2,2,2,2,2,pge:11362
PSF-001142,Red Mountain (Glenwood Morning),39.533600,-107.342000,0,1,2,1,0,0,0,0,pge:11363
PSF-001143,Amatava_NW,-24.138600,29.090000,2,2,0,0,0,1,1,2,pge:11365
PSF-001144,Ballyvaldon beach,52.463300,-6.297280,0,0,0,2,0,0,0,0,pge:11366
PSF-001145,Cocking Tor,53.145400,-1.486200,0,2,2,0,0,0,0,0,pge:11367
PSF-001146,Ibarra,0.348300,-78.091900,0,0,0,0,0,0,0,0,pge:11368
PSF-001147,Cape Greko,34.962400,34.066800,0,0,0,2,1,0,0,0,pge:11369
PSF-001148,Bazantnice,49.608600,15.077300,2,2,2,2,2,0,0,0,pge:11370
PSF-001149,Cape Jervis,-35.596100,138.106500,0,0,0,0,0,0,1,0,pge:11371;siteguide_au:2-217
PSF-001150,Chircesti,46.846600,27.861100,0,0,0,0,0,2,2,0,pge:11372
PSF-001151,Zarza Capilla,38.790000,-5.158100,0,0,0,0,0,0,0,2,pge:11374
PSF-001152,leszno,51.835500,16.529200,0,0,1,1,2,2,2,2,pge:11375
PSF-001153,Hoeksfontein,-32.399800,25.164700,2,0,0,2,2,2,2,2,pge:11377
PSF-001154,Hopewell Junction,41.623500,-73.740000,0,0,2,2,2,2,1,1,pge:11378
PSF-001155,Treak Cliff,53.344000,-1.798970,0,1,2,1,0,0,0,0,pge:11379
PSF-001156,Chelmorton,53.234000,-1.828300,2,0,0,0,0,0,0,0,pge:11381
PSF-001157,Crowdecote,53.180200,-1.836870,0,0,0,0,0,2,2,0,pge:11382
PSF-001158,Back of Ecton,53.120000,-1.855020,0,2,2,0,0,0,0,0,pge:11383
PSF-001159,Saint Florent,42.670200,9.297300,2,2,0,0,0,0,0,2,pge:11384
PSF-001160,Edge Top,53.191100,-1.926620,0,0,0,0,0,2,0,0,pge:11385
PSF-001161,High Edge,53.217100,-1.907110,0,2,2,0,0,0,0,0,pge:11386
PSF-001162,High Wheeldon,53.191000,-1.849600,0,0,0,0,0,2,0,0,pge:11387
PSF-001163,Wetton Hill,53.102900,-1.839200,2,0,0,0,0,0,2,2,pge:11388
PSF-001164,Fairbourne,52.684500,-4.052200,1,0,0,0,0,0,0,2,pge:11389
PSF-001165,Gosau - Zwieselalm,47.538800,13.476400,2,2,2,0,0,1,2,1,pge:11390
PSF-001166,Reinhardsmunster (pente école ),48.683300,7.324940,0,2,0,0,0,0,0,0,pge:11391
PSF-001167,Miladinovci,43.601500,27.609800,0,2,2,0,0,0,0,0,pge:11394
PSF-001168,salt del equip,41.562400,1.896200,0,0,0,0,1,2,2,0,pge:11396
PSF-001169,Kiyu,-34.699400,-56.737500,0,0,0,0,2,0,0,0,pge:11397
PSF-001170,Bastberg,48.811800,7.451190,1,0,0,0,0,0,1,2,pge:11398
PSF-001171,Aromatnoe,44.824500,33.898700,0,0,2,1,0,0,0,0,pge:11399
PSF-001172,Mont-Saint-Père,49.071200,3.474900,0,0,1,2,0,0,0,0,pge:11400
PSF-001173,Leon Colgado,-33.195700,-66.269100,0,0,0,0,0,2,2,2,pge:11401
PSF-001174,Ayas,40.031100,32.328800,1,0,0,0,1,2,2,2,pge:11402
PSF-001175,Les 2 lacs,45.291900,6.572300,2,1,0,0,0,0,0,2,pge:11404
PSF-001176,Pointe de la Masse,45.296700,6.508100,0,0,1,2,2,2,1,0,pge:11405
PSF-001177,West Rutland,43.617900,-73.081300,0,0,0,0,0,1,1,0,pge:11406
PSF-001178,Dale Head,53.351400,-1.858700,0,2,2,0,0,0,0,0,pge:11407
PSF-001179,Shannon Lake,49.861300,-119.640000,0,0,0,1,2,0,0,0,pge:11408
PSF-001180,Partizani,42.988700,27.209800,2,2,0,0,0,0,0,2,pge:11409
PSF-001181,L Ecureuil,45.547300,6.773600,0,0,0,0,0,2,2,2,pge:11410
PSF-001182,Vallandry,45.561400,6.770200,0,0,0,0,0,2,2,2,pge:11411
PSF-001183,Altiport (Les Arcs),45.576600,6.799400,0,0,0,0,0,2,2,2,pge:11412
PSF-001184,Arpette (Les Arcs),45.583400,6.804800,0,0,0,0,0,1,2,1,pge:11413
PSF-001185,Sandia Peak,35.200600,-106.438000,1,0,0,0,1,2,2,2,pge:11414
PSF-001186,Vaugelaz (intermediaire),45.604000,6.714700,0,0,1,2,1,0,0,0,pge:11417
PSF-001187,Orduña,42.961500,-3.024600,2,2,1,0,0,0,0,2,pge:11420
PSF-001188,Poudreuse (Les Arcs),45.549000,6.784600,0,0,0,0,0,1,2,1,pge:11421
PSF-001189,Wellfleet,41.934400,-69.979900,0,2,0,0,0,0,0,0,pge:11422
PSF-001190,South mountain,33.330800,-112.061000,2,0,0,2,2,1,0,0,pge:11423
PSF-001191,Blagoveshenskaya,45.061500,37.058700,0,0,0,0,2,2,0,0,pge:11424
PSF-001192,Shize mnt.,44.740000,38.165000,0,0,0,2,2,2,0,0,pge:11425
PSF-001193,Golubitskaya,45.330600,37.228400,2,2,0,0,0,0,0,0,pge:11426
PSF-001194,Cherkasskaya Lozovaya,50.112500,36.246700,0,0,1,2,2,2,1,0,pge:11427
PSF-001195,Bonanza,38.278500,-106.036000,0,0,0,2,1,0,0,0,pge:11428
PSF-001196,Whale Hill,38.325500,-106.102000,0,0,0,2,2,0,0,0,pge:11429
PSF-001197,Playa de Langre,43.474600,-3.691900,2,2,1,0,0,0,0,0,pge:11431
PSF-001198,Plouezec,48.761100,-2.981600,2,0,0,0,0,0,0,0,pge:11432
PSF-001199,Lann Vraz,48.817500,-3.035200,2,0,0,0,0,0,0,0,pge:11433
PSF-001200,la croix des veuves,48.803300,-3.007300,2,2,0,0,0,0,0,2,pge:11434
PSF-001201,plage Bonaparte,48.705600,-2.922500,0,2,2,0,0,0,0,0,pge:11435
PSF-001202,Brehec,48.729000,-2.945200,0,0,0,2,1,0,0,0,pge:11436
PSF-001203,Pleneuf  Val Andre,48.597100,-2.544700,2,2,0,0,0,0,0,1,pge:11437
PSF-001204,St Jacut,48.604600,-2.185100,0,0,2,0,0,0,0,0,pge:11438
PSF-001205,Cap d'Erquy,48.641900,-2.483500,0,0,0,0,0,1,2,0,pge:11439
PSF-001206,Les tablettes,48.559700,-2.734800,1,2,1,0,0,0,0,0,pge:11440
PSF-001207,Matalascanas,37.016600,-6.584300,0,0,0,0,0,2,0,0,pge:11441
PSF-001208,Eagles-Sky,40.373200,19.533100,1,0,0,0,1,1,1,1,pge:11442
PSF-001209,The Cedars - Soaring ridge,34.245000,36.037600,0,0,0,0,0,2,1,2,pge:11443
PSF-001210,Mt.Wugong,27.452700,114.171000,0,0,1,2,2,2,1,0,pge:11445
PSF-001211,Darrud,36.180600,59.116100,0,0,1,1,2,1,0,0,pge:11446
PSF-001212,Hickeys Bluff,-38.361600,176.344000,0,0,0,2,2,0,0,0,pge:11447
PSF-001213,Zayandor,36.557300,48.427800,2,2,0,2,2,2,0,2,pge:11448
PSF-001214,Vockrather Acker,51.148000,6.636620,1,2,1,0,1,2,1,0,pge:11449
PSF-001215,Liretta,44.498900,7.381870,0,0,1,2,2,1,0,0,pge:11450
PSF-001216,Linzhou T1/林州1号,36.148900,113.735000,0,1,2,1,0,0,0,0,pge:11451
PSF-001217,Bridlington,54.094800,-0.174400,0,0,0,2,0,0,0,0,pge:11453
PSF-001218,Cayton Bay,54.241800,-0.356900,2,2,0,0,0,0,0,0,pge:11454
PSF-001219,Capo Milazzo,38.264200,15.238000,0,0,0,0,0,0,2,1,pge:11455
PSF-001220,Bongrae Mt.,37.199200,128.486000,0,0,1,2,2,2,2,1,pge:11456
PSF-001221,Santa Marina de Orozko,43.106200,-2.940500,2,2,0,0,0,0,0,2,pge:11458
PSF-001222,Stog Izersky,50.892200,15.309400,2,2,0,0,0,0,0,0,pge:11459
PSF-001223,Rokh - south,32.342800,51.036700,0,0,0,2,2,2,0,0,pge:11460
PSF-001224,Dastjerd,36.702700,48.713600,0,0,0,1,2,1,0,0,pge:11461
PSF-001225,Ghale,36.792500,48.807400,2,1,1,0,0,0,0,0,pge:11462
PSF-001226,Halich-Buruk,45.008600,34.643100,0,1,2,1,0,0,0,0,pge:11463
PSF-001227,Gumma,47.207900,13.781000,0,0,2,2,2,2,2,0,pge:11464
PSF-001228,Saputara,20.585400,73.752400,0,0,0,0,0,1,1,2,pge:11465
PSF-001229,Siezan Slinger,41.084000,49.094900,1,2,2,0,0,0,0,0,pge:11466
PSF-001230,Villeneuve Renneville,48.938700,4.057500,2,1,2,1,2,1,2,1,pge:11467
PSF-001231,Lion Devant Dun,49.410500,5.252500,0,0,0,0,0,1,1,2,pge:11468
PSF-001232,Islares - Castro Urdiales,43.397400,-3.301400,2,1,0,0,0,0,0,0,pge:11469
PSF-001233,Malanotte,44.268800,7.793400,2,2,2,2,0,0,2,2,pge:11470
PSF-001234,kalusi,38.043800,21.796900,2,0,0,0,0,0,2,2,pge:11471
PSF-001235,Kalenji,37.950200,21.772000,1,0,0,0,0,1,2,2,pge:11472
PSF-001236,Valico di Cannatina,42.307800,13.825400,1,2,2,1,0,1,1,1,pge:11474
PSF-001237,Rarau,47.454000,25.576000,1,2,1,1,1,0,0,1,pge:11475
PSF-001238,"La Breya (Orsieres, Champex)",46.020300,7.101740,0,0,0,2,0,0,0,2,pge:11476
PSF-001239,Chinchilla,38.933500,-1.681800,0,0,1,2,1,0,0,0,pge:11477
PSF-001240,Higueruela,38.992200,-1.376400,1,0,0,0,0,0,1,2,pge:11478
PSF-001241,Les Andelys,49.249300,1.393570,0,0,0,0,0,2,0,0,pge:11479
PSF-001242,Middle brother - SE,-31.701944,152.678611,0,0,0,1,0,1,0,0,pge:11480;siteguide_au:122-229
PSF-001243,Middle brother - SW,-31.707290,152.672270,0,0,0,1,0,1,0,0,pge:11482;siteguide_au:122-230
PSF-001244,Mirador 'La Cueva de los Franceses',42.771000,-4.094300,2,1,0,0,0,0,0,1,pge:11483
PSF-001245,Sierra del Escudo (Cabuérniga),43.208000,-4.329600,2,2,0,0,0,0,0,0,pge:11484
PSF-001246,bombakimmi,40.599200,48.374300,0,0,0,1,2,2,2,1,pge:11485
PSF-001247,Mt Blackheath - Main launch,-33.643730,150.244870,0,0,0,0,0,0,1,0,pge:11487;siteguide_au:138-250
PSF-001248,Poienesti,46.600700,27.541800,0,0,0,0,0,0,0,2,pge:11488
PSF-001249,khalil,37.394900,44.808400,1,2,2,2,1,0,0,0,pge:11489
PSF-001250,Zapodeni,46.741200,27.676400,0,0,1,1,0,0,0,0,pge:11490
PSF-001251,Gura Bustei,46.653400,27.761000,0,0,0,0,0,0,2,2,pge:11491
PSF-001252,Brosteni,46.611000,27.472700,0,2,1,0,0,0,0,0,pge:11492
PSF-001253,Gicki mountains,40.417800,49.008800,1,2,2,2,2,1,0,1,pge:11493
PSF-001254,Algarrobo Mirasol,-33.328600,-71.648300,0,0,0,0,0,0,2,0,pge:11494
PSF-001255,Massingy,47.908000,4.590100,0,0,0,2,2,0,0,0,pge:11495
PSF-001256,Ecalgrain,49.694400,-1.933300,0,0,0,0,0,0,2,0,pge:11496
PSF-001257,Carteret deco NO,49.374200,-1.808000,0,0,0,0,0,0,0,2,pge:11497
PSF-001258,Marais de L'Onglaie,49.367700,-1.457100,1,2,1,0,1,2,1,0,pge:11498
PSF-001259,Marais de Selsoif,49.369000,-1.490000,0,0,0,2,0,0,0,2,pge:11501
PSF-001260,Cosca,46.698100,27.475600,0,0,0,0,2,2,0,0,pge:11502
PSF-001261,Ivanesti,46.624300,27.430000,2,2,0,0,0,0,0,0,pge:11503
PSF-001262,Valea Stejarului,46.625500,27.404900,0,0,0,0,0,0,2,0,pge:11504
PSF-001263,Afton Down,50.670600,-1.481100,2,1,0,0,0,0,0,1,pge:11505
PSF-001264,Monte Pizzo,44.154500,10.886000,1,2,2,1,0,0,0,0,pge:11506
PSF-001265,Aygezard,39.938200,44.655800,0,0,0,1,2,1,0,0,pge:11507
PSF-001266,Lauterbach,51.074500,10.373200,0,0,0,0,0,2,1,0,pge:11508
PSF-001267,Strzelecki lookout,-32.936800,151.777000,0,0,0,1,1,0,0,0,pge:11512;siteguide_au:107-239
PSF-001268,Merewether - Hickson Street Lookout,-32.953280,151.746420,0,0,0,0,1,0,0,0,pge:11513;siteguide_au:261-290
PSF-001269,Dickson Park,-32.944400,151.762000,0,0,0,2,0,0,0,0,pge:11514
PSF-001270,Bombala St,-32.984100,151.727000,0,2,2,2,0,0,0,0,pge:11516
PSF-001271,North Head,-36.826700,174.812000,0,2,2,0,0,0,0,0,pge:11517
PSF-001272,Beinn na Feusaige,57.565600,-5.104700,0,0,1,2,2,0,0,0,pge:11518
PSF-001273,Knockfarrell,57.591000,-4.504700,2,0,0,0,0,0,0,2,pge:11519
PSF-001274,Little Wyvis,57.640400,-4.633700,0,0,0,0,0,2,1,1,pge:11520
PSF-001275,Ben Wyvis,57.662300,-4.602100,0,0,1,1,0,0,0,2,pge:11521
PSF-001276,Cairngorm,57.122500,-3.646200,0,0,0,0,0,0,0,2,pge:11523
PSF-001277,Beinn nam Ban,57.870000,-5.194900,0,0,0,0,0,0,2,0,pge:11524
PSF-001278,Ledmore,58.070400,-4.963700,0,0,0,0,0,2,2,2,pge:11525
PSF-001279,Quinag,58.198700,-5.023400,2,0,0,0,0,0,0,0,pge:11526
PSF-001280,Sail Mhor,57.846100,-5.298900,1,2,0,0,0,0,0,0,pge:11527
PSF-001281,Meall a Bhainne,57.733200,-5.042200,1,2,0,0,0,0,0,2,pge:11528
PSF-001282,Beinn Bhan,57.424800,-5.629700,0,0,2,2,0,0,0,0,pge:11529
PSF-001283,Beinn Eighe,57.578300,-5.403200,0,0,0,1,2,1,0,0,pge:11530
PSF-001284,Creag nan Clag,57.328500,-4.327400,0,0,2,1,0,0,0,1,pge:11531
PSF-001285,Tom na Gruagaich,57.577600,-5.586300,0,1,1,1,1,2,1,0,pge:11532
PSF-001286,Che?m k. Grybowa,49.597600,20.998300,2,0,0,0,0,0,0,2,pge:11535
PSF-001287,Rimetea - Piatra Secuiului,46.453200,23.586900,0,0,0,0,0,1,2,1,pge:11536
PSF-001288,Rimetea platou,46.452700,23.586400,0,0,0,0,1,2,2,0,pge:11537
PSF-001289,Rimetea below the forest,46.459000,23.552600,0,1,2,2,1,0,0,0,pge:11538
PSF-001290,Rimetea 'La Brad',46.454300,23.537300,0,1,2,2,1,0,0,0,pge:11539
PSF-001291,Rimetea below the rocks,46.453600,23.579100,0,0,0,0,1,2,2,0,pge:11540
PSF-001292,Iara pe nord,46.521800,23.523800,2,1,0,0,0,0,1,2,pge:11541
PSF-001293,NW on Petresti hill,46.585900,23.683800,1,0,0,0,0,1,2,2,pge:11542
PSF-001294,Cheile Turzii,46.566700,23.681200,0,1,2,2,1,0,0,0,pge:11543
PSF-001295,Dezmir,46.778100,23.726100,2,1,0,0,0,0,2,2,pge:11544
PSF-001296,Liteni,46.612900,23.435000,0,1,2,2,1,0,0,0,pge:11545
PSF-001297,Salicea,46.676000,23.539300,1,0,0,0,1,2,2,2,pge:11546
PSF-001298,Valea Blaznei,47.493700,24.912200,0,0,1,2,2,2,2,1,pge:11547
PSF-001299,Floresti,46.764100,23.474500,0,0,1,2,2,2,1,0,pge:11548
PSF-001300,Henouville,49.479800,0.940600,0,0,0,0,0,2,0,0,pge:11550
PSF-001301,Pampoenfontein,-32.926600,19.037400,0,0,0,0,2,2,2,2,pge:11551
PSF-001302,Piatra Rosie,45.079000,28.242500,0,0,2,2,0,0,0,0,pge:11552
PSF-001303,Dealu Mare,44.996100,28.688000,0,0,2,2,1,0,0,0,pge:11553
PSF-001304,Gr&#299;va,55.890700,26.459900,2,2,2,2,2,2,2,2,pge:11554
PSF-001305,Vix,47.908300,4.532500,0,2,2,0,0,0,2,2,pge:11555
PSF-001306,Abernathy Creek,60.649200,-149.780000,2,2,1,2,0,1,0,0,pge:11556
PSF-001307,La Silla (The Chair),-1.253600,-80.435200,1,2,1,1,2,0,0,0,pge:11558
PSF-001308,Marienheim,53.254200,13.367500,2,2,0,0,2,2,0,0,pge:11559
PSF-001309,Tumwater Mountain,47.598300,-120.698000,0,1,2,2,1,1,1,0,pge:11561
PSF-001310,APARAN,40.591300,44.474100,0,0,0,0,2,2,2,0,pge:11564
PSF-001311,Nappanee,41.417400,-85.963900,1,1,1,1,1,1,1,1,pge:11565
PSF-001312,Cullom,40.907000,-88.282500,1,1,1,1,1,1,1,1,pge:11566
PSF-001313,Wierchomla,49.412300,20.833600,1,0,0,0,0,0,1,2,pge:11570
PSF-001314,Indian Head,-31.731600,152.797800,0,0,0,1,0,0,0,0,pge:11571;siteguide_au:119-227
PSF-001315,Varkala Beach,8.734630,76.704500,0,0,0,0,0,2,2,0,pge:11572
PSF-001316,Gura Vaii,46.640000,28.150900,2,1,0,0,0,0,0,1,pge:11573
PSF-001317,Crovna,44.379200,23.628000,0,0,0,0,0,2,2,0,pge:11575
PSF-001318,betfia,46.981900,22.022100,0,0,0,1,1,0,0,0,pge:11576
PSF-001319,Vendryne,49.666400,18.704200,0,0,0,0,0,0,0,0,pge:11577
PSF-001320,Lhotka,49.605000,18.294400,0,0,0,0,0,0,0,0,pge:11578
PSF-001321,lohan V Takeoff,46.735900,28.017200,0,0,0,0,0,2,2,0,pge:11579
PSF-001322,Prish hill,40.497200,49.222300,2,2,2,2,2,2,2,2,pge:11580
PSF-001323,MALIC,43.649700,20.103100,2,2,1,0,0,0,0,1,pge:11581
PSF-001324,Malberg,50.707800,7.827280,2,0,0,0,2,0,0,0,pge:11583
PSF-001325,Bridal Falls (Lower),49.171200,-121.749000,0,0,0,0,0,1,2,2,pge:11584
PSF-001326,Farma,43.702900,19.697500,2,2,0,0,0,0,0,1,pge:11586
PSF-001327,"Vojska (""Army"")",43.645500,19.776600,2,1,0,1,2,1,0,1,pge:11587
PSF-001328,Volovi,43.635200,19.777500,0,0,0,0,1,2,0,0,pge:11588
PSF-001329,Ovcar,43.896300,20.217600,1,2,1,0,0,0,0,0,pge:11589
PSF-001330,Zapad,43.896700,20.213500,0,0,0,0,0,0,2,0,pge:11590
PSF-001331,Roquefeuil,42.811900,1.993500,2,1,0,0,0,0,0,1,pge:11592
PSF-001332,Ginoles,42.874800,2.150900,0,0,2,2,0,0,0,0,pge:11593
PSF-001333,Slieu Lewaigue,54.305600,-4.366840,0,2,1,0,0,0,0,0,pge:11594
PSF-001334,roc des grenouilles,42.900900,1.968100,2,0,0,0,0,0,0,2,pge:11595
PSF-001335,Tupiznica,43.701500,22.151400,0,2,2,0,2,2,2,2,pge:11596
PSF-001336,Pancota,46.328200,21.713700,1,0,0,0,0,0,1,2,pge:11597
PSF-001337,Murtenica,43.571300,19.791100,0,0,0,1,2,2,1,0,pge:11601
PSF-001338,Cuker,43.682400,19.725400,2,2,1,0,0,0,1,2,pge:11603
PSF-001339,Rampa do Itaoca,-21.793500,-41.446600,2,1,0,1,2,1,0,1,pge:11606
PSF-001340,Valoria la Buena,41.822100,-4.510500,0,0,0,0,0,1,2,1,pge:11607
PSF-001341,Fionn Bheinn,57.610900,-5.103700,0,0,0,2,2,0,0,0,pge:11609
PSF-001342,Meall Gorm,57.402500,-5.701800,0,0,0,0,1,2,0,0,pge:11610
PSF-001343,Bealach na Ba,57.412800,-5.701100,0,0,0,1,0,0,0,0,pge:11611
PSF-001344,Coire a Chaorachain,57.418000,-5.688600,0,0,1,0,0,0,0,0,pge:11612
PSF-001345,Five Fingers,-36.481500,174.463000,0,0,0,0,0,0,2,0,pge:11614
PSF-001346,Somlyo/ Sumuleu,46.370800,25.834500,0,0,0,0,1,2,2,1,pge:11615
PSF-001347,Morongulu beach dune,-23.232900,35.493600,0,1,2,1,0,0,0,0,pge:11617
PSF-001348,Monte Santo,-21.202100,-47.005900,2,2,0,0,0,0,0,0,pge:11618
PSF-001349,Spreets Hoogte,-23.633700,16.184000,0,0,0,0,0,0,0,0,pge:11619
PSF-001350,Rohmanka,51.685100,45.753500,0,0,0,1,2,1,0,0,pge:11620
PSF-001351,Sinenkie,51.234900,45.700900,1,0,0,0,0,0,0,2,pge:11621
PSF-001352,Sinenkie 2,51.204300,45.758100,1,0,0,0,0,0,0,0,pge:11622
PSF-001353,Zolotoe-Suvorovo,50.816600,45.699900,2,2,0,2,0,2,0,0,pge:11623
PSF-001354,Strelka and Strelbiche,51.552000,45.980900,2,0,0,1,2,0,0,0,pge:11624
PSF-001355,Nedalsklompen,62.986000,12.105200,0,0,0,0,1,2,1,0,pge:11626
PSF-001356,Ballaghasheen Gap,51.947900,-9.933400,1,2,1,0,0,0,0,0,pge:11627
PSF-001357,Panteteimonas,39.988300,22.569700,2,2,1,0,0,0,0,1,pge:11628
PSF-001358,le Puet,43.710200,6.828200,0,0,1,1,1,1,1,0,pge:11629
PSF-001359,Cubuy,18.255400,-65.851400,0,0,1,2,2,0,0,0,pge:11630
PSF-001360,Ceahlau WNW,46.966100,25.947300,1,0,1,2,1,0,1,2,pge:11631
PSF-001361,Cariacica - Rampa Secret - Roda D'Água (ES),-20.317500,-40.502400,0,1,2,2,2,1,0,0,pge:11632
PSF-001362,Cariacica - Rampa de Maricara (ES),-20.271200,-40.465400,1,2,1,0,0,0,0,0,pge:11633
PSF-001363,Vergel de la Sierra,21.369800,-101.655000,0,0,0,0,2,2,2,0,pge:11634
PSF-001364,Goiapabacu,-19.916400,-40.471800,0,2,2,2,2,2,0,0,pge:11635
PSF-001365,Timbui - Fundao (ES),-20.037600,-40.472400,0,2,2,1,0,0,0,0,pge:11636
PSF-001366,Santa Teresa / Santa Tereza,-19.908300,-40.654000,2,2,0,0,0,0,0,2,pge:11637
PSF-001367,Itarana,-19.871500,-40.836000,2,0,0,0,0,0,2,2,pge:11638
PSF-001368,Mestre Alvaro (ES),-20.157200,-40.304400,1,2,2,1,0,0,0,0,pge:11639
PSF-001369,Amatava_SW,-24.114100,29.085300,0,0,0,0,1,2,1,0,pge:11640
PSF-001370,Petten,52.777700,4.664200,0,0,0,0,0,0,2,2,pge:11641
PSF-001371,Maso Tais,46.194900,11.847000,0,0,0,1,2,1,1,0,pge:11642
PSF-001372,Rio do Sul,-27.192400,-49.563600,2,2,0,0,2,0,0,2,pge:11644
PSF-001373,Santibanez de Valcorba,41.571500,-4.432400,1,2,0,0,0,0,0,0,pge:11645
PSF-001374,Cabezon (Norte),41.751300,-4.612200,1,0,0,0,0,0,0,2,pge:11647
PSF-001375,Kofinas Amfissas,38.533400,22.389700,0,0,2,2,2,1,1,0,pge:11648
PSF-001376,villar del arzobispo,39.726200,-0.851065,0,0,2,2,1,0,0,0,pge:11649
PSF-001377,Camporrobles,39.667400,-1.396300,0,0,2,2,1,0,0,0,pge:11650
PSF-001378,Tabasalu,59.438000,24.540600,1,2,0,0,0,0,0,0,pge:11651
PSF-001379,Prijepolje Jug,43.413100,19.647700,0,0,0,0,2,2,0,0,pge:11653
PSF-001380,Nasby,59.184600,15.288500,2,2,2,2,2,2,2,2,pge:11655
PSF-001381,Gostilj,44.660500,18.199200,2,1,0,0,0,0,1,2,pge:11657
PSF-001382,Cachoeira de Macacu - Rampa de Papucaia (RJ),-22.592800,-42.694400,2,2,0,0,0,0,2,2,pge:11658
PSF-001383,Hearne Municipal Airport,30.867200,-96.622500,2,0,0,0,2,0,0,0,pge:11659
PSF-001384,Mt. Umunhum,37.158800,-121.901000,0,2,0,0,0,2,0,0,pge:11660
PSF-001385,don heads,-41.157500,146.314000,2,2,0,0,0,0,0,2,pge:11661
PSF-001386,Iskenderun,36.564500,36.239100,1,0,0,0,1,2,2,2,pge:11662
PSF-001387,Ruj,44.627800,18.116100,2,1,0,2,2,2,1,1,pge:11663
PSF-001388,Hohe Wand South,47.830200,16.046300,0,0,0,2,2,1,0,0,pge:11664
PSF-001389,Seaford,-35.192700,138.470000,0,0,0,0,0,2,2,0,pge:11665
PSF-001390,Cerro da Angelica (Cacapava) (RS),-30.618000,-53.388100,2,2,2,2,2,2,2,2,pge:11666
PSF-001391,Putzonderwater,-29.278600,21.894100,0,0,0,0,0,0,0,0,pge:11693
PSF-001392,Ahir Mountain,37.627000,36.871200,0,0,0,0,0,0,0,0,pge:11694
PSF-001393,Koh Larn,12.923400,100.776000,0,0,0,0,0,0,0,0,pge:11697
PSF-001394,Nongkajong,12.635600,100.947000,0,0,0,0,0,0,0,0,pge:11698
PSF-001395,Alaric,43.147500,2.631570,0,0,0,0,0,0,0,0,pge:11699
PSF-001396,mitzpe ramon,30.602100,34.797500,0,0,0,0,0,0,0,0,pge:11700
PSF-001397,Shaw Butte,33.593500,-112.088000,0,0,0,0,1,2,1,0,pge:11701
PSF-001398,Hartplatz,50.193700,7.617520,0,0,0,0,0,0,0,0,pge:11702
PSF-001399,Nevsha,43.262200,27.284600,2,2,2,1,0,0,0,0,pge:11703
PSF-001400,Bekleme S,42.741600,24.612800,0,0,0,1,2,1,0,0,pge:11704
PSF-001401,Tonzos,42.712200,25.384200,0,0,0,0,1,2,2,0,pge:11705
PSF-001402,Sopot - Govedarnata,42.665500,24.779800,0,0,0,0,0,0,0,0,pge:11706
PSF-001403,Cherven,42.937500,24.284800,0,0,0,0,0,0,0,0,pge:11707
PSF-001404,Pastrina NW,43.426400,23.304200,1,0,0,0,0,0,1,2,pge:11708
PSF-001405,Karandila,42.711400,26.359300,0,0,2,0,0,1,2,1,pge:11709
PSF-001406,Jeff Hoffman's,-35.260300,146.819000,2,2,2,2,2,2,2,2,pge:11710
PSF-001407,LGMG,37.981500,23.365500,0,0,0,0,0,0,0,0,pge:11713
PSF-001408,Eslöv,55.850800,13.325100,0,0,0,0,0,0,0,0,pge:11714
PSF-001409,San Marcos,-21.074500,-70.110700,0,0,0,0,0,2,2,0,pge:11716
PSF-001410,Adana Kabasakal - Ruzgarli Tepe,37.079000,35.214300,2,2,1,0,0,0,1,2,pge:11718
PSF-001411,Steynsburg SW Bowl,-31.260600,25.804000,0,0,0,0,0,0,0,0,pge:11719
PSF-001412,Phu Noom,13.099400,101.054000,0,0,0,0,0,0,0,0,pge:11720
PSF-001413,Rob Roy,-44.455400,168.700000,0,0,0,0,0,0,0,0,pge:11722
PSF-001414,Osorio(RS) -Morro da Borussia,-29.835100,-50.256000,0,2,2,0,0,0,0,0,pge:11723
PSF-001415,Stoneforest,-13.317900,-74.468900,0,0,0,0,0,0,0,0,pge:11724
PSF-001416,Cascade Saddle - Pylon,-44.525600,168.759000,0,0,0,0,0,0,0,0,pge:11726
PSF-001417,Niger,-44.495700,168.639000,0,0,0,0,0,0,0,0,pge:11727
PSF-001418,Du Toits Kloof Pass,-33.695900,19.068800,0,0,0,0,0,0,2,1,pge:11729
PSF-001419,DED SEE,31.775200,35.492600,0,0,0,0,0,0,0,0,pge:11730
PSF-001420,Japeri - rampa do Pico da Coragem (RJ),-22.624300,-43.627700,2,0,2,2,2,2,0,0,pge:11732
PSF-001421,Obrochishte,43.415600,28.062500,0,0,0,0,0,2,0,0,pge:11733
PSF-001422,Paggaio North,40.914400,24.102000,0,0,0,0,0,0,0,0,pge:11734
PSF-001423,Heimatturm Colditz,51.115300,12.817200,0,0,0,0,0,0,0,0,pge:11735
PSF-001424,Randegge,48.332200,9.073030,0,0,0,0,0,0,0,0,pge:11736
PSF-001425,Merkesler Hill,40.890100,31.781900,0,0,0,0,0,0,0,0,pge:11737
PSF-001426,Lake Lucille,61.576100,-149.462000,2,2,2,2,2,2,2,2,pge:11739
PSF-001427,Big Lake,61.535400,-149.858000,2,2,2,2,2,2,2,2,pge:11743
PSF-001428,latroon,31.826200,34.981900,0,0,0,0,0,0,0,0,pge:11744
PSF-001429,Big Sur - Knobett,35.923300,-121.438000,0,0,0,0,0,0,0,0,pge:11745
PSF-001430,Scheibentalberg,50.991600,11.976400,0,0,0,0,0,0,0,0,pge:11747
PSF-001431,LGMK,37.428100,25.351300,0,0,0,0,0,0,0,0,pge:11749
PSF-001432,Cele Tepe,40.860000,31.703300,0,0,0,0,0,0,0,0,pge:11750
PSF-001433,São José Hill,-12.115100,-39.049800,0,0,0,0,0,0,0,0,pge:11751
PSF-001434,Caca´s Launch (SC),-26.113900,-49.239300,0,0,0,0,0,0,0,0,pge:11753
PSF-001435,Tohumlar,39.751600,32.940200,0,0,2,2,2,0,0,0,pge:11754
PSF-001436,Monte S. Giorgio - Piossasco,44.995700,7.448330,1,1,1,2,2,1,0,0,pge:11755
PSF-001437,Johanna,-38.758000,143.367500,0,0,0,0,1,0,0,0,pge:11756;siteguide_au:152-61
PSF-001438,Malefictum gloria,29.435900,35.397700,0,0,0,0,0,0,0,0,pge:11757
PSF-001439,Raumberg,49.726700,7.659120,0,0,0,0,0,0,0,0,pge:11758
PSF-001440,Gangelsberg,49.793500,7.742920,0,0,0,0,0,0,0,0,pge:11761
PSF-001441,Wallaby Ranch,28.259300,-81.690800,0,0,0,0,0,0,0,0,pge:11763
PSF-001442,profitis galatistas,40.476300,23.285700,0,0,0,0,0,0,0,0,pge:11766
PSF-001443,seirios,38.253400,23.733400,0,0,0,0,0,0,0,0,pge:11767
PSF-001444,Kyriakochori (Western Fthiotida),38.828400,22.014400,0,0,0,0,0,0,0,0,pge:11768
PSF-001445,Skalsko,42.965100,25.378500,2,2,1,0,0,0,2,2,pge:11771
PSF-001446,Biberna/Kableshkovo,42.666900,27.580200,0,1,2,1,0,0,0,0,pge:11772
PSF-001447,Sinilka,42.695900,26.439400,0,1,2,2,2,2,2,1,pge:11773
PSF-001448,Troica,43.222800,26.874600,0,0,0,0,0,0,0,0,pge:11774
PSF-001449,Razliv,42.933300,23.895200,0,0,0,0,0,0,0,0,pge:11775
PSF-001450,Machalí,-34.170100,-70.631600,0,0,0,0,0,0,0,0,pge:11786
PSF-001451,Aylyanma-Kai,45.094200,34.683800,0,0,0,0,0,0,0,0,pge:11787
PSF-001452,Dado beach,32.789000,34.955800,0,0,0,0,0,0,0,0,pge:11791
PSF-001453,Givat Oz,32.558400,35.206000,0,0,0,0,0,0,0,0,pge:11794
PSF-001454,Afula - Givat Hamore,32.617400,35.316800,0,0,0,0,0,0,0,0,pge:11795
PSF-001455,Paramotor Launch near Aloney Itzhak,32.499300,35.001700,0,0,0,0,0,0,0,0,pge:11799
PSF-001456,Nina Paula,-31.738900,-64.920600,1,0,0,0,1,2,2,2,pge:11805
PSF-001457,Keratocampos/Kreta,35.008400,25.373500,0,0,0,0,0,0,0,0,pge:11806
PSF-001458,ÎžÎ±Î½Î¸Î· (Î±ÎµÏÎ¿Î´ÏÎ¿Î¼Î¹Î¿),41.117400,24.919200,0,0,0,0,0,0,0,0,pge:11810
PSF-001459,Oh san,35.180100,127.480000,0,0,0,0,0,0,0,0,pge:11811
PSF-001460,Okmasan,36.318600,126.633000,0,0,0,0,0,2,2,2,pge:11812
PSF-001461,Klinovec,50.397600,12.968700,0,2,1,0,0,0,0,0,pge:11814
PSF-001462,Penensky Tynec,50.305000,13.926800,0,1,2,1,0,1,2,1,pge:11815
PSF-001463,ein gev,32.786600,35.640300,0,0,0,0,0,0,0,0,pge:11817
PSF-001464,Lagoa Redonda - SE,-10.664300,-36.748300,0,0,0,0,0,0,0,0,pge:11820
PSF-001465,Passo Valparolla,46.565800,11.971200,0,0,0,0,0,0,0,0,pge:11821
PSF-001466,Sospel - Tete de la lavina,43.866900,7.413630,0,0,2,0,0,0,0,0,pge:11823
PSF-001467,Alicun,36.953300,-2.613820,0,2,2,2,0,0,0,0,pge:11824
PSF-001468,Durban Bluff,-29.961900,30.983500,0,0,1,2,1,0,0,0,pge:11829
PSF-001469,"Praia do Sol, Joao Pessoa (PA)",-7.229270,-34.805600,0,0,2,1,0,0,0,0,pge:11830
PSF-001470,Brotkogel,47.438900,12.961300,0,0,0,0,0,0,0,0,pge:11831
PSF-001471,Laurensiberg,49.921200,7.984380,0,0,0,0,0,0,0,0,pge:11832
PSF-001472,Kékestető,47.875500,20.007800,2,0,0,0,0,0,0,0,pge:11833
PSF-001473,Stropnik,50.644700,13.681100,0,0,0,2,0,0,0,0,pge:11834
PSF-001474,Säntis,47.245700,9.346230,0,0,0,0,0,0,0,0,pge:11835
PSF-001475,Guabiruba,-27.100100,-49.017700,0,2,2,1,0,0,0,0,pge:11836
PSF-001476,Morro Azul (Pomerode SC),-26.763100,-49.204400,0,2,2,2,0,0,0,0,pge:11837
PSF-001477,Glannachopf,47.136700,9.402930,0,0,0,0,0,0,0,0,pge:11839
PSF-001478,Hunter Creek,61.443100,-148.792000,0,0,0,0,0,0,0,0,pge:11840
PSF-001479,Watermillock Common,54.572500,-2.955370,0,0,0,0,0,0,0,0,pge:11845
PSF-001480,Phu Thap Boek,16.898100,101.109000,1,1,2,1,1,0,0,0,pge:11846
PSF-001481,Monk's Cowl,-29.059400,29.395600,0,0,0,0,0,0,0,0,pge:11847
PSF-001482,revadim,31.760600,34.830100,0,0,0,0,0,0,0,0,pge:11849
PSF-001483,Gaustatoppen,59.853100,8.655770,2,2,0,0,2,2,0,0,pge:11851
PSF-001484,Bototillo,-2.176100,-80.007100,0,0,0,0,1,2,0,0,pge:11852
PSF-001485,Oatman Mountain (South),33.042900,-113.140000,0,0,0,0,0,0,0,0,pge:11853
PSF-001486,Veitsberg,50.062000,11.002500,0,0,0,0,0,0,0,0,pge:11856
PSF-001487,thiva,38.353400,23.268400,0,0,0,0,0,0,0,0,pge:11858
PSF-001488,Parnassos Ski Center,38.559100,22.585600,0,0,0,0,0,0,0,0,pge:11859
PSF-001489,Elmadag Peak-East,39.778700,32.997200,0,0,0,0,0,0,0,0,pge:11860
PSF-001490,Möglingen,49.247800,9.423020,0,0,0,0,0,0,0,0,pge:11861
PSF-001491,Airfield Weimar Umpferstedt,50.964200,11.400900,0,0,0,0,0,0,0,0,pge:11863
PSF-001492,Meissner East,51.209900,9.874830,0,1,2,1,0,0,0,0,pge:11865
PSF-001493,Rebenrain,48.300400,8.051020,0,0,0,0,0,0,0,0,pge:11867
PSF-001494,Riedenheim,49.549200,10.005800,0,0,0,0,0,0,0,0,pge:11868
PSF-001495,Houbelsberg,48.825600,13.670900,0,0,0,0,0,0,0,0,pge:11869
PSF-001496,Treze de Maio,-28.582300,-49.122100,0,1,1,0,0,0,0,0,pge:11871
PSF-001497,Almenara,-16.200600,-40.675600,0,0,0,0,0,0,0,0,pge:11873
PSF-001498,Rampa Paraiso Iracemapolis (SP),-22.541500,-47.520600,0,0,0,0,2,2,2,0,pge:11874
PSF-001499,venda da cruz,39.960000,-8.633450,0,0,0,0,0,0,0,0,pge:11876
PSF-001500,dasos haidarioy,38.025400,23.651400,0,0,0,0,0,0,0,0,pge:11877
PSF-001501,kastro,38.241600,23.251100,0,0,0,0,0,0,0,0,pge:11878
PSF-001502,Ruta 193 Km 20,-34.211700,-59.180800,0,1,0,0,0,2,0,0,pge:11884
PSF-001503,Towing Voskodavy,50.648700,26.678200,0,1,2,1,0,1,2,1,pge:11887
PSF-001504,Winston Park,-29.817700,30.799500,0,0,0,0,0,0,0,0,pge:11889
PSF-001505,Nackte Halde,51.301300,8.072830,0,0,0,0,0,0,0,0,pge:11891
PSF-001506,Argalong,-35.308800,148.364000,1,0,0,0,0,2,2,2,pge:11893
PSF-001507,Varkiza,37.822000,23.817400,0,0,0,0,0,0,0,0,pge:11894
PSF-001508,Kappl,47.081800,10.340100,0,0,0,0,0,0,0,0,pge:11895
PSF-001509,Tokaj,48.117400,21.385200,0,0,2,2,2,2,0,0,pge:11896
PSF-001510,"Elizabeth Beach,  Booti Booti",-32.321200,152.532000,0,1,2,0,0,0,0,0,pge:11897
PSF-001511,Foote Hill,-41.329200,173.752000,0,0,0,0,0,0,0,0,pge:11898
PSF-001512,Raireshwar -Jai Bhavani! Jai Shivaji!,18.043300,73.722000,0,0,0,0,0,0,0,0,pge:11899
PSF-001513,Füssener Jöchle,47.512800,10.588200,0,0,0,0,0,0,0,0,pge:11900
PSF-001514,FILAKIO,39.684400,19.735500,0,0,0,0,0,0,0,0,pge:11901
PSF-001515,Schoden,49.640200,6.593700,0,0,0,0,1,2,1,0,pge:11902
PSF-001516,Mont des Florents,47.508100,-70.524300,0,0,1,2,2,1,0,0,pge:11903
PSF-001517,Mangawhai Heads,-36.079800,174.598000,0,1,2,0,0,0,0,0,pge:11905
PSF-001518,Sand Patch,-35.065800,117.792000,0,0,0,0,1,2,1,0,pge:11906
PSF-001519,Ghevdesar - Jai Bholenath!,18.150500,73.735900,0,0,0,0,0,0,0,0,pge:11910
PSF-001520,Kipse,50.935600,13.721500,0,2,2,0,0,0,0,0,pge:11912
PSF-001521,GALA FIG FOZ,40.116200,-8.866400,0,0,0,0,0,0,0,0,pge:11913
PSF-001522,Oia,41.994700,-8.866630,0,0,0,0,0,0,2,0,pge:11915
PSF-001523,Sizandro,39.081000,-9.416850,0,0,0,0,0,0,0,0,pge:11916
PSF-001524,Phu Lungka top,19.394400,100.484000,0,0,0,0,0,0,0,0,pge:11920
PSF-001525,Boobs Airfield,-30.485500,150.530000,0,0,0,0,0,0,0,0,pge:11922
PSF-001526,LGSK,39.172500,23.501500,0,0,0,0,0,0,0,0,pge:11935
PSF-001527,Pavillon de Pica,-20.913300,-70.132900,0,0,0,0,0,0,0,0,pge:11937
PSF-001528,Serra do Machado - Moita Bonita - SE,-10.569200,-37.377800,0,0,0,0,0,0,0,0,pge:11939
PSF-001529,Morro Seco,-28.326000,-48.994600,0,0,0,0,0,0,0,0,pge:11940
PSF-001530,Falésia das Feteiras,37.785900,-25.768300,0,0,0,0,1,2,0,0,pge:11941
PSF-001531,Matzlesberg,49.596100,12.210400,0,0,0,0,0,0,0,0,pge:11943
PSF-001532,Possum Shoot,-28.631900,153.509000,0,0,0,0,0,0,0,0,pge:11944
PSF-001533,Black Peak,-44.577800,168.843000,0,0,0,0,0,0,0,0,pge:11947
PSF-001534,Paracas,-13.941000,-76.278900,0,0,0,0,0,0,0,0,pge:11949
PSF-001535,vigla,39.747600,19.935000,0,0,0,0,0,0,0,0,pge:11950
PSF-001536,Lanzarote - Tenezar (Tenesar),29.078600,-13.712000,2,0,0,0,0,0,0,0,pge:11951
PSF-001537,Mt Maude,-44.620200,169.218000,0,0,0,0,0,0,0,0,pge:11952
PSF-001538,Moedinha,-20.193000,-44.022000,0,0,0,0,0,0,0,0,pge:11954
PSF-001539,Orkney Airfield,-26.955300,26.755300,0,0,0,0,0,0,0,0,pge:11956
PSF-001540,Freita,40.884900,-8.261100,1,0,0,0,0,1,2,2,pge:11958
PSF-001541,Stanata,43.373900,27.235800,0,0,0,0,1,2,0,0,pge:11959
PSF-001542,Mt Itajiki Hangglider Area,36.317800,140.188000,0,0,1,2,2,2,1,0,pge:11960
PSF-001543,Dimini,39.350800,22.905100,0,0,0,0,0,0,0,0,pge:11964
PSF-001544,Khao Son,13.573600,99.486100,0,0,0,0,0,0,0,0,pge:11966
PSF-001545,Moo Dud,12.560900,101.925000,0,0,0,0,0,0,0,0,pge:11967
PSF-001546,St. Elena Barillas,14.403000,-90.531800,0,0,0,0,0,0,0,0,pge:11968
PSF-001547,Mt Stringybark,-27.594900,152.079000,0,1,1,1,0,0,0,0,pge:11970
PSF-001548,Mt. Widgee,-26.247600,152.361000,0,0,1,1,0,0,0,0,pge:11971;siteguide_au:17-243
PSF-001549,Mt Storey,-27.458700,151.848000,0,0,0,0,0,1,2,0,pge:11972
PSF-001550,barrier knob,-44.740300,168.026000,0,0,0,0,0,0,0,0,pge:11974
PSF-001551,Arbas Planot,42.969900,0.885719,0,0,0,0,0,0,0,0,pge:11975
PSF-001552,Blocksberg,52.878600,12.688500,0,0,0,0,0,0,0,0,pge:11976
PSF-001553,"Gokheg, Ankara",39.978800,32.484900,0,0,0,0,0,0,0,0,pge:11977
PSF-001554,Anzoategui,4.666370,-74.992500,0,0,0,0,0,0,0,0,pge:11978
PSF-001555,Arphakorn,12.653400,100.859000,0,0,0,0,0,0,0,0,pge:11979
PSF-001556,Rampa do Meio,-20.450600,-45.294700,0,0,0,0,0,0,0,0,pge:11980
PSF-001557,Algodalgo,38.359100,-1.275870,0,0,0,0,0,0,0,0,pge:11981
PSF-001558,Cat Bells,54.572100,-3.167850,0,0,0,0,0,0,0,0,pge:11982
PSF-001559,Cerro Cabeço Camara - Loulé,37.100100,-7.833020,0,0,0,0,0,0,0,0,pge:11985
PSF-001560,Hill 60,-34.491500,150.917300,0,1,0,0,0,0,0,0,pge:11987;siteguide_au:133-181
PSF-001561,alcaria1,37.703100,-7.804280,0,0,0,0,0,0,0,0,pge:11988
PSF-001562,Ã‡atalca - Tepekent,41.061000,28.515600,0,0,0,0,0,0,0,0,pge:11990
PSF-001563,Arzni,40.301600,44.568700,0,0,0,0,0,0,0,0,pge:11992
PSF-001564,Moel Accre,53.072000,-3.244300,0,0,0,0,0,0,0,0,pge:11994
PSF-001565,Ob Lucken,47.763100,8.556140,0,0,0,0,0,0,2,0,pge:11995
PSF-001566,salir,37.260500,-8.049130,0,0,0,0,0,0,0,0,pge:11997
PSF-001567,"Jaya Krishna, Yelagiri",12.558900,78.652400,0,0,0,0,0,0,0,0,pge:11998
PSF-001568,bustan hagalil,32.964300,35.076900,0,0,0,0,0,0,0,0,pge:12000
PSF-001569,Syros LGSO,37.418200,24.959400,0,0,0,0,0,0,0,0,pge:12002
PSF-001570,Bredene,51.247600,2.954150,1,0,0,0,0,0,0,2,pge:12004
PSF-001571,Lumreau,36.139400,-118.783000,0,0,0,0,0,0,0,0,pge:12006
PSF-001572,paneo resthouse,31.443500,77.377500,0,0,2,1,0,1,2,0,pge:12010
PSF-001573,Ulgyur,39.823400,45.211800,0,0,0,0,0,0,0,0,pge:12015
PSF-001574,Spritkopf,-32.597800,18.925200,0,0,0,0,0,0,0,0,pge:12017
PSF-001575,Torococo,9.594350,-70.402600,0,0,0,0,0,0,0,0,pge:12018
PSF-001576,Geising-Schauhübel,50.748700,13.804200,0,0,0,0,0,0,0,0,pge:12021
PSF-001577,Wichmar,51.041800,11.697900,0,0,0,0,0,0,0,0,pge:12024
PSF-001578,Castillo de Mora,39.683800,-3.731880,0,0,1,0,0,0,2,0,pge:12028
PSF-001579,Chirgua,10.271300,-68.224900,0,0,0,0,0,0,0,0,pge:12030
PSF-001580,Korudzha,42.722000,25.257200,0,0,0,0,0,0,0,0,pge:12035
PSF-001581,Krushevo,43.051300,25.169000,0,0,0,0,0,0,0,0,pge:12036
PSF-001582,Holzbauer,47.398100,15.078700,0,0,0,1,2,1,0,0,pge:12037
PSF-001583,Surami Dune,24.096000,54.527100,0,0,0,2,2,0,0,0,pge:12039
PSF-001584,Bellings NO,50.304900,9.514280,0,0,0,0,0,0,0,0,pge:12043
PSF-001585,Rez,46.336100,25.323900,0,0,1,2,1,0,0,0,pge:12044
PSF-001586,Feliceni,46.273600,25.292300,0,0,0,0,0,0,1,2,pge:12045
PSF-001587,Cowdown,50.796500,-2.513620,0,0,0,0,0,0,2,2,pge:12048
PSF-001588,Xaraba,39.913900,44.915100,0,0,0,0,0,0,0,0,pge:12049
PSF-001589,Carmo Do Rio Claro - Morro das Tormentas,-20.991400,-46.105800,2,2,2,2,2,0,0,0,pge:12052
PSF-001590,NEA XORA,35.510600,23.998800,2,2,0,0,0,0,0,2,pge:12053
PSF-001591,Karaelmas Universitesi,41.454900,31.761300,0,0,0,0,0,0,0,0,pge:12054
PSF-001592,Hambledon Hill,50.914400,-2.220500,0,0,2,0,0,0,0,0,pge:12056
PSF-001593,Telegraph Hill,50.844000,-2.510090,0,0,0,0,0,0,0,2,pge:12057
PSF-001594,Agrinio Aeroclub,38.606500,21.403600,0,0,0,0,0,0,0,0,pge:12058
PSF-001595,rohtang,32.356900,77.223800,0,0,0,0,0,0,0,0,pge:12059
PSF-001596,Garopaba - Morro do Ferraz,-28.020400,-48.635400,0,0,0,0,0,0,0,0,pge:12060
PSF-001597,Löhma,50.598000,11.450600,0,0,0,0,0,0,0,0,pge:12062
PSF-001598,Hisar,42.521700,24.735900,0,0,0,0,0,0,0,0,pge:12063
PSF-001599,Boehlen,51.212400,12.368500,2,2,2,2,2,2,2,2,pge:12066
PSF-001600,Yablanitsa,43.034800,24.056300,0,1,2,1,0,0,0,0,pge:12070
PSF-001601,Sperlonga,41.246900,13.460400,0,0,0,0,0,2,2,0,pge:12071
PSF-001602,Aracaju -Morro do Urubu (SE),-10.886800,-37.055000,0,0,0,0,0,0,0,0,pge:12073
PSF-001603,Krynica M.,54.380600,19.412200,2,0,0,0,0,0,0,2,pge:12074
PSF-001604,Reichental,48.727100,8.422970,0,0,0,0,0,0,0,2,pge:12075
PSF-001605,Churchy - Voinagovo,42.587100,24.709400,0,0,0,0,0,0,0,0,pge:12076
PSF-001606,Great Dodd,54.576700,-3.040500,0,0,0,0,0,0,0,0,pge:12077
PSF-001607,Bad Kissingen,50.214700,10.067500,0,0,0,0,0,0,0,0,pge:12079
PSF-001608,Rifle Range,51.106300,-2.272700,0,0,0,2,2,0,0,0,pge:12080
PSF-001609,Tvetaberg,59.147100,17.595100,0,1,2,1,0,1,2,1,pge:12083
PSF-001610,Biberg,47.420400,12.797700,0,0,0,0,0,0,0,0,pge:12084
PSF-001611,"Dadalli Hill, Tarsus",36.973200,34.896900,0,0,0,0,0,0,0,0,pge:12086
PSF-001612,Gołogłowy,50.472600,16.623700,0,0,0,2,1,0,0,0,pge:12087
PSF-001613,Snieznica,49.716700,20.176200,2,1,0,0,0,0,0,1,pge:12088
PSF-001614,Kaunertaler GletscherstraÃŸe,46.874500,10.710800,0,0,0,0,0,0,0,0,pge:12089
PSF-001615,Koenigsheide,49.997800,11.772500,0,0,0,0,0,0,0,0,pge:12090
PSF-001616,Ostplatz,49.171700,13.176500,0,0,0,0,0,2,0,0,pge:12093
PSF-001617,Kithenonas,38.199600,23.299500,0,0,0,0,0,0,0,0,pge:12097
PSF-001618,ÎœÎ‘Î”Î¥Î¤ÎŸÎ£,40.615000,23.546000,0,0,0,0,0,0,0,0,pge:12099
PSF-001619,Eskipazar,40.861500,32.674200,0,0,0,0,0,0,0,0,pge:12101
PSF-001620,Mszana 1,49.488300,21.675500,0,0,0,0,1,2,0,0,pge:12102
PSF-001621,Bucie,49.073600,20.940000,0,0,0,2,2,0,0,0,pge:12103
PSF-001622,Maniago - Monte Jouf,46.176500,12.676000,0,0,1,2,2,0,0,0,pge:12104
PSF-001623,Acorizal-MT - Rampa Sul,-15.116000,-56.217000,0,0,0,1,2,1,0,0,pge:12105
PSF-001624,Beysehir,37.613800,31.692100,0,0,0,0,0,0,0,0,pge:12108
PSF-001625,Cal Roger,42.396200,1.412100,0,0,0,0,1,2,1,0,pge:12109
PSF-001626,"Karadag, Karaman",37.388800,33.138300,0,0,0,2,2,2,0,0,pge:12110
PSF-001627,kirkkiz,39.523900,30.846300,2,2,0,0,0,0,0,2,pge:12114
PSF-001628,Monte Rena,45.782700,9.800450,0,0,0,0,0,0,0,0,pge:12115
PSF-001629,Sagebrush,38.822300,-120.890000,0,0,0,0,0,2,2,2,pge:12116
PSF-001630,Hochzellberg,49.079200,13.128500,0,0,0,0,0,0,0,0,pge:12117
PSF-001631,Strausberg Flugplatz,52.575400,13.910200,0,0,0,0,0,0,0,0,pge:12118
PSF-001632,Milea - Zaxaros,37.493900,21.765400,0,0,0,0,0,0,0,0,pge:12119
PSF-001633,Arxaio Kastro (Aipy),37.539700,21.751800,0,0,0,0,0,0,0,0,pge:12121
PSF-001634,Misunomaru,33.992000,133.964000,1,1,2,2,2,2,2,1,pge:12122
PSF-001635,Watergate Ostsee,54.012900,11.185100,2,2,1,0,0,0,0,2,pge:12123
PSF-001636,Freedom Road,52.817300,-112.280000,0,0,0,0,0,0,0,0,pge:12124
PSF-001637,Michalkow,51.671500,17.919200,0,0,0,0,0,0,0,0,pge:12125
PSF-001638,Monti della Gana 1270m,46.197000,8.907980,0,0,0,2,2,0,0,0,pge:12126
PSF-001639,Héurige Haas,29.350400,-82.463400,0,0,0,0,0,0,0,0,pge:12127
PSF-001640,Welleringhausen,51.348900,8.713920,0,0,0,0,0,0,0,0,pge:12128
PSF-001641,Aghberk,40.536400,45.297200,0,0,0,0,0,0,0,0,pge:12129
PSF-001642,Guzet,42.771400,1.301600,2,1,0,0,0,0,0,0,pge:12130
PSF-001643,Gom Doli,35.651100,129.103000,0,0,0,1,2,1,0,0,pge:12131
PSF-001644,Keadeen,52.951000,-6.589480,0,0,0,0,0,1,2,1,pge:12133
PSF-001645,Grizzly Mountain,44.436300,-120.955000,0,0,0,0,2,2,0,0,pge:12135
PSF-001646,Mount Wellington,-42.893200,147.235000,0,0,0,0,0,0,0,0,pge:12136
PSF-001647,Mt Belbora,-31.992700,152.173000,0,0,0,0,0,0,0,0,pge:12137
PSF-001648,Fitzy's Launch,-34.885800,147.574000,2,2,2,1,0,0,0,0,pge:12138
PSF-001649,Long Ke Wan,22.370200,114.374000,0,1,2,1,0,0,0,0,pge:12139
PSF-001650,Huanta,-13.027400,-74.239700,0,0,0,0,0,0,0,0,pge:12143
PSF-001651,West Mountain (Payson),40.088000,-111.821000,0,0,2,2,0,2,2,2,pge:12145
PSF-001652,Skånes Fagerhult,56.388200,13.470700,0,0,0,0,0,0,0,0,pge:12146
PSF-001653,Switchbacks,61.316000,-149.453000,0,0,0,0,0,0,0,0,pge:12147
PSF-001654,Vrisinas,35.313500,24.506400,2,1,0,0,0,0,1,1,pge:12148
PSF-001655,Szársomlyó,45.855400,18.410500,2,0,1,2,2,2,1,2,pge:12149
PSF-001656,Monte Faro Oeste,42.639300,-7.892900,0,0,0,0,0,1,2,1,pge:12150
PSF-001657,Devils' Ladder  (Carrauntoohill Mtn),51.993500,-9.744920,2,2,0,2,2,2,0,0,pge:12151
PSF-001658,Skinner MT,42.295800,-72.596300,0,0,0,0,0,0,0,0,pge:12152
PSF-001659,The Peninsula,-26.956200,28.145400,0,0,0,0,0,0,0,0,pge:12153
PSF-001660,Parys Glider Airfield,-26.896000,27.497900,0,0,0,0,0,0,0,0,pge:12154
PSF-001661,Mt Cambewarra,-34.801500,150.580000,0,0,0,0,0,0,0,0,pge:12158
PSF-001662,Le Méruz,45.786400,6.426230,2,2,2,2,2,2,2,2,pge:12159
PSF-001663,Gkrika -  Ai Lias,39.472400,20.455900,0,0,0,0,0,0,0,0,pge:12160
PSF-001664,Blue Grouse,49.950700,-119.512000,1,2,1,0,0,0,0,0,pge:12161
PSF-001665,Crimdon,54.727600,-1.250770,0,0,0,0,0,0,0,0,pge:12162
PSF-001666,Canasi - Playa Amarilla,23.146200,-81.800400,2,1,0,0,0,0,0,1,pge:12165
PSF-001667,Normandien,-27.979600,29.706000,0,0,0,0,0,0,0,0,pge:12166
PSF-001668,Lobden,53.663600,-2.151820,0,0,0,0,0,0,0,0,pge:12173
PSF-001669,Sevakavan,39.863800,45.004900,0,0,0,0,0,0,0,0,pge:12174
PSF-001670,Stegna,54.346900,19.117900,2,0,0,0,0,0,0,0,pge:12177
PSF-001671,Nanton Tow Site,50.426400,-113.686000,0,0,0,0,0,0,0,0,pge:12178
PSF-001672,ÎœÎ¬Î¶Î¹Î±,39.684400,20.914100,0,0,0,0,0,0,0,0,pge:12179
PSF-001673,Asklepios Harzklinik,51.890300,10.573900,0,0,0,0,0,0,0,0,pge:12180
PSF-001674,Dreiländereck,46.525000,13.728200,2,2,1,0,0,0,1,2,pge:12181
PSF-001675,Pasabien Rio hondo,15.037600,-89.693100,0,0,0,0,0,0,0,0,pge:12183
PSF-001676,Cerro de la cruz,-29.421500,-66.935000,0,0,1,2,1,0,0,0,pge:12184
PSF-001677,MikeArmenia,40.335900,44.168600,0,0,0,0,0,0,0,0,pge:12185
PSF-001678,Polster,47.532300,14.960900,2,1,1,2,2,2,2,2,pge:12187
PSF-001679,Cucurru Fennugu,39.484000,8.680080,0,0,0,0,0,0,0,2,pge:12189
PSF-001680,Scivu - Fluminimaggiore,39.494100,8.411880,0,0,0,0,0,0,2,0,pge:12190
PSF-001681,ULM laville au bois,48.085900,5.198600,0,0,0,0,0,0,0,0,pge:12192
PSF-001682,Nordhelle Werdohl,51.249100,7.746670,2,0,0,0,0,0,0,1,pge:12199
PSF-001683,Ocaus,44.509900,17.640200,1,2,1,0,0,0,0,0,pge:12200
PSF-001684,SanGermano,45.406600,11.470100,0,0,0,0,0,0,0,0,pge:12201
PSF-001685,"Vic/cère, Les Blattes",44.986900,2.607430,0,0,0,0,0,0,0,0,pge:12203
PSF-001686,Bournak,50.686800,13.711700,0,2,0,0,0,0,0,0,pge:12205
PSF-001687,Cradock tower,-32.124500,25.642000,0,0,0,0,0,0,0,0,pge:12206
PSF-001688,Brandbukampen,60.443000,10.489200,0,0,0,0,0,2,0,0,pge:12207
PSF-001689,Malia,35.307500,25.542400,1,0,0,0,0,0,1,2,pge:12208
PSF-001690,ESSX,59.579600,16.499100,0,0,0,0,0,0,0,0,pge:12209
PSF-001691,Recai Tepe,39.607300,32.807000,0,0,2,0,0,0,0,0,pge:12213
PSF-001692,Föhnbruch,46.902000,12.529900,0,0,0,0,0,0,0,0,pge:12214
PSF-001693,Serra do Cume,38.707200,-27.111200,0,0,0,0,0,0,0,0,pge:12215
PSF-001694,Topolitsa South,42.750500,27.137100,0,0,0,1,2,1,0,0,pge:12216
PSF-001695,Roldanillo - El Pico,4.406680,-76.203400,1,2,2,2,1,0,0,0,pge:12217
PSF-001696,pecenek,39.885000,32.544700,0,0,0,0,0,0,0,0,pge:12218
PSF-001697,Segelfluggelände Montabaur,50.423000,7.829600,0,0,0,0,0,0,0,0,pge:12219
PSF-001698,Leinewiesen,52.001500,9.811500,0,0,0,0,0,0,0,0,pge:12221
PSF-001699,Saddle Mountain,50.261700,-118.945000,0,0,0,0,1,2,0,0,pge:12223
PSF-001700,Ailertchen,50.588700,7.939600,0,0,0,0,0,0,0,0,pge:12225
PSF-001701,ziwuzhen,34.028300,108.919000,0,0,0,0,0,0,0,0,pge:12227
PSF-001702,Cala Mesquida,39.738800,3.450030,1,1,1,2,2,1,1,2,pge:12229
PSF-001703,Holme Moss,53.531800,-1.849870,1,2,1,0,0,0,0,0,pge:12230
PSF-001704,Cerro Sacro,-13.357300,-72.110500,1,0,0,0,0,0,1,2,pge:12232
PSF-001705,Beklemeto (North),42.773600,24.630900,0,0,0,0,0,0,0,0,pge:12235
PSF-001706,Eagle Summit,65.499700,-145.380000,2,2,2,2,2,2,2,2,pge:12238
PSF-001707,Husby Klit,56.259600,8.130580,0,0,0,0,0,1,2,1,pge:12239
PSF-001708,4 Ribeiras,38.765400,-27.220500,0,0,0,0,0,0,0,0,pge:12241
PSF-001709,aérodrome montardoise,48.471500,4.204220,0,0,0,0,0,0,0,0,pge:12242
PSF-001710,Herborn-Hörbach,50.666300,8.256000,0,0,0,0,0,0,0,0,pge:12247
PSF-001711,Flugplatz Sonnen,48.688400,13.697100,0,0,0,0,0,0,0,0,pge:12248
PSF-001712,Halk,55.195100,9.693020,0,0,0,0,0,0,0,0,pge:12250
PSF-001713,Bodenburg Butte,61.540600,-149.055000,0,0,2,2,2,2,0,0,pge:12252
PSF-001714,Döttesfeld,50.639000,7.545830,0,0,0,0,0,0,0,0,pge:12253
PSF-001715,Frauenalpe,47.075000,14.141800,0,0,0,0,0,0,0,0,pge:12254
PSF-001716,Indian Creek Air Park,33.380700,-96.364400,2,1,0,1,2,1,0,1,pge:12256
PSF-001717,Flugplatz Uetersen,53.649700,9.699070,0,0,0,0,0,0,0,0,pge:12257
PSF-001718,Uzungöl (Trabzon),40.602300,40.299900,0,0,0,0,0,0,0,0,pge:12258
PSF-001719,Turbia,50.627400,22.001700,0,0,0,0,0,0,0,0,pge:12259
PSF-001720,Gerakari,39.621900,20.988200,0,0,0,0,0,0,0,0,pge:12261
PSF-001721,Degmarn,49.242500,9.275720,0,0,0,0,0,0,0,0,pge:12262
PSF-001722,Atiquipa,-15.788100,-74.358900,0,0,0,0,0,0,0,0,pge:12263
PSF-001723,Abert Rim Walkup,42.561100,-120.194000,0,0,0,0,0,0,0,0,pge:12264
PSF-001724,Alikes Oropos,38.331400,23.777100,0,0,0,0,0,0,0,0,pge:12269
PSF-001725,PG-Toellose,55.582300,11.757800,2,2,2,2,2,2,2,2,pge:12271
PSF-001726,Lusagyugh,40.621800,44.415100,0,0,0,0,0,0,0,0,pge:12272
PSF-001727,Marmot Hatcher Pass  AK,61.771500,-149.256000,0,0,0,2,2,2,0,0,pge:12274
PSF-001728,Winter Ridge,42.964300,-120.808000,0,0,0,0,0,0,0,0,pge:12277
PSF-001729,Terril de Strépy-Bracquegnies,50.456800,4.133400,1,0,0,0,0,2,0,0,pge:12278
PSF-001730,Yasin village soccer field,36.395800,73.322200,0,0,0,0,0,0,0,0,pge:12282
PSF-001731,Caven,45.928700,13.858800,0,0,2,2,2,0,0,0,pge:12284
PSF-001732,Tusten Nord,62.782500,7.248730,0,0,0,0,0,0,0,0,pge:12291
PSF-001733,Leroys Hayfield,61.556500,-149.351000,0,0,0,0,0,0,0,0,pge:12293
PSF-001734,Веренишко Бърдо,43.422900,23.150600,2,1,1,0,0,0,0,0,pge:12294
PSF-001735,Heuberg,47.617900,12.312300,0,0,0,0,0,0,0,0,pge:12297
PSF-001736,"Sanski Most  ""Magarice""",44.756200,16.630100,0,0,0,0,0,0,0,0,pge:12298
PSF-001737,Flugplatz Asslar,50.602600,8.442520,0,0,0,0,0,0,0,0,pge:12299
PSF-001738,Bezbog,41.745600,23.532700,0,2,0,0,0,0,0,0,pge:12303
PSF-001739,"Pounta, Agia Triada",38.163100,22.221800,0,0,0,0,0,0,0,0,pge:12304
PSF-001740,Plekhanovo,52.640200,39.885900,2,2,2,2,2,2,2,2,pge:12305
PSF-001741,Cozia Peak,45.317100,24.338300,0,0,0,0,0,1,2,0,pge:12307
PSF-001742,Roseneck,49.654700,8.850500,0,0,0,0,0,0,0,0,pge:12309
PSF-001743,Knik River Butte AK,61.508300,-149.028000,0,0,2,2,0,2,2,0,pge:12311
PSF-001744,Serres Airoport,44.455500,5.728200,0,0,0,0,0,0,0,0,pge:12312
PSF-001745,ginosar,32.845700,35.518300,0,0,0,0,0,0,0,0,pge:12314
PSF-001746,aérodrome la cervera,39.330100,-6.350700,0,0,0,0,0,0,0,0,pge:12317
PSF-001747,ELVANKÃ–Y - ETÄ°MESGUT,39.918800,32.621100,0,0,0,0,0,0,0,0,pge:12319
PSF-001748,Curtis Canyon,43.510800,-110.664000,0,0,0,0,0,0,2,2,pge:12320
PSF-001749,Ipf,48.870400,10.355900,2,0,0,0,0,1,1,2,pge:12321
PSF-001750,Sugar Hill,51.504400,-1.656630,0,0,0,0,0,2,0,0,pge:12323
PSF-001751,Eleytheroxori,40.889600,22.376800,0,0,1,2,2,2,0,0,pge:12324
PSF-001752,Lazid (Serfaus),47.033700,10.542500,0,2,2,2,0,0,0,0,pge:12325
PSF-001753,Fónzelar,39.206300,-8.057670,0,0,0,0,0,0,0,0,pge:12326
PSF-001754,Dovjik,50.196500,35.876500,0,0,0,0,0,0,0,0,pge:12329
PSF-001755,Steinbruch Achenbach,50.868000,8.410820,0,0,0,0,0,0,0,0,pge:12330
PSF-001756,Zirbitz,47.058700,14.552300,0,0,0,0,0,0,0,0,pge:12331
PSF-001757,Î Ï.Î—Î»Î¯Î±Ï‚ Î£Ï„Î±Ï…ÏÎ¿ÏÏ€Î¿Î»Î·Ï‚,41.199200,24.732300,0,0,0,0,0,0,0,0,pge:12332
PSF-001758,Dolni Zalezly,50.607100,14.035900,0,0,0,2,2,2,0,0,pge:12334
PSF-001759,Callisto Launch,47.686600,-122.963000,0,0,0,1,1,1,0,0,pge:12335
PSF-001760,Kurai,50.305200,87.865600,0,0,0,0,0,0,0,0,pge:12336
PSF-001761,Sacramento,33.312300,-115.932000,0,0,0,0,0,0,0,0,pge:12343
PSF-001762,Borovec - Sitniakovo,42.257500,23.607000,2,2,0,0,0,0,0,1,pge:12346
PSF-001763,Itamonte - Casa Alpina (MG),-22.372900,-44.817700,2,2,0,0,0,0,0,2,pge:12347
PSF-001764,Plymouth -Peaked Cliff,41.804800,-70.533600,0,0,0,0,0,0,0,0,pge:12348
PSF-001765,"morro pelado , Tarumirim",-19.310000,-41.983400,0,0,0,0,0,0,0,0,pge:12351
PSF-001766,Tarumirim,-19.274000,-42.019300,0,0,0,0,0,0,0,0,pge:12352
PSF-001767,Engenheiro Caldas,-19.194800,-42.018100,0,0,0,0,0,0,0,0,pge:12353
PSF-001768,Schwaigau,49.359600,10.339500,0,0,0,0,0,0,0,0,pge:12354
PSF-001769,Baba,35.313700,33.245400,0,0,0,0,0,0,0,0,pge:12356
PSF-001770,Voorberg,-34.349300,18.888200,0,0,0,0,0,0,0,0,pge:12357
PSF-001771,YongAnShan,29.873500,119.921000,0,0,0,0,0,1,2,1,pge:12358
PSF-001772,FertÅ‘rÃ¡kos,47.744400,16.614300,2,0,0,2,2,0,0,2,pge:12359
PSF-001773,Hainberg,50.163900,11.523700,0,0,0,0,0,0,0,0,pge:12360
PSF-001774,Norheim,49.806100,7.821470,2,0,0,0,0,0,0,0,pge:12361
PSF-001775,Alsfeld,50.751400,9.250400,0,0,0,0,0,0,0,0,pge:12363
PSF-001776,Uba/ Divinesia -Rampa do Gaucho,-21.022000,-42.993300,0,0,0,0,0,0,0,0,pge:12365
PSF-001777,Mount ScanapÃ,45.917800,10.088100,0,0,0,0,0,0,0,0,pge:12367
PSF-001778,Meteora,39.708400,21.640700,0,0,0,0,0,0,0,0,pge:12368
PSF-001779,Stonehenge,50.125300,36.055700,0,0,0,0,0,0,0,0,pge:12369
PSF-001780,Maronia,40.901000,25.438800,0,0,0,0,0,0,0,0,pge:12370
PSF-001781,"Mahmatli, Aksaray",38.231600,34.149000,0,0,0,0,0,0,0,0,pge:12372
PSF-001782,Arkoma Sod Farms,35.347100,-94.467200,0,0,0,0,0,0,0,0,pge:12373
PSF-001783,Becca d'Avers,45.797400,7.530000,0,0,0,1,2,1,0,0,pge:12374
PSF-001784,Chamois,45.853300,7.642900,0,0,0,0,2,2,0,0,pge:12375
PSF-001785,Hüseyin Gazi (Zile),40.278400,35.897400,0,0,0,0,0,0,0,0,pge:12377
PSF-001786,Caratinga - Pedra Itaúna,-19.793100,-42.124500,0,0,0,0,0,0,0,0,pge:12383
PSF-001787,Dikorfo Zagoriou,39.771700,20.796200,0,0,0,0,1,1,1,0,pge:12386
PSF-001788,Iwayasan Flight Area,35.239800,134.979000,2,2,2,0,0,0,1,2,pge:12388
PSF-001789,Flugplatz Neu Anspach,50.289100,8.532150,0,0,0,0,0,0,0,0,pge:12389
PSF-001790,grebenzen,47.040700,14.329700,0,0,0,0,0,0,0,0,pge:12390
PSF-001791,Lepetimnos,39.347600,26.261200,0,0,0,0,0,0,0,0,pge:12391
PSF-001792,Metzingen,52.670800,10.371200,0,1,0,0,0,2,0,0,pge:12392
PSF-001793,Hochkippe RoÃŸbach,51.252700,11.882500,0,0,0,0,0,0,0,0,pge:12393
PSF-001794,Bouka,38.919600,21.143900,0,0,0,0,0,0,0,0,pge:12395
PSF-001795,Liebenau,50.787200,13.841100,0,1,2,1,0,1,2,1,pge:12400
PSF-001796,La Union,4.565280,-76.101700,0,0,1,2,2,1,0,0,pge:12402
PSF-001797,Gamskarkogel,47.160000,13.156100,0,0,0,0,0,0,0,0,pge:12404
PSF-001798,Itacimirim - BA,-12.622500,-38.045300,0,0,0,0,0,0,0,0,pge:12405
PSF-001799,Luskus,55.378400,86.197900,0,0,0,0,0,0,0,0,pge:12407
PSF-001800,São Joaquim do Monte,-8.461120,-35.786200,0,0,0,2,2,0,0,0,pge:12409
PSF-001801,Schloss Marihn,53.529700,12.992900,0,0,0,0,0,0,0,0,pge:12411
PSF-001802,Eschenau/Paradies,49.128300,9.407880,0,0,0,0,0,0,0,0,pge:12412
PSF-001803,Blafell,64.499000,-19.893700,0,0,0,0,0,0,0,0,pge:12417
PSF-001804,Col du Granon,44.959900,6.592000,0,0,0,2,0,0,0,0,pge:12418
PSF-001805,ESSX,59.581100,16.440500,0,0,0,0,0,0,0,0,pge:12420
PSF-001806,Porto de Sauipe - BA,-12.404900,-37.890700,0,0,0,0,0,0,0,0,pge:12421
PSF-001807,Limoeiro - Dida,-7.875800,-35.513900,0,0,1,2,1,0,0,0,pge:12422
PSF-001808,Aurland,60.918300,7.225000,0,1,1,1,1,2,2,2,pge:12426
PSF-001809,Imbassai - BA,-12.555000,-38.006500,0,0,0,0,0,0,0,0,pge:12427
PSF-001810,Bastenberg,51.705200,9.324850,0,0,0,0,0,0,0,0,pge:12429
PSF-001811,Santa Rita de Itapipoca,-3.525430,-39.597800,0,0,0,0,0,0,0,0,pge:12430
PSF-001812,Guanabano - La Cadena,-1.713100,-80.379600,0,0,0,0,0,0,0,0,pge:12431
PSF-001813,Wells Lane,30.412600,-97.441100,0,0,0,0,0,0,0,0,pge:12432
PSF-001814,Whitewool,50.980300,-1.073130,0,0,0,0,0,0,0,0,pge:12433
PSF-001815,Horcum,54.334500,-0.701067,0,0,0,0,0,0,0,0,pge:12434
PSF-001816,Nikfer Bozdag,37.358500,29.167400,0,0,0,0,0,0,2,2,pge:12435
PSF-001817,Doubrava,49.432800,13.202800,0,0,0,0,0,0,2,0,pge:12436
PSF-001818,Wahrberg,51.676100,9.941130,0,0,0,0,0,0,0,0,pge:12438
PSF-001819,Solonovka,51.972500,84.592200,0,0,0,0,0,0,0,0,pge:12440
PSF-001820,Big Lake Airport,61.535800,-149.800000,0,0,0,0,0,0,0,0,pge:12441
PSF-001821,Stockberg,47.224200,9.237660,0,0,0,0,0,1,2,0,pge:12445
PSF-001822,Tatevi Vank,39.351000,46.247000,0,0,0,0,0,0,0,0,pge:12446
PSF-001823,Cannon Mountain Ski Area,44.158100,-71.699400,2,2,0,0,0,0,0,0,pge:12449
PSF-001824,Rotheck,47.473400,12.756400,0,0,0,0,0,0,0,0,pge:12450
PSF-001825,Magura Branului (Predelutului),45.524600,25.319400,1,2,0,0,0,0,0,0,pge:12452
PSF-001826,Crawford,41.670700,-111.097000,0,0,0,0,0,2,2,2,pge:12453
PSF-001827,Kautenbach,49.952200,6.031580,2,0,0,0,0,0,0,1,pge:12454
PSF-001828,Carro Quebrado - AL,-9.359920,-35.474200,0,0,0,0,0,0,0,0,pge:12455
PSF-001829,Velika Strazbenica,44.390700,16.424400,0,0,0,0,0,0,0,0,pge:12459
PSF-001830,Romanija,43.889900,18.648400,0,0,0,0,0,0,0,0,pge:12460
PSF-001831,7 lakes,42.216800,23.317100,2,2,0,0,0,0,0,0,pge:12463
PSF-001832,Hanopoulo,39.202500,20.947900,0,0,0,0,0,0,0,0,pge:12464
PSF-001833,Nara,46.476100,8.878670,0,0,0,0,0,0,0,0,pge:12465
PSF-001834,Obermaubach,50.714100,6.449030,0,0,0,0,0,0,0,0,pge:12466
PSF-001835,Liebschuetz,51.355500,13.142800,0,0,0,0,0,0,0,0,pge:12469
PSF-001836,Wonnegau,49.620300,8.271950,0,0,0,0,0,0,0,0,pge:12470
PSF-001837,Delmiro Gouveia - AL,-9.396350,-38.009800,0,0,0,0,0,0,0,0,pge:12471
PSF-001838,Matanuska Glacier Airstrip,61.789100,-147.774000,0,0,0,0,0,0,0,0,pge:12472
PSF-001839,Uribante Caparo,7.950380,-71.724600,0,0,0,0,0,0,0,0,pge:12474
PSF-001840,Issarbe,43.022900,-0.797650,0,0,0,0,0,0,0,0,pge:12476
PSF-001841,Sarayar,42.681300,25.460100,0,0,0,2,2,1,0,0,pge:12478
PSF-001842,Lagazuoi,46.527800,12.003800,0,0,0,0,0,0,0,0,pge:12480
PSF-001843,Î§ÏÏ…ÏƒÎ® Î†Î¼Î¼Î¿Ï‚ Î†Î½Î´ÏÎ¿Ï‚,37.877500,24.760500,0,0,0,0,0,0,0,0,pge:12481
PSF-001844,Fossil Rock,25.146500,55.835400,1,0,0,0,0,0,2,2,pge:12483
PSF-001845,FLY IN DIOAN,40.835800,22.405800,0,0,0,0,0,0,0,0,pge:12484
PSF-001846,kremasto gidi (limanakia),37.801200,23.795200,0,0,0,0,0,0,0,0,pge:12486
PSF-001847,hazor haglilit,32.975300,35.549600,0,0,0,0,0,0,0,0,pge:12487
PSF-001848,Schwaney-Buke,51.714500,8.901920,0,0,0,0,0,0,0,0,pge:12489
PSF-001849,Bergstein,50.692500,6.414250,0,0,0,0,0,0,0,0,pge:12490
PSF-001850,Stachelhardt,50.781000,7.376700,0,0,0,0,2,0,0,0,pge:12492
PSF-001851,High Hells,-30.745900,150.727000,0,0,0,0,0,0,0,0,pge:12501
PSF-001852,Valley-Street,-30.330400,150.335000,0,0,0,0,0,0,0,0,pge:12502
PSF-001853,Serra Gorda,37.785900,-25.682000,2,2,2,2,2,2,2,2,pge:12503
PSF-001854,Mandri,38.485700,22.473500,0,0,0,0,0,0,0,0,pge:12507
PSF-001855,Araxova,38.491800,22.549700,0,0,0,0,0,0,0,0,pge:12508
PSF-001856,Matasanos (Barbosa),6.455610,-75.363200,0,0,1,2,1,0,0,0,pge:12509
PSF-001857,Lönstrup denmark,57.477200,9.798830,0,0,0,0,0,0,2,2,pge:12512
PSF-001858,Orotavá,38.378500,-0.657550,0,0,0,0,0,0,0,0,pge:12514
PSF-001859,Teufelsberg,49.910100,10.984300,0,0,0,0,0,0,0,0,pge:12515
PSF-001860,Højer,54.993000,8.655370,0,0,0,0,0,1,2,1,pge:12516
PSF-001861,Boxberg,49.392300,9.528350,0,0,0,0,0,0,0,0,pge:12517
PSF-001862,Beauvechain,50.753400,4.783630,2,0,2,0,2,0,2,0,pge:12518
PSF-001863,Kastri (Muli hill),39.710100,20.763900,0,0,0,0,0,0,0,0,pge:12519
PSF-001864,Kohlberg,49.594200,12.032400,0,0,0,0,0,2,2,2,pge:12521
PSF-001865,Lianenstrasse,50.686900,8.061230,0,0,0,0,0,0,0,0,pge:12522
PSF-001866,Monte Ragola,44.587400,9.542180,0,0,0,2,2,2,0,0,pge:12523
PSF-001867,Poste de Gaz,49.102900,7.229820,0,0,0,0,0,0,0,0,pge:12525
PSF-001868,Rogachevo,43.368300,28.018000,0,2,2,2,0,0,0,0,pge:12526
PSF-001869,Steiniger Hügel,50.477300,11.149700,0,0,0,0,0,0,0,0,pge:12527
PSF-001870,Ferring,56.520600,8.117430,0,0,0,0,0,0,0,0,pge:12528
PSF-001871,Singkarak,-0.543067,100.477000,0,0,0,0,0,0,0,0,pge:12529
PSF-001872,Schwitzberg,52.195200,14.586100,0,0,0,0,0,0,0,0,pge:12534
PSF-001873,Rorschacherberg,47.454400,9.500170,0,0,0,0,0,0,0,0,pge:12535
PSF-001874,Jelaim A´Hansos,32.002200,34.885300,0,0,0,0,0,0,0,0,pge:12536
PSF-001875,Portoscuso,39.248300,8.398030,0,0,0,0,0,0,2,2,pge:12537
PSF-001876,Kaka,-18.391900,-43.728700,0,0,0,0,0,0,0,0,pge:12540
PSF-001877,Flehingen,49.075500,8.805420,0,0,0,0,0,0,0,0,pge:12541
PSF-001878,Langer Seibler,49.182500,7.418420,0,0,0,0,0,0,0,0,pge:12543
PSF-001879,Gudauri,42.487100,44.501700,0,0,1,1,1,2,1,0,pge:12547
PSF-001880,Kranzhorn,47.700200,12.185600,0,0,0,0,0,0,0,0,pge:12553
PSF-001881,Castillo,42.062400,0.589050,0,0,0,0,0,0,0,0,pge:12557
PSF-001882,Graus,42.107100,0.607433,0,0,0,0,0,0,0,0,pge:12558
PSF-001883,Sierra de Mongay,42.086700,0.728083,0,0,0,0,0,0,0,0,pge:12559
PSF-001884,Compostello,46.693900,11.373900,0,0,0,0,0,0,0,0,pge:12562
PSF-001885,Lubenice,44.888800,14.329500,0,0,0,0,0,0,0,0,pge:12565
PSF-001886,Aeródromo de Castelo Branco,39.852600,-7.452070,0,0,0,0,0,0,0,0,pge:12566
PSF-001887,Mullaghmesha Mtn. (W),51.702000,-9.330580,1,0,0,0,0,0,2,2,pge:12567
PSF-001888,Snaekollur,64.642500,-19.249100,0,0,0,0,0,0,0,0,pge:12571
PSF-001889,Chochongés,44.486800,5.683480,0,0,0,0,0,0,0,0,pge:12574
PSF-001890,Am Görgen,47.459000,12.886500,0,0,0,0,0,0,0,0,pge:12576
PSF-001891,Il Colaturo - Serra Traversa,41.722900,13.784000,0,0,0,0,0,0,0,0,pge:12578
PSF-001892,Hartenrod Skihang,50.751900,8.455650,0,0,0,0,0,0,0,0,pge:12583
PSF-001893,Monte Conero - Portonovo,43.565200,13.577300,1,2,1,0,0,0,0,0,pge:12585
PSF-001894,Yelagiri (Ramakrishna),12.575800,78.614100,0,0,0,0,0,0,0,0,pge:12586
PSF-001895,Vrachos,39.173300,20.562000,0,0,0,0,0,0,0,0,pge:12587
PSF-001896,Kackarag,37.438200,33.188300,0,0,0,0,0,0,0,0,pge:12588
PSF-001897,Skiades,39.329500,20.750700,0,0,0,0,0,0,0,0,pge:12589
PSF-001898,Rengersche,49.403500,9.724020,0,0,0,0,0,0,0,0,pge:12591
PSF-001899,Haystack,44.470100,-121.153000,0,0,0,0,0,0,0,0,pge:12603
PSF-001900,Pen Cerrig Calch,51.887600,-3.134970,0,0,0,0,2,1,0,0,pge:12605
PSF-001901,Limoeiro Do Norte,-5.124300,-38.036000,0,0,0,0,0,0,0,0,pge:12607
PSF-001902,Afonso Claudio - Guandú,-20.234500,-41.101000,2,2,1,0,0,0,0,2,pge:12616
PSF-001903,Rolante (RS),-29.591200,-50.531200,0,0,2,2,2,2,2,2,pge:12617
PSF-001904,Korchon,28.390200,83.934900,0,0,0,0,0,0,0,0,pge:12621
PSF-001905,Porto de Abrigo,33.065000,-16.317300,0,0,0,1,2,2,0,0,pge:12622
PSF-001906,Costa de Arnes,40.150700,-8.670050,0,0,0,0,0,0,0,0,pge:12625
PSF-001907,Cabanas de Tavira,37.145300,-7.576750,0,0,0,0,0,0,0,0,pge:12626
PSF-001908,Deco lado sul da Barra do Kwanza,-9.380940,13.164900,0,0,0,0,0,0,0,0,pge:12627
PSF-001909,Santa Barbara,38.730100,-27.317700,0,0,0,0,0,0,0,0,pge:12628
PSF-001910,Serra sicó junto eolicas,39.934700,-8.555070,0,0,0,0,0,0,0,0,pge:12631
PSF-001911,Praia da vieira,39.881600,-8.969250,0,0,0,0,0,0,0,0,pge:12632
PSF-001912,golegã,39.436500,-8.462820,0,0,0,0,0,0,0,0,pge:12635
PSF-001913,Anoixi,38.133200,23.854500,0,0,0,0,0,0,0,0,pge:12637
PSF-001914,LEHAIO,37.930700,22.861200,0,0,0,0,0,0,0,0,pge:12638
PSF-001915,ASPROPIRGOS,38.106400,23.613300,0,0,0,0,0,0,0,0,pge:12639
PSF-001916,TSABIKA,36.233800,28.150900,0,0,0,0,0,0,0,0,pge:12642
PSF-001917,Marlens,45.777500,6.339500,2,2,2,2,2,2,2,2,pge:12643
PSF-001918,Î‘vdira,40.933700,24.966900,0,0,0,0,0,0,0,0,pge:12645
PSF-001919,Steckweiler,49.683700,7.816650,0,0,0,0,0,0,0,0,pge:12646
PSF-001920,Sykaminia,39.364200,26.299700,0,0,0,0,0,0,0,0,pge:12647
PSF-001921,LGKC,36.269900,23.014200,0,0,0,0,0,0,0,0,pge:12648
PSF-001922,Agios Ioannis,38.847000,20.690100,0,0,0,0,0,0,0,0,pge:12650
PSF-001923,Darmantsi,43.115200,23.718400,1,0,0,0,0,0,1,2,pge:12651
PSF-001924,Markovo,42.047600,24.711500,2,1,0,0,0,0,1,2,pge:12652
PSF-001925,Dobrostan,41.909400,24.931100,1,2,2,1,0,0,0,0,pge:12653
PSF-001926,Kamaka,43.124100,25.657000,2,1,0,0,0,0,0,2,pge:12654
PSF-001927,Vulchata skala,42.602000,23.286900,2,2,1,0,0,0,0,0,pge:12655
PSF-001928,Lyaskovets,43.091000,25.706200,0,1,2,2,1,0,0,0,pge:12656
PSF-001929,Asenovgrad,41.981900,24.873600,0,0,0,0,0,0,0,0,pge:12657
PSF-001930,Околчица,43.152500,23.584700,1,2,1,0,0,0,0,0,pge:12658
PSF-001931,Alpera,39.008100,-1.239850,0,0,1,2,1,0,0,0,pge:12660
PSF-001932,Jumilla,38.508100,-1.257030,0,0,0,0,0,0,0,0,pge:12661
PSF-001933,Dolina,43.554900,27.662900,0,0,0,0,2,2,0,0,pge:12662
PSF-001934,LBBO,43.311700,24.680300,0,0,0,0,0,0,0,0,pge:12663
PSF-001935,Glufishevo,42.531400,26.324800,1,2,2,0,0,0,0,0,pge:12664
PSF-001936,Gradishte,43.314100,26.829900,0,0,0,0,0,0,0,0,pge:12665
PSF-001937,Brestovica,42.063300,24.587900,1,0,0,0,0,1,2,2,pge:12666
PSF-001938,Каранци,43.364100,25.676900,0,0,0,0,0,0,0,0,pge:12667
PSF-001939,Bayramoren north,40.971200,33.209000,0,0,0,2,2,2,0,0,pge:12668
PSF-001940,Todorka,41.758400,23.435800,2,2,2,1,0,0,0,1,pge:12669
PSF-001941,Vitanovci,42.635300,22.984500,2,0,0,0,0,0,0,2,pge:12670
PSF-001942,Zlatitsa,42.730200,24.092300,0,0,0,0,0,0,0,0,pge:12671
PSF-001943,Shipka,42.733700,25.321200,0,0,0,0,0,0,0,0,pge:12672
PSF-001944,Muratli Kafasý Kesik Horoz Tepesi,37.043600,35.003400,0,0,0,0,0,0,0,0,pge:12674
PSF-001945,"Ityelmez, Zile, Tokat",40.223900,35.878900,0,0,0,0,0,0,0,0,pge:12677
PSF-001946,"Oksuruktepe, Sebinkarahisar",40.307500,38.400800,0,0,0,0,0,0,0,0,pge:12678
PSF-001947,Hundred House (Builth Wells / Fforest farm),52.162000,-3.342500,2,1,0,0,0,0,0,1,pge:12683
PSF-001948,Cirium (Kourion),34.668700,32.881800,0,0,0,1,1,1,1,0,pge:127
PSF-001949,Comsa,53.498300,49.244500,0,0,0,0,0,0,0,0,pge:12717
PSF-001950,Bliznica,48.216500,24.234200,0,0,0,0,0,0,0,0,pge:12718
PSF-001951,Lukvycja,48.742600,24.239000,0,0,0,0,0,0,0,0,pge:12719
PSF-001952,Apetska mount,48.180400,23.996100,0,0,0,0,0,0,0,0,pge:12720
PSF-001953,Kornin,50.556800,26.322200,0,0,0,0,0,0,0,0,pge:12721
PSF-001954,Turn to Motovilovksa,50.158000,30.211800,0,0,0,0,0,0,0,0,pge:12722
PSF-001955,Lozovay,48.852800,36.378600,0,0,0,0,0,0,0,0,pge:12723
PSF-001956,Rowy,54.657800,17.033600,0,0,0,0,0,0,0,0,pge:12726
PSF-001957,Moclin,37.327100,-3.808530,0,0,2,2,2,0,0,0,pge:12728
PSF-001958,Shanes Hill,54.820000,-5.924950,0,0,0,0,0,0,0,0,pge:12729
PSF-001959,Abelenda,42.397900,-8.294600,0,0,0,0,0,0,0,0,pge:12730
PSF-001960,Derdinger Horn,49.044200,8.802420,0,0,0,0,0,0,0,0,pge:12731
PSF-001961,Koropi,37.889600,23.858600,0,0,0,0,0,0,0,0,pge:12734
PSF-001962,Niger Peak,-44.519100,168.857000,0,0,0,0,0,0,0,0,pge:12735
PSF-001963,Taucha,51.399100,12.540700,0,0,0,0,0,0,0,0,pge:12736
PSF-001964,Avenue L,34.642200,-118.288000,0,0,0,0,0,0,0,0,pge:12739
PSF-001965,Acantilados de Chanteiro y Ares,43.423000,-8.258420,0,0,0,0,0,0,0,0,pge:12741
PSF-001966,Craigieburn 1525,-43.130300,171.719000,0,0,0,0,0,0,0,0,pge:12743
PSF-001967,San Pedro,14.713800,-91.292200,0,0,0,0,0,0,0,0,pge:12744
PSF-001968,Beberibe - Morro Branco,-4.162720,-38.101700,0,0,0,0,0,0,0,0,pge:12745
PSF-001969,Kourarau,-41.071900,175.700000,0,0,0,0,0,0,0,0,pge:12747
PSF-001970,Morro do Macaco-Canto Grande,-27.200800,-48.495600,0,0,0,0,0,0,0,0,pge:12749
PSF-001971,Sabiaguaba Ce,-3.798650,-38.423700,0,0,0,0,0,0,0,0,pge:12750
PSF-001972,Relleno,42.412800,-8.865320,0,0,0,0,0,0,0,0,pge:12751
PSF-001973,nevsha south,43.291600,27.310900,0,0,0,0,0,0,0,0,pge:12752
PSF-001974,Khatabundah,-31.830100,152.356000,0,2,2,2,0,0,0,0,pge:12753
PSF-001975,Varre Sai,-20.954500,-41.845500,0,0,0,0,0,0,0,0,pge:12757
PSF-001976,boca do inferno,-30.053500,22.247500,0,0,0,0,0,0,0,0,pge:12760
PSF-001977,Mount Lukens,34.267600,-118.239000,0,0,0,0,0,0,0,0,pge:12762
PSF-001978,Kamala Somerset East EC,-32.676400,25.469700,0,0,0,0,0,0,0,0,pge:12763
PSF-001979,Florida Ridge Flight Park,26.752300,-81.262100,0,0,0,0,0,0,0,0,pge:12765
PSF-001980,Vougies,35.011000,33.514400,1,2,0,1,2,0,0,1,pge:12767
PSF-001981,Renosterkop,-25.590600,28.951700,0,0,0,0,0,0,0,0,pge:12771
PSF-001982,Aviators Paradise,-25.691700,27.782900,0,0,0,0,0,0,0,0,pge:12772
PSF-001983,Kostandenets,43.501900,26.612300,0,0,0,0,0,0,2,2,pge:12773
PSF-001984,LA AGUADA,8.563770,-71.095800,0,0,0,0,0,0,0,0,pge:12774
PSF-001985,Klimentovo,43.353400,25.617000,0,0,0,0,0,1,2,2,pge:12775
PSF-001986,Мало Пещене,43.355100,23.743600,0,0,0,1,2,1,0,0,pge:12776
PSF-001987,Half Moon Bay Poplar Beach,37.456100,-122.445000,0,0,0,0,0,2,2,2,pge:12778
PSF-001988,Giant,22.062100,-159.352000,0,0,0,0,0,0,0,0,pge:12779
PSF-001989,Corralillo Guisa,20.245100,-76.509000,0,1,2,1,0,0,0,0,pge:12782
PSF-001990,Mount Wedge,-42.842900,146.293000,0,0,0,0,0,0,0,0,pge:12789
PSF-001991,razdelna,43.162700,27.642500,1,0,0,0,0,0,0,2,pge:12792
PSF-001992,Serra grande - BA,-14.474700,-39.030200,0,0,1,2,2,0,0,0,pge:12793
PSF-001993,Antena de Potrerito,9.994580,-67.451700,0,0,0,0,0,0,0,0,pge:12797
PSF-001994,Omblos (Patras),38.178900,21.767000,1,0,0,0,0,0,2,2,pge:128
PSF-001995,Tifnit,30.183700,-9.638440,0,0,0,0,0,0,2,0,pge:12800
PSF-001996,Uglovo,60.071400,30.718500,0,0,0,0,0,0,0,0,pge:12802
PSF-001997,Dalby Aerodrome,-27.162474,151.264515,0,0,0,0,0,0,0,0,pge:12803;siteguide_au:22-1
PSF-001998,Sant Just - West,40.770400,-0.816350,0,0,0,0,0,0,0,0,pge:12804
PSF-001999,Grofit,29.946800,35.062900,0,0,0,0,0,0,0,0,pge:12807
PSF-002000,Ballos Bay,35.529100,23.606000,0,2,2,2,0,0,0,0,pge:12809
PSF-002001,Dunn,33.840000,-86.395500,0,0,0,0,0,0,0,0,pge:12810
PSF-002002,Winde Hockenheim,49.326500,8.526400,0,0,0,0,0,0,0,0,pge:12812
PSF-002003,Har Barkan,32.513700,35.411900,2,1,0,0,0,0,0,1,pge:12815
PSF-002004,Opfertshofen,47.773700,8.656920,0,0,0,0,0,0,0,0,pge:12816
PSF-002005,Michelsberg - Burghausen,50.252400,10.159100,0,0,0,0,0,0,0,0,pge:12817
PSF-002006,Perun,44.121600,18.279900,0,0,0,0,0,0,0,0,pge:12819
PSF-002007,Neubürg,49.887700,11.405200,0,0,0,0,0,0,0,0,pge:12820
PSF-002008,Supugelik,40.547600,29.302600,0,0,0,0,0,0,0,0,pge:12823
PSF-002009,Kalifytos,41.184600,24.253900,0,0,2,2,0,0,2,2,pge:12824
PSF-002010,Lipovac,44.680000,17.295200,0,0,0,0,0,0,0,0,pge:12827
PSF-002011,Minster,51.422600,0.849717,0,2,0,0,0,0,0,0,pge:12829
PSF-002012,Eichelberg,49.189900,8.803850,0,0,0,0,0,0,0,0,pge:12831
PSF-002013,Alburqueque,39.265400,-6.979400,0,0,0,0,0,0,0,0,pge:12832
PSF-002014,ANO STAYROS,40.633600,23.726400,0,0,0,0,0,0,0,0,pge:12834
PSF-002015,katselovo,43.532200,26.045500,0,0,0,0,0,0,0,0,pge:12835
PSF-002016,Yalikoy,41.452600,28.377800,0,0,0,0,0,0,0,0,pge:12836
PSF-002017,Pico da Ana Ferreira,33.048300,-16.365100,0,0,0,2,2,2,0,0,pge:12837
PSF-002018,Lajes do Pico,38.415200,-28.244500,0,0,0,0,0,0,0,0,pge:12839
PSF-002019,Tambillos,-30.224200,-71.188700,0,0,0,0,0,0,0,0,pge:12841
PSF-002020,Lomas del Rincon,-32.734100,-71.357300,0,0,0,0,0,0,0,0,pge:12842
PSF-002021,Cerro Grande,-29.957300,-71.211300,0,0,0,0,0,0,0,0,pge:12843
PSF-002022,Brillador,-29.829000,-71.214600,0,0,0,0,0,0,0,0,pge:12844
PSF-002023,Loma Lisa,10.092900,-67.380800,0,0,0,0,0,0,0,0,pge:12845
PSF-002024,Salvador - N/NE,39.755100,-6.941770,0,0,0,0,0,0,0,0,pge:12847
PSF-002025,Schleppwiese Vierruthenberg,52.848000,12.822800,0,0,0,0,0,0,0,0,pge:12848
PSF-002026,Bakadjika,42.451800,26.646300,2,0,0,0,0,2,0,2,pge:12851
PSF-002027,Tatoi Airport - LGTT,38.103200,23.779900,0,0,0,0,0,0,0,0,pge:12853
PSF-002028,"Dagyenice, Bursa",40.154400,28.937200,0,0,0,0,0,0,0,0,pge:12854
PSF-002029,Mount Roland,-41.458600,146.279000,0,0,0,0,0,0,0,0,pge:12857
PSF-002030,Lutra,34.936100,24.956200,0,0,0,0,0,0,0,0,pge:12858
PSF-002031,Kalikratia,40.323000,23.025200,0,0,0,0,0,0,0,0,pge:12859
PSF-002032,Reim,31.371300,34.469800,0,0,0,0,0,0,0,0,pge:12860
PSF-002033,Wandelitzen,46.702500,14.634900,0,0,0,0,0,0,0,0,pge:12861
PSF-002034,Jyllandsringen,56.179100,9.659570,0,0,0,0,0,0,0,0,pge:12862
PSF-002035,Bergäcker-Langenberg,49.766300,10.444600,0,0,0,0,0,0,0,0,pge:12865
PSF-002036,Hallan,32.127500,77.184000,0,0,0,1,2,1,0,0,pge:12870
PSF-002037,Zeyniler,40.166900,29.108600,0,0,0,0,0,0,0,0,pge:12875
PSF-002038,caripe arbolitos,10.216300,-63.534500,0,0,0,0,0,0,0,0,pge:12877
PSF-002039,rampa de jandaia,-17.063600,-50.114500,0,0,0,0,0,0,0,0,pge:12878
PSF-002040,Velyka Krucha,50.153300,32.524700,0,0,0,0,0,0,0,0,pge:12879
PSF-002041,Cakirli Beldesi- Orhangazi,40.523800,29.444900,0,0,0,0,0,0,0,0,pge:12884
PSF-002042,St. Martin,46.635900,10.867000,0,0,0,0,0,0,0,0,pge:12887
PSF-002043,Missão - Senhor do Bonfim - Ba,-10.518200,-40.247200,0,0,0,0,0,0,0,0,pge:12888
PSF-002044,Neahkahnie,45.743600,-123.960000,0,0,0,0,0,0,0,0,pge:12890
PSF-002045,Kanifnath Temple,18.409700,73.960200,0,0,0,0,0,0,0,0,pge:12895
PSF-002046,The 1500,34.342800,-118.433000,0,0,0,0,0,0,0,0,pge:12897
PSF-002047,Standard Tow Site,50.928600,-113.005000,0,0,0,0,0,0,0,0,pge:12898
PSF-002048,Kopitoto,42.637400,23.242800,0,0,0,0,0,1,2,1,pge:12899
PSF-002049,Skiadas,37.874100,21.697700,0,0,0,0,0,0,1,1,pge:129
PSF-002050,Dog Mt Coliumbia River Gorge (Closed),45.714900,-121.702000,0,0,0,0,0,0,0,0,pge:12900
PSF-002051,SERRA DO MURUPU,3.166130,-60.703400,0,0,0,0,0,0,0,0,pge:12902
PSF-002052,Vokhchaberd range,40.160700,44.778500,0,0,0,0,0,0,0,0,pge:12904
PSF-002053,PLAKA ELOUNDA,35.308700,25.728700,0,0,0,0,0,0,0,0,pge:12905
PSF-002054,Vulcan Tow rd. 161,50.321400,-113.255000,0,0,0,0,0,0,0,0,pge:12906
PSF-002055,Czaszyn,49.450300,22.228100,0,0,0,0,0,0,0,0,pge:12908
PSF-002056,Leki Koscielne,52.171200,19.494400,0,0,0,0,0,0,0,0,pge:12909
PSF-002057,Sidirohori Kastoria,40.598900,21.262300,0,0,0,0,0,0,0,0,pge:12910
PSF-002058,Elleringhausen-Limberg,51.336400,8.564470,0,0,0,0,0,0,0,0,pge:12911
PSF-002059,Biskupice,50.694800,19.287200,0,0,0,0,0,0,0,0,pge:12913
PSF-002060,Myggenäs,58.058500,11.739200,0,0,0,0,0,0,0,0,pge:12915
PSF-002061,Mt. Roberts,58.294200,-134.377000,0,0,0,0,0,0,0,0,pge:12919
PSF-002062,Kranevo,43.331000,28.064700,0,1,2,1,0,0,0,0,pge:12920
PSF-002063,Tatry - Kopa,49.254900,20.003700,2,0,0,0,0,0,0,1,pge:12921
PSF-002064,Enjoy Field,40.974300,-88.003700,0,0,0,0,0,0,0,0,pge:12922
PSF-002065,La Magdeleine,45.814600,7.606500,0,0,0,1,2,1,0,0,pge:12923
PSF-002066,Provadia,43.208400,27.416200,0,2,2,2,0,0,0,0,pge:12924
PSF-002067,"Abant Kuzey Yayla, Bolu",40.591000,31.249000,0,0,0,0,0,0,0,0,pge:12926
PSF-002068,Kalnik - W,46.131000,16.453100,0,0,0,2,2,2,0,0,pge:12927
PSF-002069,Alhama de Murcia,37.864300,-1.432450,0,0,0,0,2,1,0,0,pge:12928
PSF-002070,brunstorp,57.822100,14.272500,0,0,0,0,0,0,0,0,pge:12929
PSF-002071,Whitewater,42.855200,-88.761100,0,0,0,0,0,0,0,0,pge:12930
PSF-002072,Loukia,34.970700,25.021500,0,0,0,0,0,0,0,0,pge:12931
PSF-002073,La Paca,37.886800,-1.826050,0,0,0,0,0,2,0,0,pge:12932
PSF-002074,Koloniite,43.246600,23.346400,0,0,0,0,0,0,0,0,pge:12933
PSF-002075,Isikli,36.240600,33.655800,0,0,0,0,0,0,0,0,pge:12935
PSF-002076,ChÃƒ Vermoil Pbl,39.861700,-8.661600,0,0,0,0,0,0,0,0,pge:12936
PSF-002077,"Lisina, Mrkonjic Grad",44.397600,17.045500,0,0,0,0,0,0,0,0,pge:12937
PSF-002078,Scalp,55.076500,-7.406070,0,0,0,0,0,0,0,0,pge:12943
PSF-002079,Mamore Gap,55.246500,-7.498100,0,0,0,0,0,0,0,0,pge:12944
PSF-002080,Five Finger Strand,55.327400,-7.336020,0,0,0,0,0,0,0,0,pge:12945
PSF-002081,Euerbach,50.064600,10.099700,0,0,0,0,0,0,0,0,pge:12946
PSF-002082,Itajai - PICO DO ATALAIA,-26.923000,-48.638200,0,0,0,0,0,0,0,0,pge:12947
PSF-002083,Llantysilio Mountain,52.997400,-3.262400,0,0,0,2,2,0,0,0,pge:12949
PSF-002084,Mogilata,43.353900,26.971400,0,0,0,1,2,1,0,0,pge:12950
PSF-002085,Kotel-Urushkite Skali,42.925700,26.459800,0,0,0,0,0,0,0,2,pge:12951
PSF-002086,Hamenberg,47.642900,8.670570,0,0,0,0,0,0,0,0,pge:12956
PSF-002087,A Cañiza - NE,42.248900,-8.244970,0,0,0,0,0,0,0,0,pge:12957
PSF-002088,Hull Mountain,39.509300,-122.938000,0,0,0,0,0,0,0,0,pge:12959
PSF-002089,Drymades beach,40.159800,19.603400,0,0,0,0,0,0,0,0,pge:12960
PSF-002090,Goat Rock,38.442200,-123.125000,0,0,0,0,0,0,0,0,pge:12961
PSF-002091,Trysilfjellet,61.310100,12.195000,0,0,0,0,0,0,0,0,pge:12967
PSF-002092,Mokland,68.765100,14.686600,0,0,0,0,0,0,0,0,pge:12969
PSF-002093,Agnesberg,57.804400,12.017400,0,0,0,0,0,0,0,0,pge:12970
PSF-002094,Alleberg,58.136000,13.611500,0,0,0,0,0,0,0,0,pge:12971
PSF-002095,Juvasshytta,61.691700,8.372550,2,0,0,0,0,0,0,0,pge:12972
PSF-002096,Ravlunda,55.735100,14.193500,0,0,0,0,0,0,0,0,pge:12973
PSF-002097,Kopaida - Dimitra,38.341700,21.487100,0,0,0,0,0,0,0,0,pge:12974
PSF-002098,Blackhawk,34.176400,-118.161000,0,0,0,0,0,0,0,0,pge:12977
PSF-002099,Acarape,-4.210020,-38.708000,0,0,0,0,0,0,0,0,pge:12979
PSF-002100,Rainbow Mountain  (BC),52.536300,-125.338000,0,0,0,0,0,0,0,0,pge:12982
PSF-002101,I-Lan 61K,24.856400,121.791000,0,2,2,2,2,0,0,0,pge:12983
PSF-002102,"Saint ""Akindini""",36.150500,23.001600,0,0,0,0,0,0,0,0,pge:12984
PSF-002103,Kjerringplassen,62.560900,7.705870,0,0,0,0,0,0,0,0,pge:12986
PSF-002104,Ofir,41.512200,-8.785950,0,0,0,0,0,0,2,0,pge:12987
PSF-002105,Petzen,46.522000,14.774200,0,0,0,0,0,0,0,0,pge:12988
PSF-002106,Natal,-5.858200,-35.181300,0,0,2,0,0,0,0,0,pge:12989
PSF-002107,Pleidelsheim Segelflugplatz,48.957100,9.190700,0,0,0,0,0,0,0,0,pge:12990
PSF-002108,Ljubuski,43.215200,17.535600,0,0,0,1,2,2,2,0,pge:12992
PSF-002109,St. John,39.422900,-122.690000,0,0,0,0,0,0,0,0,pge:12993
PSF-002110,"Schwaigau, Westwind",49.264700,10.409900,0,0,0,0,0,0,0,0,pge:12994
PSF-002111,Linvikskampen,61.381900,10.177100,0,0,0,0,0,0,0,0,pge:12996
PSF-002112,Vale Barosa leiria,39.763500,-8.833980,0,0,0,0,0,0,0,0,pge:12997
PSF-002113,SE Ottawa tow road,38.440100,-95.212100,0,0,0,0,0,0,0,0,pge:12998
PSF-002114,Santomeri,37.990000,21.577600,0,0,0,0,0,0,1,1,pge:130
PSF-002115,"Lawrence, Kansas",38.920800,-95.181600,0,0,0,0,0,0,0,0,pge:13000
PSF-002116,Euerbach/Obbach,50.086900,10.074900,0,0,0,0,0,0,0,0,pge:13003
PSF-002117,Ouddorp,51.798700,3.858180,0,0,0,0,0,0,0,0,pge:13006
PSF-002118,Mount Benger,55.530500,-3.092430,0,0,0,0,0,2,2,0,pge:13008
PSF-002119,Thurnham,51.293500,0.588050,0,0,0,0,2,2,2,0,pge:13009
PSF-002120,Nemertsika mountain,40.057200,20.494900,0,0,0,0,0,0,0,0,pge:13011
PSF-002121,Cacra,55.439800,-3.078330,0,0,0,0,2,0,0,0,pge:13013
PSF-002122,Humocaro,9.693230,-69.975500,0,0,0,0,0,0,0,0,pge:13014
PSF-002123,Rennefeld,51.160000,8.260950,0,0,0,0,0,0,0,0,pge:13015
PSF-002124,Nove Mesto nad Metuji,50.364000,16.113500,0,0,0,0,0,0,0,0,pge:13017
PSF-002125,Bohdalov,49.496200,15.853600,0,0,0,0,0,0,0,0,pge:13018
PSF-002126,Morro de Santa Luzia,-20.462600,-45.407100,0,0,0,0,0,0,0,0,pge:13019
PSF-002127,Düdinghausen,51.261000,8.673000,0,0,0,0,0,0,0,0,pge:13022
PSF-002128,Tablones,42.765700,-3.478320,0,2,0,0,0,2,0,0,pge:13023
PSF-002129,ÃŒkatÃ¨q,65.638400,-37.939700,0,0,0,0,0,0,0,0,pge:13025
PSF-002130,Saarmund,52.306900,13.090200,0,0,2,0,0,0,2,0,pge:13028
PSF-002131,Cougar Peak,47.744500,-115.386000,0,0,0,0,0,0,0,0,pge:13029
PSF-002132,Chilnov,43.538500,25.909000,0,0,0,0,0,0,0,0,pge:13030
PSF-002133,Hamborg Hanstholm,57.115500,8.662580,0,0,0,0,0,0,0,0,pge:13032
PSF-002134,KoJyae BongSan,35.130000,127.717000,1,0,0,0,0,0,1,2,pge:13033
PSF-002135,Hyeong Jyae Bong Mountain,35.204900,127.685000,0,0,2,2,0,0,0,0,pge:13034
PSF-002136,Teghenis,40.508200,44.504500,0,0,0,0,0,0,0,0,pge:13035
PSF-002137,Fichtelberg,50.422400,12.955900,0,1,2,1,0,0,0,0,pge:13037
PSF-002138,Petzen,46.518600,14.771300,0,0,0,0,0,0,0,0,pge:13039
PSF-002139,likotrihi,39.740600,20.815200,0,0,0,0,0,0,0,0,pge:13041
PSF-002140,Nanos,45.770500,14.053300,0,0,0,0,2,2,0,0,pge:13042
PSF-002141,Sourton Tor,50.691000,-4.066430,0,0,0,0,0,0,1,1,pge:13043
PSF-002142,Ravni vrah,42.674800,24.893700,0,0,0,0,0,0,0,0,pge:13044
PSF-002143,Olitsika,39.533200,20.758900,0,0,0,0,0,0,0,0,pge:13045
PSF-002144,Faraklo-Neapoli,36.535200,23.083200,0,0,0,0,0,0,0,0,pge:13046
PSF-002145,Flying Paradise Ancient Theater,37.579600,23.072800,0,0,0,0,0,0,0,0,pge:13047
PSF-002146,Munjal,-33.791800,148.224000,0,0,0,0,0,0,0,0,pge:13050
PSF-002147,Praticino / Montrago,43.653800,11.603600,0,0,0,1,2,2,0,0,pge:13055
PSF-002148,Pochoco Flypark,-33.358000,-70.452800,0,0,0,0,0,0,0,0,pge:13058
PSF-002149,Brandalm,47.367100,13.193000,0,0,0,0,0,0,0,0,pge:13059
PSF-002150,Bergeralm,47.065300,11.447300,0,0,0,0,0,0,0,0,pge:13060
PSF-002151,Agios SIV,40.749900,21.747900,0,2,2,2,2,2,1,0,pge:13061
PSF-002152,Niederkleen,50.486100,8.593020,0,0,0,0,0,0,0,0,pge:13063
PSF-002153,Mottarone,45.878700,8.450250,0,0,0,2,2,0,0,0,pge:13064
PSF-002154,Tron,62.148900,10.711100,0,0,0,0,0,0,0,0,pge:13067
PSF-002155,Pico Vulcano,38.469200,-28.396600,2,2,1,2,2,2,1,2,pge:13069
PSF-002156,Lagoa de Capitao,38.497500,-28.333700,2,2,0,0,0,0,0,0,pge:13070
PSF-002157,verga,37.006800,22.175600,0,0,0,0,0,0,0,0,pge:13072
PSF-002158,Blancas,42.706000,-0.580133,0,0,0,2,2,2,0,0,pge:13073
PSF-002159,×’×•× ×Ÿ,33.132400,35.665700,0,0,0,0,0,0,0,0,pge:13076
PSF-002160,Lorea Hütte,47.344400,10.790900,0,0,0,0,0,0,0,0,pge:13077
PSF-002161,Gragareth,54.203000,-2.478570,0,0,1,2,0,0,0,0,pge:13079
PSF-002162,mt. Lalvar,41.158600,44.622100,0,0,0,0,0,0,0,0,pge:13080
PSF-002163,KWB Belchatow,51.232000,19.292100,0,0,0,0,0,0,0,0,pge:13082
PSF-002164,Gadern,49.584400,8.808200,0,2,2,1,0,0,0,0,pge:13086
PSF-002165,Hohwacht,47.377700,7.674500,2,1,0,0,0,0,0,1,pge:13088
PSF-002166,Kuehbodentoerl,46.766400,12.742200,0,0,0,0,0,0,0,0,pge:13089
PSF-002167,Blackcomb Mountain,50.094500,-122.908000,0,0,0,0,0,0,0,0,pge:13091
PSF-002168,"Sobu Tepesi, Isparta",37.840800,30.523700,0,0,0,0,0,0,0,0,pge:13092
PSF-002169,"Dikmen Hill, Bolu",40.845700,32.622200,0,0,0,0,0,0,0,0,pge:13094
PSF-002170,Dajti,41.369200,19.903900,0,0,0,0,0,1,2,2,pge:13095
PSF-002171,Dhermi,40.188400,19.599300,0,0,0,2,2,2,0,0,pge:13097
PSF-002172,Llogara Antenna,40.198800,19.572700,0,0,1,0,2,2,1,0,pge:13098
PSF-002173,Kalavrita - Velia,38.009500,22.121600,2,1,0,1,2,2,1,2,pge:131
PSF-002174,"Yenice, Inegol",40.064300,29.428800,0,0,0,0,0,0,0,0,pge:13101
PSF-002175,Sulzberg,47.528700,9.888480,0,0,0,0,0,0,0,0,pge:13102
PSF-002176,ARHAVİ (isina )Takeoff,41.340300,41.335300,0,0,0,0,0,0,0,0,pge:13103
PSF-002177,AZI TEPESİ,36.116400,32.900700,0,0,0,0,0,0,0,0,pge:13104
PSF-002178,Paekakariki Hill,-41.005600,174.935000,0,0,0,0,0,0,0,0,pge:13107
PSF-002179,Wallertheim,49.801200,8.032380,0,0,0,0,0,0,0,0,pge:13108
PSF-002180,mount ascutney,43.435900,-72.458300,0,0,0,0,0,0,0,0,pge:13112
PSF-002181,Harakas,34.994500,25.125700,0,0,0,0,0,0,0,0,pge:13113
PSF-002182,Guffert,47.543800,11.793500,0,0,0,0,0,0,0,0,pge:13114
PSF-002183,Audiotrack,51.465500,13.105600,0,0,0,0,0,0,0,0,pge:13115
PSF-002184,Karacaoren Sivrihisar,39.304100,31.689000,0,0,0,0,0,0,0,0,pge:13116
PSF-002185,Dumrek - Sivrihisar,39.600700,31.518700,0,0,0,0,0,0,0,0,pge:13118
PSF-002186,Latrig,54.612500,-3.121500,0,0,0,0,0,0,0,0,pge:13121
PSF-002187,Buddha (Closed),33.180700,-117.071000,0,0,0,0,0,1,0,0,pge:13122
PSF-002188,Lee Vining,37.976300,-119.168000,0,0,2,0,0,0,0,0,pge:13125
PSF-002189,malandrino,38.472500,22.246000,0,0,0,0,1,2,1,0,pge:13126
PSF-002190,Porto de,39.610900,-8.844170,0,0,0,0,0,0,0,0,pge:13128
PSF-002191,Catalagzi,41.502200,31.860600,0,0,0,0,0,0,0,0,pge:13130
PSF-002192,"Harmanrock, Bilecik",40.152200,30.400100,0,0,0,0,0,0,0,0,pge:13133
PSF-002193,Gimba mnt.,48.635100,23.268300,0,0,0,0,0,0,0,0,pge:13134
PSF-002194,Pyzhivka,48.589300,27.169600,0,0,0,0,0,0,0,0,pge:13135
PSF-002195,Otrokiv,48.809900,27.109100,0,0,0,0,0,0,0,0,pge:13136
PSF-002196,Soito,40.344400,-6.979880,0,0,0,0,0,0,0,0,pge:13137
PSF-002197,goktepe,36.854400,34.024700,0,0,0,0,0,0,0,0,pge:13138
PSF-002198,end of Shigar Valley,35.890100,75.342400,0,0,0,0,0,0,0,0,pge:13140
PSF-002199,Shigar,35.886200,75.376900,0,0,0,0,0,0,0,0,pge:13141
PSF-002200,Lasht,36.829800,73.144300,0,0,0,0,0,0,0,0,pge:13142
PSF-002201,Booni,36.286000,72.316000,0,0,0,0,0,0,0,0,pge:13143
PSF-002202,Chitral,35.962500,71.759500,0,0,0,0,0,0,0,0,pge:13144
PSF-002203,Chitral,35.840800,71.715600,0,0,0,0,0,0,0,0,pge:13145
PSF-002204,Lake 4700m,36.170500,74.871000,0,0,0,0,0,0,0,0,pge:13146
PSF-002205,Chalt,36.362200,74.250500,0,0,0,0,0,0,0,0,pge:13147
PSF-002206,"Cardosas, Baia da Traicao",-6.610020,-34.965100,0,1,2,1,0,0,0,0,pge:13148
PSF-002207,Buttermere Moss,54.542200,-3.258380,0,0,0,0,0,0,0,0,pge:13150
PSF-002208,Dale Head,54.526400,-3.205030,0,0,0,0,0,0,0,0,pge:13151
PSF-002209,Alcock Tarn,54.459600,-3.008570,0,0,0,0,0,0,0,0,pge:13152
PSF-002210,Skiddaw summit,54.652700,-3.149680,0,0,0,0,0,0,0,0,pge:13153
PSF-002211,Radar (Tavsan dagi) Merzifon,40.937200,35.416900,0,0,0,0,0,0,0,0,pge:13154
PSF-002212,bekhli,31.975700,77.105000,0,0,0,0,0,0,0,0,pge:13155
PSF-002213,Sierra de Nambroca,39.765000,-3.946150,2,0,0,0,0,0,0,1,pge:13156
PSF-002214,San Pablo de los Montes,39.525400,-4.326870,0,0,0,0,0,0,0,0,pge:13157
PSF-002215,Kobberhage,56.185800,10.736500,0,0,0,0,0,0,0,0,pge:13158
PSF-002216,Flying Paradise Rolling Stone,37.650700,22.915300,0,0,0,0,0,0,0,0,pge:13159
PSF-002217,Gökpınar,39.943000,32.377700,0,0,0,0,0,0,0,0,pge:13160
PSF-002218,Fuglsø,56.186200,10.549600,0,0,0,0,0,0,0,0,pge:13162
PSF-002219,Miraq,40.633500,44.351500,0,0,0,0,0,0,0,0,pge:13163
PSF-002220,El Jarillo,10.362100,-67.184800,0,2,2,2,2,2,2,0,pge:13164
PSF-002221,Giebelstadt,49.649200,9.975800,0,0,0,0,0,0,0,0,pge:13165
PSF-002222,Fort Flagler-Harmon,48.102900,-122.697000,1,1,0,0,0,0,0,1,pge:13166
PSF-002223,venø,56.568200,8.627320,0,0,0,0,0,0,0,0,pge:13167
PSF-002224,Flying paradise Toitoise,37.703800,22.787200,0,0,0,0,0,0,0,0,pge:13168
PSF-002225,Eratini's antenas,38.390700,22.240800,0,0,0,0,0,0,0,0,pge:13169
PSF-002226,Lomnicke saddleback,49.189100,20.218000,0,0,0,0,0,0,0,0,pge:13171
PSF-002227,Heppenheim,49.621000,8.624150,0,0,0,0,0,0,0,0,pge:13172
PSF-002228,Heukareck,47.296700,13.162700,0,0,0,0,0,0,0,0,pge:13174
PSF-002229,Har Ha'ari,32.950900,35.336100,0,0,0,0,0,0,0,0,pge:13175
PSF-002230,Marbella - Andalusia,36.514000,-5.056250,0,0,0,0,0,0,0,0,pge:13176
PSF-002231,Taniwha,-44.472300,168.785000,0,0,0,0,0,0,0,0,pge:13177
PSF-002232,Mt Jumbo,-44.280400,168.986000,0,0,0,0,0,0,0,0,pge:13178
PSF-002233,Vagamon - Main Ridge,9.647000,76.914600,0,0,0,0,1,2,2,0,pge:13180
PSF-002234,MustafaKemalPaşa,40.022100,28.483900,0,0,0,0,0,0,0,0,pge:13183
PSF-002235,Panio,37.804800,23.924700,2,0,0,1,1,0,0,2,pge:13184
PSF-002236,Lushage,56.102400,10.537400,0,0,0,0,0,0,0,0,pge:13185
PSF-002237,Promina,43.925900,16.165500,0,0,0,0,1,2,2,0,pge:13189
PSF-002238,lidoriki,38.540100,22.210800,0,0,0,0,0,0,0,0,pge:13190
PSF-002239,Pamuktepe,40.537900,30.130200,0,0,0,1,2,1,0,0,pge:13191
PSF-002240,ÃœrgÃ¼p,38.644200,34.973400,0,0,0,0,0,0,0,0,pge:13193
PSF-002241,Asagiri Inogashira (Wingkiss),35.372800,138.547000,0,1,1,2,2,1,1,1,pge:13195
PSF-002242,Mutlu,37.957000,31.646400,0,0,0,0,0,0,0,0,pge:13196
PSF-002243,Middelburg Carlton Heights,-31.302600,24.929400,0,0,0,0,0,0,0,0,pge:13198
PSF-002244,Karpenisi,38.931400,21.795200,0,0,0,1,2,2,2,1,pge:13199
PSF-002245,Kalavrita - Stiga- Avgo (ski ressort),37.989500,22.202500,1,0,0,0,1,2,2,2,pge:132
PSF-002246,Sxoinias - Dikastika,38.167600,24.068900,0,0,0,0,0,0,0,0,pge:13200
PSF-002247,Tunihill,47.970300,7.679030,0,0,0,0,0,0,0,0,pge:13205
PSF-002248,Arroyo de la Miel,36.612700,-4.555180,0,0,0,0,0,0,0,0,pge:13206
PSF-002249,Khingar,17.897000,73.818300,0,0,0,0,0,0,0,0,pge:13208
PSF-002250,Achadas da Cruz Cable Car,32.852900,-17.210500,0,0,0,0,0,0,0,0,pge:13210
PSF-002251,Grike,54.521500,-3.399780,2,2,0,0,0,0,0,0,pge:13211
PSF-002252,Zory,50.025400,18.627200,0,0,0,0,0,0,0,0,pge:13214
PSF-002253,Łysa Góra,50.693500,16.642200,0,0,0,0,0,0,0,0,pge:13215
PSF-002254,Sumner County Airport,36.374500,-86.410100,0,0,0,0,0,0,0,0,pge:13216
PSF-002255,Kuraszków,51.315300,16.954600,2,2,2,0,1,1,0,0,pge:13217
PSF-002256,Mt Robert,-41.834000,172.808000,0,0,0,0,0,0,0,0,pge:13218
PSF-002257,Guainos,36.769700,-3.082080,0,0,0,0,0,0,0,0,pge:13219
PSF-002258,Aguadulce,36.821600,-2.566820,0,0,0,0,0,2,0,0,pge:13220
PSF-002259,Sierra Alhamilla,36.957200,-2.403520,0,0,0,2,2,0,0,0,pge:13221
PSF-002260,Dalias,36.830300,-2.838630,0,0,0,0,0,0,0,0,pge:13222
PSF-002261,Sarsteinalm,47.608400,13.694000,0,0,0,0,0,0,0,0,pge:13223
PSF-002262,Pedrocella,-30.376600,20.775600,0,0,0,0,0,0,0,0,pge:13224
PSF-002263,Porto de Mós- Algarve,37.085800,-8.692050,0,0,0,2,2,0,0,0,pge:13227
PSF-002264,Bockenau,49.839300,7.673930,0,0,0,0,0,0,0,0,pge:13228
PSF-002265,Killumn,28.058800,83.768900,0,0,0,1,2,1,0,0,pge:13229
PSF-002266,S.E Khatabunda,-31.441100,152.412000,0,0,0,0,0,0,0,0,pge:13230
PSF-002267,Long Flat,-31.435000,152.475000,0,1,2,1,0,0,0,0,pge:13231
PSF-002268,Sete Cidades - Desc. W,37.863900,-25.817800,0,0,0,0,0,0,0,0,pge:13232
PSF-002269,Stufchyntsi,49.483100,27.140100,0,0,0,0,0,0,0,0,pge:13234
PSF-002270,Crookes Airstrip,-34.955800,147.540000,2,2,2,2,2,2,2,2,pge:13237
PSF-002271,Tri Reserve,-34.788700,147.665000,2,2,2,2,2,0,0,0,pge:13238
PSF-002272,Honeysuckle - Launch 3,-35.134931,148.322124,0,0,0,0,0,1,1,0,pge:13239;siteguide_au:103-207
PSF-002273,Douglas,-29.090400,23.723600,0,0,0,0,0,0,0,0,pge:13240
PSF-002274,Stohl,54.475800,10.155800,2,2,1,0,0,0,0,0,pge:13241
PSF-002275,Tel Azeka,31.701000,34.938800,0,0,0,0,0,0,0,0,pge:13243
PSF-002276,Praia Cabo Verde,14.926600,-23.493300,0,0,0,0,0,0,0,0,pge:13244
PSF-002277,Tauá - CE,-6.020780,-40.306900,0,0,0,0,0,0,0,0,pge:13245
PSF-002278,borderline,-30.498700,22.668100,0,0,0,0,0,0,0,0,pge:13246
PSF-002279,Coniston Old Man,54.368200,-3.121180,0,2,2,2,0,0,0,0,pge:13247
PSF-002280,Morro dos Conventos - Araranguá,-28.938700,-49.365500,0,0,2,2,1,0,0,0,pge:13248
PSF-002281,Pedra do Calhau,-20.271200,-44.724000,0,0,0,0,0,0,0,0,pge:13249
PSF-002282,Bom Jardim da Serra,-28.328400,-49.703700,0,0,0,0,0,0,0,0,pge:13250
PSF-002283,Acorizal-MT,-15.113600,-56.267700,2,1,0,0,0,0,1,2,pge:13254
PSF-002284,Port del Comte,42.157800,1.557380,0,0,1,1,2,1,0,0,pge:13258
PSF-002285,Uruburetama,-3.620250,-39.526400,0,0,0,0,0,0,0,0,pge:13262
PSF-002286,Salete,-26.984500,-50.044300,0,0,0,0,0,0,0,0,pge:13268
PSF-002287,Campo,-3.792580,-40.617000,0,0,0,0,0,0,0,0,pge:13270
PSF-002288,Plumbum,-24.690100,-48.942800,0,0,0,0,0,0,0,0,pge:13271
PSF-002289,Pombal Portugal,40.165000,-8.881200,0,0,0,0,0,0,0,0,pge:13274
PSF-002290,Wolfgat (AKA Macassar),-34.072500,18.657800,0,0,0,1,2,1,0,0,pge:13279
PSF-002291,Potamia,35.059800,33.431800,0,0,0,0,0,0,0,0,pge:13280
PSF-002292,Karahamzali,36.739100,34.270700,0,0,0,0,0,0,0,0,pge:13281
PSF-002293,Prace Male - soccer field,51.980500,20.899500,0,0,0,0,0,0,0,0,pge:13282
PSF-002294,Take off Pad Burgsdorf,-25.001500,16.903000,0,0,0,0,0,0,0,0,pge:13283
PSF-002295,Schlencken,47.685600,13.209000,0,0,0,0,0,0,0,0,pge:13284
PSF-002296,Kleinbottwar/Benning,48.986200,9.297700,0,0,0,0,0,0,0,0,pge:13285
PSF-002297,Maitencillo,-32.678200,-71.442200,0,0,0,0,0,2,2,1,pge:13286
PSF-002298,Lorenziberg,46.772000,14.318600,0,0,0,0,0,0,0,0,pge:13290
PSF-002299,Caudete,38.742400,-1.019100,0,0,0,2,1,0,0,0,pge:13291
PSF-002300,Takaka Hill,-41.025600,172.861000,0,0,0,0,0,2,2,0,pge:13292
PSF-002301,Kützbrunn,49.574900,9.744670,0,0,0,0,0,0,0,0,pge:13294
PSF-002302,Wood Mountain,24.689800,121.113000,0,0,0,0,0,0,0,0,pge:13298
PSF-002303,Kalavrita - Agia Lavra,38.016800,22.074800,0,0,0,0,0,0,1,0,pge:133
PSF-002304,Schleppgelände Verl-Sürenheide,51.893800,8.542320,0,0,0,0,0,0,0,0,pge:13300
PSF-002305,Inca,39.721000,2.956000,0,0,0,0,0,0,0,0,pge:13301
PSF-002306,Damberg,48.006200,14.478200,0,2,2,1,0,0,0,0,pge:13302
PSF-002307,Wohlde,54.388100,9.276330,0,0,0,0,0,0,0,0,pge:13303
PSF-002308,Schmittenhöhe (Zell am See),47.330300,12.735700,1,1,2,2,1,2,2,2,pge:13304
PSF-002309,Piösmes Arzleralm,47.048500,10.842500,0,0,0,0,0,0,0,0,pge:13307
PSF-002310,Neustadt -,53.435900,11.587000,0,0,0,0,0,0,0,0,pge:13308
PSF-002311,Hörselberg,50.953300,10.460600,0,0,0,0,0,0,0,0,pge:13309
PSF-002312,Spangle WA,47.403000,-117.292000,0,0,0,0,0,0,0,0,pge:13311
PSF-002313,Hausen an der Lauchert,48.299900,9.191120,0,0,0,0,0,0,0,0,pge:13312
PSF-002314,Mevo-Hama,32.724400,35.648300,0,0,0,0,0,0,0,0,pge:13316
PSF-002315,Metsokay Dragot,31.595100,35.395500,0,1,2,1,0,0,0,0,pge:13318
PSF-002316,Carrie,36.673900,-6.112870,0,0,0,0,0,0,0,0,pge:13319
PSF-002317,Marcomeniasita,-29.877200,29.711800,0,0,0,0,0,0,0,0,pge:13320
PSF-002318,Hamburger Hill,-33.784800,18.622900,0,0,0,2,2,0,0,0,pge:13321
PSF-002319,Mr. Methan Hill,-29.633400,23.206800,0,0,0,0,0,0,0,0,pge:13322
PSF-002320,Nairobi,-30.594900,22.851900,0,0,0,0,0,0,0,0,pge:13323
PSF-002321,Mentorcity,46.855500,-118.400000,0,0,0,0,0,0,0,0,pge:13325
PSF-002322,Murcia - Carrascoy,37.850200,-1.289730,2,0,0,0,0,0,0,2,pge:13329
PSF-002323,Hausberg,47.249200,15.574700,0,0,0,0,0,0,0,0,pge:13330
PSF-002324,Zaire,-30.941700,22.245600,0,0,0,0,0,0,0,0,pge:13331
PSF-002325,Hohingeslost,-29.288400,21.155500,0,0,0,0,0,0,0,0,pge:13332
PSF-002326,Sanjo-BumBossa,35.721500,127.141000,2,2,0,0,0,0,2,2,pge:13336
PSF-002327,Lokken,55.998200,10.553500,0,0,0,0,0,0,0,0,pge:13337
PSF-002328,Bjorne,55.827100,8.169250,0,0,0,0,0,1,2,1,pge:13339
PSF-002329,Olymp,35.151000,24.561100,0,0,0,0,0,0,0,0,pge:13340
PSF-002330,Troja,38.484400,22.738700,0,0,0,0,0,0,0,0,pge:13341
PSF-002331,Faró,38.180200,-8.779900,0,0,0,0,0,0,0,0,pge:13344
PSF-002332,Renesse,51.739800,3.813280,2,0,0,0,0,0,0,0,pge:13345
PSF-002333,Bér-hegy,47.212300,18.078100,0,0,0,1,2,1,0,0,pge:13348
PSF-002334,oberleni,48.630000,9.433170,0,0,0,0,0,0,0,0,pge:13354
PSF-002335,The Florida Ridge,26.759500,-81.226100,0,0,0,0,0,0,0,0,pge:13358
PSF-002336,Arangoiti,42.645000,-1.188100,0,0,0,0,0,0,0,0,pge:13359
PSF-002337,Outeiro,39.963900,-8.471280,0,0,0,0,0,0,0,0,pge:13365
PSF-002338,Poço do Inferno,40.360600,-7.514000,0,0,0,0,0,0,0,0,pge:13368
PSF-002339,"Cabeco Sailvado - Cascalheira, Pico (E)",38.415800,-28.101600,0,0,0,0,0,0,0,0,pge:13373
PSF-002340,calheta,38.650500,-9.107900,0,0,0,0,0,0,0,0,pge:13374
PSF-002341,Kopaida Gliderport,38.440100,23.168200,0,0,0,0,0,0,0,0,pge:13376
PSF-002342,Laubenheim,49.929000,7.892270,0,0,0,0,0,0,0,0,pge:13378
PSF-002343,Kallirahi,40.674000,24.550800,0,0,0,0,0,0,0,0,pge:13380
PSF-002344,Mouti tou Dia,35.051400,32.953500,0,0,0,0,0,0,0,0,pge:13382
PSF-002345,"Hinchcliffe's (Hart's, Flattop)",-28.071250,153.145540,0,0,1,1,1,0,0,0,pge:13383;siteguide_au:21-285
PSF-002346,Playgrounds,-26.759500,152.893000,0,0,0,0,0,0,0,0,pge:13384
PSF-002347,"Gultepe, Samsun",41.229000,36.282900,0,0,0,0,0,0,0,0,pge:13387
PSF-002348,corby craiggs,55.386300,-1.797320,0,0,0,0,0,0,0,0,pge:13389
PSF-002349,Maryport,54.722400,-3.496220,0,0,0,0,0,0,0,0,pge:13390
PSF-002350,Scales,54.632900,-3.025300,0,0,0,0,0,0,0,0,pge:13391
PSF-002351,alnmouth,55.393100,-1.602350,0,0,0,0,0,0,0,0,pge:13392
PSF-002352,Torr - Lochranza,55.695400,-5.264000,0,0,0,0,0,0,0,0,pge:13393
PSF-002353,Kirk Fell,54.622000,-3.290280,0,0,0,0,0,0,0,0,pge:13394
PSF-002354,Dodd Fell,54.251600,-2.262470,0,0,0,0,0,0,2,2,pge:13396
PSF-002355,Nappa Scar,54.328100,-2.061200,0,0,0,0,0,2,0,0,pge:13397
PSF-002356,Carrasqueta,38.580000,-0.508629,0,0,1,2,1,0,0,0,pge:13398
PSF-002357,Sunnyside Hill,55.525500,-2.264730,0,0,0,0,0,0,0,0,pge:13399
PSF-002358,Wadi Hasa,31.011600,35.711700,0,0,0,0,2,1,1,0,pge:134
PSF-002359,South West Bowl,51.296100,-0.021486,0,0,0,0,0,2,2,0,pge:13400
PSF-002360,Black Mtn. Idaho,48.615700,-116.251000,0,0,0,0,0,0,0,0,pge:13401
PSF-002361,Cap Sante,48.513700,-122.598000,0,0,0,0,0,0,0,0,pge:13402
PSF-002362,Vanwyksvlei,-30.350300,21.858700,0,0,0,0,0,0,0,0,pge:13403
PSF-002363,NNE Heaton Lookout,-32.952990,151.459530,1,1,0,0,0,0,0,0,pge:13404;siteguide_au:265-297
PSF-002364,Moedinha,-20.151900,-44.397800,0,0,0,0,0,0,0,0,pge:13406
PSF-002365,Peniche/ Ponte sor,39.918200,-8.619120,0,0,0,0,0,0,0,0,pge:13407
PSF-002366,Cabo Girao,32.656300,-17.008200,0,0,0,0,0,0,0,0,pge:13408
PSF-002367,evora,38.541000,-7.888800,0,0,0,0,0,0,0,0,pge:13409
PSF-002368,Melides,38.152500,-8.786980,0,0,0,0,0,0,0,0,pge:13410
PSF-002369,Arganil,40.225400,-7.974400,0,0,0,0,0,0,0,0,pge:13412
PSF-002370,Monte do Pisco - Tourém,41.880100,-7.915770,2,1,0,0,0,0,0,0,pge:13413
PSF-002371,Mação,39.612000,-7.970200,0,0,0,0,0,0,0,0,pge:13414
PSF-002372,Subserra - S. Jo,38.938300,-9.042330,2,2,1,0,0,0,0,1,pge:13415
PSF-002373,Sarzedo,40.372000,-7.416880,0,0,0,0,0,0,0,0,pge:13416
PSF-002374,Leiranco Mountain,41.730800,-7.640420,0,0,2,1,0,0,0,0,pge:13417
PSF-002375,Bucelas,38.896000,-9.091720,0,0,0,0,0,0,0,0,pge:13418
PSF-002376,Serra da Olga _Chaves,41.778300,-7.529220,0,0,1,2,2,0,0,0,pge:13419
PSF-002377,Areias Brancas,38.055100,-8.820900,0,0,0,0,0,0,0,0,pge:13420
PSF-002378,Peninha,38.767100,-9.461530,0,0,0,0,0,0,0,0,pge:13421
PSF-002379,Tenerife - Izana (Izaña) - North-West,28.328900,-16.491400,0,0,0,0,0,0,0,2,pge:13422
PSF-002380,Caldas das Taipas,41.478400,-8.382300,0,1,2,1,0,0,0,0,pge:13423
PSF-002381,Poiares,40.222500,-8.220350,0,0,0,0,0,0,0,0,pge:13426
PSF-002382,Oimbra,41.870400,-7.482430,0,0,0,0,0,0,0,0,pge:13427
PSF-002383,Monte Vez,40.001700,-8.406020,0,0,0,0,0,0,0,0,pge:13429
PSF-002384,Lagoa Sete Cidades,37.854200,-25.760300,0,0,0,2,2,2,1,0,pge:13430
PSF-002385,Moncorvo,42.245500,-7.175180,0,0,0,0,0,0,0,0,pge:13431
PSF-002386,Lousa,40.020300,-8.347330,0,0,0,0,0,0,0,0,pge:13433
PSF-002387,Goncalo,40.424800,-7.358580,0,0,0,0,0,0,0,0,pge:13434
PSF-002388,Castanheira de Pêra,40.006600,-8.232070,0,0,0,0,0,0,0,0,pge:13435
PSF-002389,Magoito Aerodromo,38.876900,-9.424500,0,0,0,0,0,0,0,0,pge:13436
PSF-002390,De Aar Airfield,-30.749800,24.067900,0,0,0,0,0,0,0,0,pge:13438
PSF-002391,Jiraquito Norte,10.101600,-68.540300,0,0,0,0,0,0,0,0,pge:13441
PSF-002392,Monte Piana,46.611900,12.250300,0,0,1,2,2,1,0,0,pge:13443
PSF-002393,Senhora do Minho,41.798900,-8.688280,1,1,2,2,1,1,0,0,pge:13447
PSF-002394,Colombis,44.492700,6.216250,0,0,0,0,0,0,0,0,pge:13448
PSF-002395,Caneta la Real,36.944500,-5.022850,0,0,1,2,1,0,0,0,pge:13449
PSF-002396,BoPlaas,-33.989200,24.655100,0,0,0,0,0,0,0,0,pge:13450
PSF-002397,Turen,9.101820,-69.032500,1,1,2,2,0,0,0,0,pge:13451
PSF-002398,"Sugoren Hoyuk Hill, Yalova",40.563600,29.338400,0,0,0,0,0,0,0,0,pge:13452
PSF-002399,Giresun,40.918600,38.380000,0,0,0,0,0,0,0,0,pge:13453
PSF-002400,Bedford Mountain,-32.624000,26.029000,0,0,0,0,0,0,0,0,pge:13454
PSF-002401,Penteli - Ntamaria - Karmaniolas,38.082500,23.877900,0,0,0,0,0,0,0,0,pge:13455
PSF-002402,"Akkoy South, Yalova",40.631300,29.198200,0,0,0,0,0,0,0,0,pge:13456
PSF-002403,Mt Murchison,-41.730000,172.500000,0,0,0,0,0,0,0,0,pge:13457
PSF-002404,Inwoods Lookout,-41.571300,172.936000,2,0,0,0,0,1,2,1,pge:13458
PSF-002405,Barnicoat,-41.341900,173.253000,2,0,0,0,0,0,0,1,pge:13459
PSF-002406,Serra do Orobó - Ruy Barbosa/Ba,-12.310200,-40.478600,0,0,0,0,0,0,0,0,pge:13461
PSF-002407,caripe,10.138100,-63.575500,0,0,0,0,0,0,0,0,pge:13462
PSF-002408,Castanheira,41.794800,-7.818500,0,0,0,0,0,0,0,0,pge:13467
PSF-002409,Hauser Kaibling,47.375400,13.777100,0,0,0,0,0,0,0,0,pge:13472
PSF-002410,Mt. Tom,42.242000,-72.648800,0,0,0,0,0,0,1,2,pge:13474
PSF-002411,Coolawang,-35.638100,138.414000,0,0,0,2,1,0,0,0,pge:13475
PSF-002412,Killarney - Queensland,-28.340200,152.295000,0,0,0,0,0,0,0,0,pge:13476
PSF-002413,Loma Lisa,10.178000,-67.272400,0,0,0,0,0,0,0,0,pge:13478
PSF-002414,"Cariño, O Limo",43.747700,-7.891070,0,2,1,0,0,0,0,0,pge:13481
PSF-002415,Shuidi Shan,22.896700,114.939000,0,0,0,0,0,0,0,0,pge:13485
PSF-002416,"Soida, Aldeia Viçosa",40.576500,-7.332620,0,0,0,0,0,0,0,0,pge:13487
PSF-002417,Kudowa-Czermna,50.459600,16.249900,0,0,0,0,1,2,1,0,pge:13488
PSF-002418,Ano Lekani,41.137100,23.642600,0,0,0,0,0,0,0,0,pge:13490
PSF-002419,Table Rock SE,-33.700100,150.129000,0,0,0,0,0,0,0,0,pge:13491
PSF-002420,El Corque,38.234000,-1.146080,0,0,0,0,0,0,0,0,pge:13492
PSF-002421,SW takeoff,43.180100,23.469200,0,0,0,0,0,0,0,0,pge:13494
PSF-002422,Nogalera,25.359700,-100.154000,1,2,1,0,0,0,0,0,pge:13495
PSF-002423,Gschwänd / Galgenen,47.156100,8.871900,2,1,0,0,0,0,0,1,pge:13497
PSF-002424,Cachoeira Alta - Ipoema,-19.576100,-43.491900,0,0,0,0,0,0,0,0,pge:13499
PSF-002425,Panahaiko-South,38.204700,21.840900,0,0,0,0,1,1,0,0,pge:135
PSF-002426,Î‘Î³Î¹Î± ÎœÎ±ÏÎ¯Î½Î± - Î£Î±ÏÏ‰Î½Î¯Î´Î±,37.811200,23.852800,0,0,0,0,0,0,0,0,pge:13501
PSF-002427,Pia,41.147700,-8.471670,0,0,0,0,1,1,2,2,pge:13504
PSF-002428,Caripe,10.185200,-63.516500,0,0,0,0,0,0,0,0,pge:13506
PSF-002429,Kaena Point,21.572500,-158.209000,0,0,0,0,0,0,0,0,pge:13509
PSF-002430,Tzera,31.771000,34.959600,0,0,0,0,0,0,0,0,pge:13510
PSF-002431,Vergina,40.484500,22.324400,0,0,0,0,0,0,0,0,pge:13511
PSF-002432,Mt Climie,-41.149700,175.141000,0,0,0,0,0,0,0,0,pge:13512
PSF-002433,The Abyss,4.438030,-61.599600,0,0,0,2,1,0,0,0,pge:13514
PSF-002434,LPCV,40.266500,-7.477430,0,0,0,0,0,0,0,0,pge:13515
PSF-002435,Kalen,43.213400,23.829100,0,0,0,0,0,0,0,0,pge:13516
PSF-002436,Fasova,50.360700,29.724800,0,0,0,0,0,0,0,0,pge:13517
PSF-002437,Carlton bank,54.415000,-1.205050,0,0,0,0,0,0,0,2,pge:13518
PSF-002438,Bouloc,44.164400,2.893000,0,0,0,0,0,0,0,0,pge:13519
PSF-002439,Manta Rota,37.921500,-8.805780,0,0,0,0,0,0,0,0,pge:13520
PSF-002440,Manta Rota,37.162200,-7.520550,0,0,0,0,0,0,0,0,pge:13521
PSF-002441,Trafaria - Silos,38.672300,-9.241050,0,0,0,0,0,0,0,0,pge:13522
PSF-002442,Montemor,38.713800,-8.275070,0,0,0,0,0,0,0,0,pge:13523
PSF-002443,Campinho,38.359700,-7.465700,0,0,0,0,0,0,0,0,pge:13525
PSF-002444,V.N.Milfontes - Furnas,37.715000,-8.787050,0,0,0,0,0,0,0,0,pge:13526
PSF-002445,playa colorada,10.247800,-64.434200,0,0,0,0,0,0,0,0,pge:13528
PSF-002446,Punta Ces - San Martino di Castrozza,46.267600,11.760600,0,0,1,2,2,1,0,0,pge:13530
PSF-002447,Telfs,47.333000,11.102400,0,0,0,0,0,0,0,0,pge:13534
PSF-002448,Tybrind,55.402300,9.861500,0,0,0,0,0,0,0,0,pge:13535
PSF-002449,Plakountas,38.015200,23.953600,0,0,0,0,0,0,0,0,pge:13537
PSF-002450,Osios Patapios,38.005700,22.963600,0,0,0,0,0,0,0,0,pge:13538
PSF-002451,Zubiskes,54.957100,24.619000,0,0,0,0,0,0,0,0,pge:13541
PSF-002452,Praia da Leirosa,40.049900,-8.892730,0,0,0,0,0,0,0,0,pge:13542
PSF-002453,Nakotne,56.620100,23.492900,0,0,0,0,0,0,0,0,pge:13544
PSF-002454,Yaniktepe / Amasya,40.638700,35.788700,0,0,0,0,0,0,0,0,pge:13545
PSF-002455,Lobadiz-Islas Gabeiras,43.515700,-8.324780,0,0,0,0,0,0,0,0,pge:13548
PSF-002456,Goleniha,56.755500,36.237500,0,0,0,0,0,0,0,0,pge:13549
PSF-002457,Kiona PG Launch,46.234900,-119.497000,1,2,1,0,0,0,0,0,pge:13552
PSF-002458,Dyrmanci,43.599000,22.974000,0,0,0,0,0,0,0,0,pge:13553
PSF-002459,Wes-Mar Airfield,39.702500,-83.131200,0,2,1,0,0,2,1,0,pge:13558
PSF-002460,Courchon,43.841600,6.228550,0,0,0,0,0,2,1,0,pge:13559
PSF-002461,Vulcan Tow Site,50.403400,-113.438000,0,0,0,0,0,0,0,0,pge:13560
PSF-002462,Hjartdal,59.619400,8.697200,0,0,1,2,2,2,1,0,pge:13561
PSF-002463,Camrose,52.843200,-112.568000,0,0,0,0,0,0,0,0,pge:13562
PSF-002464,Svilaja,43.791700,16.496900,2,2,1,0,0,0,0,1,pge:13563
PSF-002465,Lantau,22.243700,113.951000,0,0,0,1,2,1,0,0,pge:13564
PSF-002466,Abtenau,47.544900,13.360400,1,0,0,0,0,1,2,2,pge:13574
PSF-002467,Engiz Havaalanı,41.503900,36.119100,0,0,0,0,0,0,0,0,pge:13575
PSF-002468,"Toptancilar Arkasi, Corum",40.536100,34.911400,0,0,0,0,0,0,0,0,pge:13576
PSF-002469,Gümüştepe,40.820400,35.198500,0,0,0,0,0,0,0,0,pge:13577
PSF-002470,Marske,54.595800,-1.011300,2,2,0,0,0,0,0,0,pge:13578
PSF-002471,N.Ionia,39.398500,22.957100,0,0,0,0,0,0,0,0,pge:13579
PSF-002472,Brandeville,49.391800,5.323230,0,0,2,0,0,0,0,0,pge:13580
PSF-002473,Malvaglia,46.425300,8.997830,0,0,0,1,2,2,0,0,pge:13582
PSF-002474,Osso da Baleia,39.999500,-8.915150,0,0,0,0,0,0,0,0,pge:13585
PSF-002475,Cáceres La Mina,39.438800,-6.370130,0,0,0,0,0,0,0,0,pge:13586
PSF-002476,Oripoto,10.408100,-66.844500,0,0,0,0,0,0,0,0,pge:13587
PSF-002477,Cronin Park,38.823400,-120.980000,0,0,0,0,1,2,2,1,pge:13590
PSF-002478,Maly Pecin,49.105300,15.471200,0,0,0,0,0,0,0,0,pge:13595
PSF-002479,Rampa Cruzeiro da Mãe Baioca,-7.609050,-39.276100,0,0,0,0,0,0,0,0,pge:13596
PSF-002480,Maninjau,-0.262483,100.242000,0,0,0,0,1,1,2,1,pge:13597
PSF-002481,Panahaiko (Lower-1100m),38.225400,21.831500,0,0,0,0,0,1,1,1,pge:136
PSF-002482,Ponta Delgada,32.824200,-16.984700,0,0,0,0,0,0,0,0,pge:13600
PSF-002483,"Yenisehir North, Bursa",40.233300,29.661700,0,0,0,0,0,0,0,0,pge:13601
PSF-002484,THIRIO NORTH,38.837500,20.969500,0,0,0,0,0,0,0,0,pge:13602
PSF-002485,AGACLI,41.274000,28.888300,0,0,0,0,0,0,0,0,pge:13603
PSF-002486,Ribeira da Janela-Madeira island,32.848000,-17.151900,0,0,0,0,0,0,0,0,pge:13604
PSF-002487,Finkenberg,50.582900,7.411300,0,0,0,0,2,1,0,0,pge:13606
PSF-002488,Sur Cou,46.020100,6.346400,2,0,0,0,2,0,0,0,pge:13607
PSF-002489,Sao Jorge Madeira island,32.828500,-16.925700,0,0,0,0,0,0,0,0,pge:13608
PSF-002490,Alpe di Storo (Idro Lake),45.809600,10.575800,0,0,0,0,2,2,0,0,pge:13609
PSF-002491,Los Castillejos,41.244300,0.984783,0,0,0,1,1,1,0,0,pge:13611
PSF-002492,Fasova (NE),50.350600,29.774300,0,0,0,0,0,0,0,0,pge:13612
PSF-002493,Siu Ying Tsui,22.689200,114.533000,0,0,0,0,0,0,0,0,pge:13613
PSF-002494,Montain Scholl in Açailândia - MA,-4.971050,-47.521400,0,0,0,0,0,0,0,0,pge:13616
PSF-002495,Limoeiro,-7.867250,-35.448400,0,0,0,2,0,0,0,0,pge:13618
PSF-002496,Palmácia,-4.119330,-38.817300,0,0,0,0,0,0,0,0,pge:13624
PSF-002497,Serra da Jiboia,-13.326400,-39.514300,0,0,0,0,0,0,0,0,pge:13625
PSF-002498,Whitwell - Tennessee Tree Toppers,35.206600,-85.540400,0,0,1,2,0,0,0,0,pge:13632
PSF-002499,Mango,39.048400,20.705600,0,0,0,0,0,0,0,0,pge:13634
PSF-002500,Cerejes,42.475300,1.975570,0,0,0,0,0,0,0,0,pge:13636
PSF-002501,"Elmalik Istihkam, Yalova",40.600200,29.312800,0,0,0,0,0,0,0,0,pge:13637
PSF-002502,Los Pollos,37.409100,-4.283600,0,0,0,0,0,0,0,0,pge:13638
PSF-002503,Teru,36.197600,72.821300,0,0,0,0,0,0,0,0,pge:13639
PSF-002504,Tarashing,35.245500,74.744100,0,0,0,0,0,0,0,0,pge:13642
PSF-002505,ZhangFang,39.591600,115.703000,0,0,0,2,2,0,0,0,pge:13643
PSF-002506,serra do socorro,39.018000,-9.226720,0,0,0,0,0,0,0,0,pge:13644
PSF-002507,Muckenkogel,47.986600,15.599500,2,1,0,0,0,0,0,2,pge:13646
PSF-002508,Kotel,42.897200,26.422400,0,0,0,0,0,0,0,0,pge:13647
PSF-002509,Praia de Mira-Sul,40.430100,-8.812300,0,0,0,0,0,0,0,0,pge:13649
PSF-002510,"Rodicio, Galicia (Spain)",42.313300,-7.613020,0,0,0,0,0,0,0,0,pge:13650
PSF-002511,Paraiso,18.029500,-71.156500,0,0,1,2,2,0,0,0,pge:13651
PSF-002512,Aerodromo das Moitas,39.734200,-7.874900,0,0,0,0,0,0,0,0,pge:13652
PSF-002513,BARRA DO KWANZA,-9.356120,13.152700,0,0,0,0,0,0,0,0,pge:13653
PSF-002514,Pico do Areeiro,32.734800,-16.930800,0,0,0,0,0,0,0,0,pge:13654
PSF-002515,Lagoa de Melides,38.274900,-8.776470,0,0,0,0,0,0,0,0,pge:13655
PSF-002516,Serra de S. Mamede,39.316000,-7.364350,0,0,0,0,0,0,0,0,pge:13656
PSF-002517,Miranda do corvo,40.050200,-8.280350,0,0,0,0,0,0,0,0,pge:13657
PSF-002518,"Steinbach North airport, MB",49.552300,-96.681200,0,0,0,0,0,0,0,0,pge:13658
PSF-002519,"Sale Mtn, BC",51.166800,-118.157000,0,0,0,0,0,2,2,0,pge:13659
PSF-002520,"Quest Air, FL",28.544700,-81.859300,0,0,0,0,0,0,0,0,pge:13660
PSF-002521,"Deadman's / Savona, BC",50.794300,-120.902000,0,0,0,0,0,0,0,0,pge:13661
PSF-002522,Big Springs,32.213700,-101.526000,0,0,0,0,0,0,0,0,pge:13663
PSF-002523,"Sun Peaks, BC",50.898000,-119.922000,0,0,0,0,0,0,0,0,pge:13664
PSF-002524,"Smithers, BC",54.799400,-126.873000,0,0,0,0,0,0,0,0,pge:13665
PSF-002525,"Cornwall, BC",50.693100,-121.448000,0,0,0,0,0,0,0,0,pge:13666
PSF-002526,The lighthouse,-28.641000,153.634000,0,0,0,0,0,0,0,0,pge:13667
PSF-002527,Vulcan,50.364500,-113.323000,0,0,0,0,0,0,0,0,pge:13668
PSF-002528,Brussels,43.748200,-81.238100,0,0,0,0,0,0,0,0,pge:13672
PSF-002529,Rylstone air port,-32.771500,149.998000,0,0,0,0,0,0,0,0,pge:13673
PSF-002530,Winnifred,49.960400,-111.126000,0,0,0,0,0,0,0,0,pge:13674
PSF-002531,Monte Carpegna,43.800500,12.334900,0,0,2,2,1,0,2,2,pge:13677
PSF-002532,pocariça,39.698000,-8.892520,0,0,0,0,0,0,0,0,pge:13678
PSF-002533,Vranica,43.951200,17.622900,0,0,0,0,0,0,0,0,pge:13679
PSF-002534,Campitello-Canazei-Brodol,46.482600,11.795200,0,0,0,0,0,1,2,1,pge:13680
PSF-002535,Lanzarote - Macher Tinasoria,28.950600,-13.710300,0,0,0,0,0,0,0,0,pge:13683
PSF-002536,Pfeffelbach-Herzerberg,49.526600,7.271530,0,0,0,0,0,0,0,0,pge:13686
PSF-002537,Manilla SkyRanch,-30.872400,150.542000,0,0,0,0,0,0,0,0,pge:13687
PSF-002538,Tenerife - Jama,28.115600,-16.657500,0,0,0,0,2,2,0,0,pge:13690
PSF-002539,la ondonada,20.001500,-103.661000,0,0,0,0,0,0,0,0,pge:13693
PSF-002540,Sierra Arana (Granada),37.327500,-3.484850,0,0,0,0,0,0,0,0,pge:13697
PSF-002541,Dynamic Flight Park,-37.450000,143.457000,2,2,1,2,2,2,1,2,pge:13701
PSF-002542,Mt Lonarch,-37.258590,143.339360,0,1,1,0,0,0,0,0,pge:13702;siteguide_au:195-80
PSF-002543,Birchip Tow Paddock,-35.815600,143.010000,2,2,2,2,2,2,2,2,pge:13703
PSF-002544,Bells Beach - Winkipop,-38.365350,144.286040,0,0,1,1,0,0,0,0,pge:13704;siteguide_au:145-241
PSF-002545,Drowning Ford,50.268600,-110.596000,0,0,0,0,0,0,0,0,pge:13705
PSF-002546,Ithwiese,51.957200,9.659850,0,0,0,0,0,0,0,0,pge:13710
PSF-002547,St-Anton,47.408700,9.545170,0,0,0,0,0,0,0,0,pge:13714
PSF-002548,Sunnyside,-38.202100,145.061000,0,0,0,0,0,0,0,2,pge:13715
PSF-002549,Schareck,47.055800,13.039700,0,0,0,0,0,0,0,0,pge:13716
PSF-002550,Drehkopf,47.928900,8.022720,0,0,0,0,0,0,0,0,pge:13718
PSF-002551,Montlinger Schwamm,47.309900,9.510080,2,2,0,0,0,0,0,0,pge:13720
PSF-002552,"Alp Tgom, Sedrun",46.660400,8.757830,0,0,0,0,0,0,0,0,pge:13722
PSF-002553,Dunaújváros Airfield,46.887500,18.905300,0,0,0,0,0,0,0,0,pge:13723
PSF-002554,Tatarincevo,55.350100,38.315400,0,0,0,0,0,0,0,0,pge:13725
PSF-002555,Spitzer Kalkofen,51.202200,13.190200,0,0,0,0,0,0,0,0,pge:13729
PSF-002556,Roschlaub,50.012900,11.029900,0,0,0,0,0,0,0,0,pge:13730
PSF-002557,Widdern,49.323000,9.400900,0,0,0,0,0,0,0,0,pge:13734
PSF-002558,Giggijoch,46.979300,10.977200,0,0,0,0,0,0,0,0,pge:13737
PSF-002559,Bremmer Calmont,50.107200,7.116730,0,0,0,0,0,0,0,0,pge:13739
PSF-002560,Rubjerg Knude,57.419200,9.750650,0,0,0,0,0,0,2,2,pge:13742
PSF-002561,Hoheneck,48.926900,9.216650,0,0,0,0,0,0,0,0,pge:13745
PSF-002562,Konjiska gora,46.334600,15.346500,0,0,0,0,1,2,0,0,pge:13747
PSF-002563,Nordhelle,51.151100,7.752500,0,0,0,0,0,0,0,0,pge:13748
PSF-002564,Wixberg,51.317400,7.667170,0,0,0,0,0,0,0,0,pge:13749
PSF-002565,Las Vueltas,6.649630,-73.099300,0,0,0,0,0,0,0,0,pge:13752
PSF-002566,Mecksheim-Reiterhof,49.313900,8.787880,0,0,0,0,0,0,0,0,pge:13753
PSF-002567,Kalovy,49.233300,13.545500,0,0,0,0,0,0,0,2,pge:13754
PSF-002568,Reichenhausen,50.587100,10.122000,0,0,0,0,0,0,0,0,pge:13757
PSF-002569,"Nauders ""Stables HÃ¼tte""",46.879100,10.514000,0,0,0,0,0,0,0,0,pge:13758
PSF-002570,Dos del Sabion,46.165400,10.808200,0,0,0,0,0,0,0,0,pge:13759
PSF-002571,Meidelstetten Schleppgelände,48.364000,9.309220,0,0,0,0,0,0,0,0,pge:13760
PSF-002572,Monte Stino,45.762100,10.548500,0,0,0,0,0,0,0,0,pge:13761
PSF-002573,Himmighofen - Hainau,50.218600,7.773150,0,0,0,0,0,0,0,0,pge:13763
PSF-002574,Hohenunkel,50.603100,7.233600,0,1,2,1,0,1,2,1,pge:13764
PSF-002575,Hochwurzen,47.361100,13.635700,0,0,0,0,0,0,0,0,pge:13766
PSF-002576,Flecknerhütte,46.834400,11.281700,0,0,0,0,0,0,0,0,pge:13767
PSF-002577,Peio,46.374600,10.669300,0,0,0,0,0,0,0,0,pge:13769
PSF-002578,Pielago,40.154300,-4.742250,2,1,0,0,0,0,0,0,pge:13771
PSF-002579,Unneland,60.368200,5.485020,0,0,0,0,2,2,2,2,pge:13773
PSF-002580,Lippekogel,46.730700,14.505100,0,0,0,0,0,0,0,0,pge:13774
PSF-002581,Bukovik,41.781800,22.933300,0,0,0,0,0,0,0,0,pge:13779
PSF-002582,Ulriken Øst,60.376100,5.419720,2,2,2,2,0,0,0,0,pge:13781
PSF-002583,Kocherstetten,49.273200,9.763420,0,0,0,0,0,0,0,0,pge:13784
PSF-002584,Höllenberg,49.190300,7.886750,0,0,0,0,0,0,2,1,pge:13785
PSF-002585,Obermarsberg,51.442200,8.849480,0,0,0,0,0,0,0,0,pge:13786
PSF-002586,Eisenberg,51.018600,8.620480,0,0,0,0,0,0,0,0,pge:13787
PSF-002587,Upsspitze,47.430000,10.868000,0,0,0,0,0,0,0,0,pge:13788
PSF-002588,Mulfingen Ost,49.334300,9.843700,0,0,0,0,0,0,0,0,pge:13789
PSF-002589,Hinterrugg,47.152800,9.304250,2,0,0,1,2,2,0,2,pge:13790
PSF-002590,Buchensteinwand,47.485800,12.577300,0,0,0,0,0,0,0,0,pge:13791
PSF-002591,Hohenmirsberg,49.808800,11.424700,0,0,0,0,0,0,0,0,pge:13796
PSF-002592,Marmolada,46.436300,11.858200,2,1,0,0,0,0,0,1,pge:13798
PSF-002593,Arlberg Galzig funicular,47.129800,10.230500,0,0,0,0,0,0,0,0,pge:13799
PSF-002594,Cima Presanella,46.219200,10.663900,0,0,0,0,0,0,0,0,pge:13800
PSF-002595,Corvara Boè - Vallon,46.526500,11.861900,0,2,0,2,2,0,0,0,pge:13801
PSF-002596,Meerfelder Maar Ost,50.098400,6.748100,0,0,0,0,0,0,0,0,pge:13808
PSF-002597,Hinteres Sonnwendjoch,47.597900,11.955100,0,0,0,0,0,0,0,0,pge:13809
PSF-002598,Deister,52.293500,9.381070,0,0,0,0,0,0,0,0,pge:13810
PSF-002599,Seceda,46.599500,11.725900,0,0,0,2,2,2,2,0,pge:13811
PSF-002600,Duga Luka,45.048600,14.157000,0,2,1,0,0,0,0,0,pge:13812
PSF-002601,Segelflugplatz Vinsebeck,51.850700,9.014500,0,0,0,0,0,0,0,0,pge:13813
PSF-002602,Farmakas,37.766900,22.560700,0,0,0,0,0,0,0,0,pge:13814
PSF-002603,Gamskogl Ã–tztal,47.058700,11.000600,0,0,0,0,0,0,0,0,pge:13815
PSF-002604,Epfenbach,49.317600,8.914700,0,0,0,0,0,0,0,0,pge:13822
PSF-002605,Auf dem unteren Mergesfeld,49.873300,7.773800,0,0,0,0,0,0,0,0,pge:13823
PSF-002606,Spion Kop / Fairhaven,-38.467400,144.075000,0,0,0,1,2,2,0,0,pge:13824
PSF-002607,Canoa - Loma chica,-0.472900,-80.452100,0,0,0,0,0,2,2,0,pge:13825
PSF-002608,Tenerife - Fasnia,28.230500,-16.432600,0,0,0,2,2,0,0,0,pge:13826
PSF-002609,Marydale East,-29.402800,22.242400,0,0,0,0,0,0,0,0,pge:13827
PSF-002610,Prieska,-29.680700,22.774300,0,0,0,0,0,0,0,0,pge:13828
PSF-002611,North of Copperton,-29.807100,22.192900,0,0,0,0,0,0,0,0,pge:13829
PSF-002612,North of  Vanwyksvlei,-30.056200,21.694700,0,0,0,0,0,0,0,0,pge:13830
PSF-002613,Dreisessel,48.763400,13.829200,0,0,0,0,0,0,0,0,pge:13831
PSF-002614,Schmalfelden,49.321300,10.035800,0,0,0,0,0,0,0,0,pge:13832
PSF-002615,Drehkopf,47.860700,8.105350,0,0,0,0,0,0,0,0,pge:13833
PSF-002616,Bormio 3000,46.423400,10.412000,0,0,0,0,0,0,0,0,pge:13834
PSF-002617,Machali,-34.063400,-70.537800,0,0,0,0,0,0,0,0,pge:13835
PSF-002618,Herrenschwand,47.772300,7.958400,0,0,0,0,0,0,0,0,pge:13836
PSF-002619,Pokweni,-23.640100,17.722300,0,0,0,0,0,0,0,0,pge:13838
PSF-002620,Schareck,47.058700,12.857000,0,0,0,0,0,0,0,0,pge:13839
PSF-002621,Tenerife - los Realejos-Antenna / la Corona,28.378500,-16.600500,2,2,0,0,0,0,0,0,pge:13840
PSF-002622,Gänsberg,48.818400,9.586480,0,0,0,0,0,0,0,0,pge:13841
PSF-002623,Machali,-33.985900,-70.554700,0,0,0,0,0,0,0,0,pge:13842
PSF-002624,Farm Moreson Maltahoehe District,-25.096100,16.902300,0,0,0,0,0,0,0,0,pge:13843
PSF-002625,Hamilton Peak,-43.112200,171.688000,0,0,0,0,0,0,0,0,pge:13844
PSF-002626,Rauenstein,50.422900,11.048900,0,0,0,2,2,0,0,0,pge:13845
PSF-002627,Castala,36.896800,-2.917150,0,0,0,0,2,2,0,0,pge:13846
PSF-002628,Hönningen/ Ahr,50.477800,6.946780,0,0,0,0,0,0,0,0,pge:13849
PSF-002629,Krautheim,49.394900,9.649100,0,0,0,0,0,0,0,0,pge:13850
PSF-002630,Hohwarter Höhe,47.944100,8.060870,0,0,0,0,0,0,0,0,pge:13851
PSF-002631,Eschlkam,49.293000,12.928900,0,0,0,0,0,0,0,0,pge:13853
PSF-002632,Tauchersreuth,49.551900,11.234100,2,0,0,0,0,0,0,2,pge:13854
PSF-002633,Hohes Licht,47.302800,9.890920,0,0,0,0,0,0,0,0,pge:13855
PSF-002634,Sulden,46.499000,10.554400,0,0,0,0,0,0,0,0,pge:13856
PSF-002635,Flugplatz Schöngleina,50.919800,11.714500,0,0,0,0,0,0,0,0,pge:13857
PSF-002636,Walxheim,48.952900,10.329600,0,0,0,0,0,0,0,0,pge:13858
PSF-002637,Schnaittach-Rothenberg,49.556100,11.356100,0,0,0,0,0,0,2,2,pge:13859
PSF-002638,Braunenberg,48.860900,10.130600,0,0,0,0,0,0,0,0,pge:13860
PSF-002639,Weiler,49.805400,7.566350,0,0,0,0,0,0,0,0,pge:13863
PSF-002640,Wittelsbacher Turm,50.164100,10.075300,0,0,0,0,0,0,0,0,pge:13866
PSF-002641,Offenbach-Hundheim,49.622300,7.541380,0,0,0,0,0,0,0,0,pge:13867
PSF-002642,Neckargerach,49.390700,9.084980,0,0,0,0,0,0,0,0,pge:13868
PSF-002643,Aineck,47.063600,13.643500,2,2,2,1,1,2,2,2,pge:13869
PSF-002644,Ben Nevis,-37.229870,143.194790,0,0,0,0,0,0,1,1,pge:13870;siteguide_au:188-67
PSF-002645,Mount Ensdorf,49.316800,6.783270,0,0,0,1,2,1,0,0,pge:13871
PSF-002646,Pauli Arbarei,39.691000,8.945070,0,0,0,0,0,2,2,2,pge:13873
PSF-002647,Jeonbuk Iksan,36.032500,127.035000,0,0,0,0,0,0,0,0,pge:13876
PSF-002648,Patscherkofel,47.210200,11.459300,0,0,0,0,0,0,0,0,pge:13877
PSF-002649,El Cid,38.446900,-0.726783,0,0,0,0,0,0,0,0,pge:13879
PSF-002650,Cime bianche (colle inf.),45.893700,7.645200,0,0,0,1,2,1,0,0,pge:13880
PSF-002651,Haardskopf,50.558500,7.434900,0,0,0,0,0,1,2,0,pge:13883
PSF-002652,Jungfrauenwald-Sassenroth (160m),50.771900,7.924230,0,0,0,0,0,0,0,0,pge:13884
PSF-002653,Dieberg,49.328000,12.865900,0,0,0,0,0,0,0,0,pge:13885
PSF-002654,Villanders Samberger Hof,46.642600,11.520600,0,0,0,0,0,0,0,0,pge:13886
PSF-002655,Winde Hoffenheim,49.272800,8.813070,0,0,0,0,0,0,0,0,pge:13888
PSF-002656,Mösern bei Telfs,47.316400,11.138100,0,0,0,0,0,0,0,0,pge:13890
PSF-002657,Flugplatz Kulmbach,50.143800,11.462700,0,0,0,0,0,0,0,0,pge:13891
PSF-002658,Eberholzen,52.059500,9.838250,0,0,0,0,0,0,0,0,pge:13893
PSF-002659,Frammersbach,50.068000,9.459150,0,0,0,0,0,0,0,0,pge:13894
PSF-002660,Sophienhöhe,50.894000,6.304230,0,0,0,0,0,0,0,0,pge:13895
PSF-002661,Gallodoro - Letojanni,37.893400,15.308100,0,0,0,0,0,0,0,0,pge:13896
PSF-002662,Conil - La Fontanilla,36.284700,-6.102320,0,0,0,0,0,0,0,0,pge:13898
PSF-002663,Korbach,51.251200,8.872970,0,0,0,0,0,0,0,0,pge:13899
PSF-002664,Waldtal,48.308400,9.311120,0,0,0,0,0,0,0,0,pge:13901
PSF-002665,Auchhalder Kopf,48.739300,8.534180,0,0,2,1,0,0,0,0,pge:13902
PSF-002666,Hungriger Wolf - Itzehoe,53.994700,9.572950,0,0,0,0,0,0,0,0,pge:13905
PSF-002667,Schaufel,51.097000,9.149050,0,0,0,0,0,0,0,0,pge:13906
PSF-002668,Dagenbach,49.446200,10.591000,0,0,0,0,0,0,0,0,pge:13907
PSF-002669,Neresheim Segelflugplatz,48.742500,10.336400,1,2,2,2,1,2,2,2,pge:13908
PSF-002670,Frauenberg,51.375500,10.837200,0,0,0,0,0,0,0,0,pge:13910
PSF-002671,Hochfirst,47.901300,8.181920,0,0,0,0,1,2,1,0,pge:13913
PSF-002672,Deal Copalnic,47.495200,23.639800,0,0,0,0,0,0,0,0,pge:13914
PSF-002673,Obergröningen,48.890400,9.919550,0,0,0,0,0,0,0,0,pge:13917
PSF-002674,Entenberg,50.919500,8.434900,0,0,0,0,0,0,0,0,pge:13919
PSF-002675,Uehlhof,51.087500,7.838020,0,0,0,0,0,0,0,0,pge:13920
PSF-002676,Vor dem weißen Stein,48.203800,8.822470,0,0,0,0,0,0,0,0,pge:13921
PSF-002677,Schafberg,47.776400,13.432100,0,0,1,2,2,2,1,0,pge:13923
PSF-002678,Monte Bondone 2,46.035500,11.019800,0,0,0,0,0,1,2,1,pge:13926
PSF-002679,S,40.112700,22.468500,0,0,0,0,0,0,0,0,pge:13927
PSF-002680,Ummerstadt,50.267300,10.795400,0,0,2,0,0,0,0,0,pge:13928
PSF-002681,Stöfflerberg,46.646800,13.207900,0,0,0,0,0,0,0,0,pge:13935
PSF-002682,Aldenhoven,50.922900,6.228180,0,0,0,0,0,2,0,0,pge:13936
PSF-002683,Lutzenreute,47.555400,9.775350,0,0,0,0,0,0,0,0,pge:13937
PSF-002684,Almerswind,50.370300,11.002100,0,0,0,0,0,0,0,0,pge:13939
PSF-002685,Ronneburg,50.239600,9.063450,0,0,0,0,0,0,0,0,pge:13940
PSF-002686,San Simeone - Bordano,46.329800,13.101500,0,0,1,2,2,2,1,0,pge:13942
PSF-002687,Airport Grossenhain,51.308700,13.545400,0,1,2,1,0,1,2,1,pge:13944
PSF-002688,BEISEKER,51.360500,-113.709000,0,0,0,0,0,0,0,0,pge:13946
PSF-002689,Bjørnestigen,60.643200,6.542870,0,0,0,0,0,0,2,0,pge:13949
PSF-002690,Westhausen,50.285700,10.685500,0,0,0,0,0,0,0,0,pge:13950
PSF-002691,Reitwein,52.484600,14.579500,0,0,0,0,0,0,0,0,pge:13952
PSF-002692,Hahnberg,51.104900,9.064420,0,0,0,0,0,0,0,0,pge:13953
PSF-002693,Reisseck - Kolbnitz,46.900600,13.333500,0,0,0,0,0,0,0,0,pge:13954
PSF-002694,Oberried,47.897900,7.967050,0,0,0,0,0,0,0,0,pge:13956
PSF-002695,Lake Störmthal,51.242000,12.466800,0,0,0,0,0,0,0,0,pge:13957
PSF-002696,"Karbogazi Medetsiz, Mersin",37.345300,34.678400,0,0,0,0,0,0,0,0,pge:13958
PSF-002697,"Yuvacik, Kocaeli",40.678800,29.996300,0,0,0,0,0,0,0,0,pge:13959
PSF-002698,"Saygili, Amasya",40.713800,35.677300,0,0,0,0,0,0,0,0,pge:13960
PSF-002699,Pusi Thate,42.116000,20.392700,0,0,0,0,0,0,0,0,pge:13962
PSF-002700,Segelflugplatz Kamp-Lintfort,51.595100,6.156280,0,0,0,0,0,0,0,0,pge:13963
PSF-002701,Long Mynd South,52.495100,-2.896170,0,0,0,0,0,0,0,0,pge:13964
PSF-002702,Winnifred N-S,49.946900,-111.074000,0,0,0,0,0,0,0,0,pge:13965
PSF-002703,Grente/ Antholz,46.849100,12.058300,0,0,2,2,0,0,0,0,pge:13966
PSF-002704,Flaxton,-26.657700,152.880000,0,2,2,2,0,0,0,0,pge:13967
PSF-002705,Monte Santu Padre Bortigali,40.296200,8.840970,0,0,0,2,2,2,0,0,pge:13968
PSF-002706,Makapuu,21.308400,-157.661000,2,2,2,0,0,0,0,0,pge:13969
PSF-002707,Alghero Speranza La Siesta,40.507500,8.383100,0,0,0,0,0,0,2,2,pge:13970
PSF-002708,dumanlı tepe,40.616100,29.423000,0,0,0,0,0,0,0,0,pge:13972
PSF-002709,Montagne Verte,42.986200,-0.397033,0,0,0,0,0,0,0,0,pge:13974
PSF-002710,Dokkedal,56.908200,10.260900,0,1,2,1,0,0,0,0,pge:13975
PSF-002711,Brüsti Nossenboden Grat Gädemli,46.843200,8.608200,0,0,0,0,0,0,0,0,pge:13976
PSF-002712,Bandera,47.417600,-121.555000,0,0,0,0,0,0,0,0,pge:13978
PSF-002713,Kissavos,39.801600,22.695300,0,0,0,0,0,0,0,0,pge:13979
PSF-002714,Craigagh Hill,54.829900,-6.887170,0,0,0,0,0,0,0,0,pge:13981
PSF-002715,Boviel,54.922600,-6.866720,0,0,0,0,0,0,0,0,pge:13982
PSF-002716,Alikes,39.315200,22.903200,0,0,0,0,0,0,0,0,pge:13983
PSF-002717,Homole,50.624900,13.999900,0,0,0,0,0,2,0,0,pge:13984
PSF-002718,Krasne Brezno,50.678800,14.068400,0,0,0,0,2,0,0,0,pge:13985
PSF-002719,Neohori Trikalon,39.637500,21.989300,0,0,0,2,2,2,1,0,pge:13987
PSF-002720,Tusnica,43.722500,17.090500,0,0,0,0,0,0,0,0,pge:13988
PSF-002721,Konarzyny,53.812300,17.328700,0,0,0,0,0,0,0,0,pge:13989
PSF-002722,Korne,54.127700,17.851500,0,0,0,0,0,0,0,0,pge:13990
PSF-002723,Barkin (S),54.243000,-2.530400,0,0,0,0,0,0,0,0,pge:13991
PSF-002724,"Yellibayır, İnönü",39.811800,30.162100,2,1,0,0,0,0,0,1,pge:13992
PSF-002725,Karachun,48.824100,37.519600,1,2,0,0,0,0,0,0,pge:13993
PSF-002726,UL Flugplatz Bürstadt,49.655400,8.487220,0,0,0,0,0,0,0,0,pge:13994
PSF-002727,Harsberg,51.059400,10.239100,0,0,0,0,0,0,0,0,pge:13995
PSF-002728,Tokio WA,47.333200,-118.305000,0,0,0,0,0,0,0,0,pge:13997
PSF-002729,Maia - S.Miguel - Açores,37.826800,-25.390300,0,0,0,0,0,0,0,0,pge:13999
PSF-002730,Slieve Gallion,54.749400,-6.735450,0,0,0,0,0,0,0,0,pge:14000
PSF-002731,Varanda dos Pastores,40.299200,-7.582450,0,0,0,0,0,0,0,0,pge:14001
PSF-002732,Red Mountain,45.496600,25.956100,0,0,0,1,2,1,0,0,pge:14002
PSF-002733,Î¼ÎµÏ„Î±Î»Î¹ÎºÎ¿,41.005400,22.824800,0,0,0,0,0,0,0,0,pge:14003
PSF-002734,Fisetengrat,46.884700,8.931970,2,1,0,0,0,0,0,1,pge:14004
PSF-002735,Apache Maid (Flagstaff),34.723100,-111.552000,0,0,0,0,1,2,1,0,pge:14006
PSF-002736,San Andrés de Teixido,43.722600,-7.947720,0,0,0,0,0,0,1,2,pge:14007
PSF-002737,Heng - Kinsarvik,60.363000,6.701600,0,0,0,0,0,1,2,2,pge:14008
PSF-002738,Dobrich airport,43.606400,27.838200,0,0,0,0,0,0,0,0,pge:14009
PSF-002739,Hon Hong,11.034500,108.405000,0,0,0,0,0,0,0,0,pge:14010
PSF-002740,Jablonov,49.318400,16.070700,0,0,0,0,0,0,0,0,pge:14011
PSF-002741,Oil Refinery Cliffs (Hallett Cove),-35.089900,138.488000,0,0,0,0,0,0,1,2,pge:14014
PSF-002742,Ben Rinnes,57.405000,-3.237120,0,0,0,0,0,0,0,0,pge:14015
PSF-002743,"Sand Turn, WY",44.805500,-107.319000,0,2,2,2,0,0,0,0,pge:14017
PSF-002744,Zapata,26.970200,-99.250800,0,0,0,2,2,0,0,0,pge:14018
PSF-002745,Ponir,44.736300,17.229400,0,0,0,0,0,0,0,0,pge:14021
PSF-002746,GeiÃŸkopf,48.932000,13.031200,0,0,0,0,0,0,0,0,pge:14023
PSF-002747,Urnieziai,55.153700,23.862200,0,0,0,0,0,0,0,0,pge:14024
PSF-002748,Schneeberg,47.778500,15.805800,2,1,0,0,0,0,0,2,pge:14026
PSF-002749,Zellhausen,50.020700,8.984720,0,0,0,0,0,0,0,0,pge:14028
PSF-002750,Lesicheri,43.231300,25.425500,0,0,0,0,0,0,0,0,pge:14030
PSF-002751,Hasan Mountain,40.185100,30.305000,1,0,0,0,0,0,1,2,pge:14031
PSF-002752,Anglettaz,45.958800,6.241420,0,0,0,0,0,0,0,0,pge:14033
PSF-002753,Sulens,45.818600,6.361870,0,0,0,0,0,0,0,0,pge:14036
PSF-002754,Top of Ondina,-13.010900,-38.504800,0,0,0,0,0,0,0,0,pge:14038
PSF-002755,Kaseberga Südhang,55.385700,14.080900,0,0,0,0,0,0,0,0,pge:14042
PSF-002756,Barsebäck,55.770300,12.924500,0,0,0,0,0,0,0,0,pge:14043
PSF-002757,Mt Ellinor,47.519100,-123.262000,0,0,0,0,0,0,0,0,pge:14044
PSF-002758,Tiacuto,42.270000,-0.414400,0,0,0,0,0,0,0,0,pge:14045
PSF-002759,Hall Mountain,48.960900,-116.365000,0,0,0,0,0,0,0,0,pge:14049
PSF-002760,Wonogiri,-7.845000,110.896000,0,0,0,1,2,2,1,0,pge:14053
PSF-002761,Mount Guntur,-7.157770,107.860000,0,0,0,0,0,0,0,0,pge:14054
PSF-002762,Mount Haruman,-7.070120,107.946000,0,0,0,0,0,0,0,0,pge:14055
PSF-002763,Morro de Santo Antonio,-15.768200,-56.095400,2,1,0,1,2,1,0,1,pge:14056
PSF-002764,Rampa do Tatu,-4.245050,-38.647900,0,0,0,0,0,0,0,0,pge:14057
PSF-002765,Schimmingshoehe,51.045500,14.232000,0,0,0,0,0,0,2,0,pge:14058
PSF-002766,Grubigstein,47.381200,10.846900,1,1,2,1,2,1,0,2,pge:14060
PSF-002767,Cerdedo,42.522200,-8.374230,1,0,0,0,0,0,1,2,pge:14061
PSF-002768,barracão,39.830900,-8.721600,0,0,0,0,0,0,0,0,pge:14062
PSF-002769,Vale do Paranã,-15.258500,-47.505900,1,2,2,2,1,0,0,0,pge:14065
PSF-002770,Snowbird,40.560600,-111.645000,2,0,0,0,0,0,2,1,pge:14067
PSF-002771,Vértesszőlős - Öregkovács-hegy,47.619100,18.408200,1,0,0,0,0,0,1,2,pge:14069
PSF-002772,Lake Sammamish State Park,47.558600,-122.067000,0,0,0,0,0,0,0,0,pge:14072
PSF-002773,Mt. Wilson,34.220800,-118.065000,0,0,0,0,0,0,0,0,pge:14073
PSF-002774,Xi Wah Shan,23.082800,114.825000,0,0,0,0,0,0,0,0,pge:14074
PSF-002775,Hawkswick,54.145700,-2.095230,0,0,0,0,0,2,0,0,pge:14075
PSF-002776,Dalefield Rd ( Mt Dick ),-41.007100,175.439000,0,0,0,0,0,0,0,0,pge:14077
PSF-002777,Trostyan mnt.,48.855600,23.393000,0,0,0,0,0,0,0,0,pge:14079
PSF-002778,Mt Batur,-8.237570,115.381000,0,0,0,0,0,0,0,0,pge:14082
PSF-002779,Schwartenberg,50.661900,13.465100,2,0,0,0,0,0,2,1,pge:14083
PSF-002780,Bewaldeth,54.713600,-3.224470,0,0,0,0,0,2,0,0,pge:14084
PSF-002781,Bej bunar,42.194600,23.146000,1,0,0,0,2,2,2,1,pge:14085
PSF-002782,Boom - De Schorre,51.092700,4.385350,0,0,0,1,1,2,1,0,pge:14086
PSF-002783,Casa velha  (Cercal),37.845900,-8.701530,0,0,0,0,0,0,0,0,pge:14088
PSF-002784,urrugne,43.524900,-1.222750,0,0,0,0,0,0,0,0,pge:14089
PSF-002785,Rigny le Ferron,48.193900,3.638000,0,2,0,0,0,0,0,0,pge:14091
PSF-002786,LaFramboise,45.529800,-75.962000,0,0,0,2,2,1,0,0,pge:14092
PSF-002787,Mt. Si,47.505300,-121.744000,0,0,0,0,0,0,0,0,pge:14099
PSF-002788,"Laztepe, Yalova",40.603400,29.252000,0,0,0,0,0,0,0,0,pge:14100
PSF-002789,Kétágú-hegy,47.723800,18.804600,0,0,0,0,1,2,0,0,pge:14101
PSF-002790,Kosmira,39.596500,20.789200,0,0,0,0,0,0,0,0,pge:14102
PSF-002791,Karachun,50.052000,36.272200,0,0,0,0,0,0,0,0,pge:14103
PSF-002792,Travyanskoe,50.255700,36.386500,0,0,0,0,0,0,0,0,pge:14104
PSF-002793,Preber,47.202400,13.882800,0,0,0,0,0,0,0,0,pge:14106
PSF-002794,Iron Mountain,32.971800,-116.957000,0,0,0,0,0,1,2,1,pge:14107
PSF-002795,Maydan Range,40.604700,44.861200,0,0,0,0,0,0,0,0,pge:14108
PSF-002796,Winch Schoenbrunn,49.403600,8.926370,0,0,0,0,0,0,0,0,pge:14110
PSF-002797,Stillbaai,-26.820800,28.183500,0,0,0,0,0,0,0,0,pge:14111
PSF-002798,Walla Crag,54.585200,-3.116870,0,0,0,0,0,0,0,2,pge:14112
PSF-002799,arhipoli,36.252200,28.056700,0,0,0,0,0,0,0,0,pge:14113
PSF-002800,Mount Utsayantha,42.399100,-74.585500,0,0,0,0,0,0,0,0,pge:14117
PSF-002801,Winde Reichenbach,50.428800,11.414400,0,0,0,0,0,0,0,0,pge:14118
PSF-002802,EJ Bowl,34.492400,-119.702000,0,0,0,0,0,0,0,0,pge:14122
PSF-002803,Steptoe Butte,47.030500,-117.298000,0,0,0,0,0,0,0,0,pge:14123
PSF-002804,Ag. Athanasios,40.840600,21.779100,0,2,2,2,0,0,0,0,pge:14124
PSF-002805,TaÅŸ Masa,36.150100,33.315400,0,0,0,0,0,0,0,0,pge:14126
PSF-002806,Kumeta - Piana degli albanesi,37.967300,13.249600,0,0,0,0,0,0,0,0,pge:14128
PSF-002807,Monte Inici,38.000200,12.858600,0,0,0,0,0,0,0,0,pge:14129
PSF-002808,Monte Cofano,38.100700,12.685400,1,2,0,0,0,0,0,0,pge:14130
PSF-002809,Madonna del Alto,37.831700,14.049100,0,0,0,0,0,0,0,0,pge:14131
PSF-002810,casalinho pombal,39.887000,-8.647000,0,0,0,0,0,0,0,0,pge:14132
PSF-002811,"Uludag 2000, Bursa",40.134200,29.174400,0,0,0,0,0,0,0,0,pge:14134
PSF-002812,Orosimo-Falakro,41.293900,24.055300,0,0,0,0,0,0,0,0,pge:14136
PSF-002813,Fuzz (Closed),32.758700,-116.507000,0,0,0,1,0,0,0,0,pge:14137
PSF-002814,Mazourka,36.969400,-118.118000,0,0,0,0,0,0,0,0,pge:14138
PSF-002815,Plemont,49.254800,-2.232800,2,1,0,0,0,0,0,0,pge:14140
PSF-002816,Suurberg Steynsburg EC,-31.190200,25.612500,0,0,0,0,0,0,0,0,pge:14143
PSF-002817,ULUDAG KIRANTEPE EAST 2100,40.071100,29.330900,0,0,0,0,0,0,0,0,pge:14146
PSF-002818,Witmarsum,-26.911800,-49.780900,0,0,0,0,0,0,0,0,pge:14147
PSF-002819,Mikulcak,48.939700,17.826300,0,0,0,0,0,0,0,0,pge:14149
PSF-002820,Mount Campo,45.936100,10.023000,0,0,0,0,0,0,0,0,pge:14152
PSF-002821,Miller's Leap,54.744100,-2.576300,0,0,0,0,0,0,0,0,pge:14153
PSF-002822,Tardosbánya - Gorbatető,47.653400,18.435700,0,0,2,1,0,0,0,0,pge:14155
PSF-002823,Csóka-hegy,47.370400,18.251900,0,0,0,0,0,2,0,0,pge:14156
PSF-002824,akrefnio,38.444800,23.224600,0,0,0,0,0,0,0,0,pge:14158
PSF-002825,Panagia-Kefalari,41.053300,24.286800,0,0,0,0,1,2,2,0,pge:14159
PSF-002826,Sta. Cruz - Max,39.136200,-9.381680,0,0,0,0,0,0,0,0,pge:14160
PSF-002827,De Aar,-30.792600,24.029100,0,0,0,0,0,0,0,0,pge:14161
PSF-002828,limni yliki,38.452500,23.264300,0,0,0,0,0,0,0,0,pge:14163
PSF-002829,Vize,41.583400,27.782800,0,0,0,0,0,0,0,0,pge:14164
PSF-002830,Padul North,37.048300,-3.625760,2,0,0,0,0,0,0,0,pge:14172
PSF-002831,Serra do Abiá,-13.310600,-39.329300,0,0,0,0,0,0,0,0,pge:14173
PSF-002832,Te Mata,-39.701800,176.910000,0,1,2,1,0,0,0,0,pge:14176
PSF-002833,Postmasburg,-28.338000,23.073100,0,0,0,0,0,0,0,0,pge:14180
PSF-002834,Egmond aan Zee,52.611700,4.619200,0,0,0,0,0,1,2,1,pge:14181
PSF-002835,The 1200 - Antofagasta,-22.962200,-70.267900,0,0,0,0,0,0,0,0,pge:14183
PSF-002836,Sesklo,39.366100,22.824200,0,0,0,0,0,0,0,0,pge:14184
PSF-002837,Santa Terezinha -Rampa do Boqueirão (BA),-12.711100,-39.545000,0,2,2,2,0,0,0,0,pge:14185
PSF-002838,Millington,53.952300,-0.726300,0,0,0,0,0,0,0,0,pge:14187
PSF-002839,Cabeça Alta - Valhelhas,40.430800,-7.416920,0,0,0,0,0,0,0,0,pge:14188
PSF-002840,Sand Road to Sodium off N12,-30.271300,23.542100,0,0,0,0,0,0,0,0,pge:14189
PSF-002841,Dilbe,11.955700,39.422100,0,0,0,0,0,0,0,0,pge:14190
PSF-002842,Lalibela,12.042100,39.036900,0,0,0,0,0,0,0,0,pge:14191
PSF-002843,Haro Wenchi Krater,8.810200,37.884600,0,0,0,0,0,0,0,0,pge:14192
PSF-002844,MURRELLS BEACH,-38.399200,141.528000,0,0,0,0,0,0,2,0,pge:14193
PSF-002845,Debre Zebit,11.710400,38.918800,0,0,0,0,0,0,0,0,pge:14194
PSF-002846,Portland - Discovery Bay,-38.332300,141.398000,0,0,0,0,0,1,0,0,pge:14196;siteguide_au:158-91
PSF-002847,Volcano Nevado de Colima,19.561100,-103.611000,0,0,0,0,0,0,0,0,pge:14199
PSF-002848,Decolagem NE/L/SE,-27.086800,-49.628300,0,0,0,0,0,0,0,0,pge:14201
PSF-002849,Imst Alpjoch,47.254000,10.684300,0,0,0,0,0,0,0,0,pge:14202
PSF-002850,Touflith / Ait Barka,31.452700,-7.444700,2,2,0,0,0,0,0,2,pge:14206
PSF-002851,Blueberry Hill,61.098100,-149.680000,2,2,1,0,0,1,2,2,pge:14207
PSF-002852,Saphane Mnt.,39.037500,29.283900,0,0,0,0,0,0,0,0,pge:14212
PSF-002853,Icicle Ridge,47.579600,-120.686000,0,2,2,2,0,0,0,0,pge:14214
PSF-002854,Vilavicencio -El Oficial,4.147700,-73.680200,0,2,2,2,0,0,0,0,pge:14215
PSF-002855,Mzouda,31.213900,-8.598600,2,0,0,0,0,0,0,0,pge:14216
PSF-002856,Musheramore (W),52.014300,-8.980300,0,0,1,2,0,1,2,2,pge:14217
PSF-002857,Waystones edge,53.627600,-1.971500,1,0,0,0,0,0,0,2,pge:14218
PSF-002858,Pule,53.593400,-1.952800,0,0,0,0,0,0,2,0,pge:14219
PSF-002859,Anderson Flat,37.761800,-119.919000,0,0,0,1,2,1,0,0,pge:14220
PSF-002860,Ohope,-37.961200,177.023000,0,2,0,0,0,0,0,0,pge:14221
PSF-002861,Kohe Point,-37.948400,177.011000,0,0,0,0,0,0,2,2,pge:14222
PSF-002862,Warriewood,-33.693550,151.310500,0,1,0,0,0,0,0,0,pge:14223;siteguide_au:127-32
PSF-002863,Hermonville,49.340500,3.893600,0,0,0,2,0,0,0,0,pge:14224
PSF-002864,Craonelle,49.430200,3.759200,0,0,0,0,0,2,0,0,pge:14225
PSF-002865,Glennes,49.365900,3.707500,0,0,0,0,0,2,0,0,pge:14226
PSF-002866,Monterosso,44.152700,9.669550,0,0,1,2,2,2,2,0,pge:14227
PSF-002867,Black Mountain,48.974500,-122.027000,0,0,0,0,0,0,2,2,pge:14228
PSF-002868,Mont Pelneault,46.395600,-75.514900,0,0,0,2,2,1,0,0,pge:14229
PSF-002869,Caron Nord,45.263500,6.563100,2,1,1,1,0,1,1,2,pge:14233
PSF-002870,Caron Sud,45.264500,6.558000,0,0,0,0,2,2,2,0,pge:14234
PSF-002871,Caron Ouest,45.265600,6.558500,0,0,0,0,0,2,2,2,pge:14235
PSF-002872,Lanzarote - Tinajo (el Cuchillo),29.087200,-13.658500,2,2,0,0,0,0,0,0,pge:14237
PSF-002873,Î‘Î¹Î³Î¿ÏƒÎ¸ÎµÎ½Î±,38.105600,23.240900,0,0,0,0,0,0,0,0,pge:14238
PSF-002874,Cascade Saddle - Pylon,-44.518500,168.681000,0,0,0,0,0,0,0,0,pge:14239
PSF-002875,Lovers Leap,-44.721000,168.439000,0,0,0,0,0,0,0,0,pge:14240
PSF-002876,Kincaid Bluffs,61.143300,-150.023000,0,0,0,0,0,0,0,0,pge:14241
PSF-002877,Doi Bu,20.808800,105.570000,2,1,0,0,0,0,0,1,pge:14242
PSF-002878,Foz do Pojuquinha,-12.596900,-38.031100,0,0,0,0,0,0,0,0,pge:14243
PSF-002879,Catussaba,-12.947100,-38.338000,0,0,0,0,0,0,0,0,pge:14244
PSF-002880,Albernkopf,51.218700,8.390420,0,0,0,0,0,0,0,0,pge:14245
PSF-002881,Pilis - Partizán,47.682900,18.875600,0,0,1,2,2,1,0,0,pge:14246
PSF-002882,Rinconada,25.668000,-100.740000,0,0,0,0,0,0,0,0,pge:14249
PSF-002883,Belo Horizonte - Serra da Moeda,-20.231900,-43.973600,0,0,0,0,0,0,0,0,pge:14250
PSF-002884,Skyline Gondola,-45.019100,168.650000,0,0,2,2,0,2,0,0,pge:14251
PSF-002885,Cocorna,6.058150,-75.209400,1,2,1,0,0,0,0,0,pge:14252
PSF-002886,Guardo do Embaú Beach,-27.891700,-48.580100,0,0,0,0,0,0,0,0,pge:14253
PSF-002887,Oxford,-43.233900,172.217000,0,0,0,0,0,0,0,0,pge:14255
PSF-002888,Vanzylsrus,-26.881500,22.055600,0,0,0,0,0,0,0,0,pge:14256
PSF-002889,Platania-antenna,41.189500,24.441100,2,2,0,0,0,0,0,0,pge:14257
PSF-002890,Guaibim,-13.288100,-38.963200,0,0,0,0,0,0,0,0,pge:14258
PSF-002891,Pratigi,-13.724500,-38.991200,0,0,0,0,0,0,0,0,pge:14259
PSF-002892,Foz do Jacuipe,-12.711100,-38.124700,0,0,0,0,0,0,0,0,pge:14260
PSF-002893,Wagrain,47.324000,13.347200,0,0,0,0,0,0,0,0,pge:14262
PSF-002894,Boştepe,40.945300,38.150300,0,0,0,0,0,0,0,0,pge:14263
PSF-002895,Î“ÎµÎ½Î½Î·ÏƒÎ­Î± (ÎžÎ¬Î½Î¸Î·Ï‚),41.057300,24.945800,0,0,0,0,0,0,0,0,pge:14267
PSF-002896,Tenerife - Tierra del Trigo,28.359900,-16.785800,1,2,1,0,0,0,0,1,pge:14269
PSF-002897,CVLC-ALVÃ”CO,40.283100,-7.819700,0,0,0,0,0,0,0,0,pge:14273
PSF-002898,Portsea,-38.329810,144.695600,0,0,0,0,1,1,0,0,pge:14274;siteguide_au:177-98
PSF-002899,"Isik Mnt, Kizilcahamam, Ankara",40.665800,32.764200,0,0,0,0,0,0,0,0,pge:14275
PSF-002900,Schlossalm,47.152300,13.060900,0,0,0,0,0,0,0,0,pge:14277
PSF-002901,Perran Sands,50.361200,-5.148500,0,0,0,0,0,0,2,2,pge:14283
PSF-002902,Mt. Baldy Summit,61.335300,-149.489000,2,1,0,1,2,2,2,2,pge:14284
PSF-002903,Nike Site,61.258900,-149.528000,2,2,0,0,0,2,2,2,pge:14285
PSF-002904,Flat Top,61.089600,-149.668000,2,2,1,0,0,0,2,2,pge:14286
PSF-002905,Hellin Cerro Morron,38.538100,-1.670800,0,0,0,0,0,0,1,2,pge:14287
PSF-002906,Kerimasi Crater,-2.872750,35.955600,0,0,0,0,0,0,0,0,pge:14289
PSF-002907,Bird's Clearing,-40.863100,172.890000,0,0,0,0,0,0,0,0,pge:14290
PSF-002908,Saint Anna lake,46.122100,25.901000,0,0,0,2,2,2,0,0,pge:14292
PSF-002909,Cozmeni,46.231400,25.963900,0,0,0,0,1,2,1,2,pge:14293
PSF-002910,Bald Peak,47.173300,-67.108400,2,2,2,2,2,2,2,2,pge:14298
PSF-002911,Gardner's Creek,45.265100,-65.733100,0,1,2,1,0,0,0,0,pge:14299
PSF-002912,Red Head,45.251200,-66.010700,0,0,0,0,1,2,1,0,pge:14300
PSF-002913,Charlottenpolder,53.195600,7.240560,1,1,1,2,1,1,1,2,pge:14301
PSF-002914,Welsford,45.472000,-66.508600,0,0,0,0,0,2,2,1,pge:14302
PSF-002915,Florenceville,46.435600,-67.569300,0,0,0,0,0,2,2,0,pge:14303
PSF-002916,Morro da Santa,-29.117000,-49.687800,0,1,2,2,0,0,0,0,pge:14304
PSF-002917,Wolowiec,49.211000,19.762100,0,0,0,0,0,0,0,0,pge:14305
PSF-002918,Burma Rd,-39.754400,176.682000,0,0,1,2,0,0,0,0,pge:14307
PSF-002919,Yukariseyhler,38.256800,39.470100,0,0,0,0,0,0,0,0,pge:14309
PSF-002920,Новоселски баир - Запад,42.091000,24.464200,0,0,0,0,0,0,0,0,pge:14310
PSF-002921,Kosmostanciya,43.043700,76.931800,0,0,0,0,0,0,0,0,pge:14316
PSF-002922,Uroi,45.860800,23.042300,0,2,2,2,2,2,2,2,pge:14317
PSF-002923,Rimetea,46.453800,23.538000,0,1,1,2,1,0,0,0,pge:14318
PSF-002924,Nor Ughi,39.000000,44.000000,0,0,0,2,2,2,0,0,pge:14321
PSF-002925,Costinesti,43.928500,28.634500,0,2,2,0,0,0,0,0,pge:14323
PSF-002926,2Mai-Vama Veche,43.760300,28.576200,0,2,2,2,0,0,0,0,pge:14324
PSF-002927,Tuzla,43.985400,28.665200,0,0,2,2,0,0,0,0,pge:14325
PSF-002928,Capul Dolojman,44.231400,28.607000,0,2,0,0,0,0,0,0,pge:14326
PSF-002929,sundance kingfishers,36.516000,30.541300,0,0,0,0,0,0,0,0,pge:14329
PSF-002930,Isle of wight Pearl,50.635800,-1.415400,0,0,0,0,0,2,2,0,pge:14330
PSF-002931,Limerstone,50.650500,-1.380200,0,0,0,2,2,0,0,0,pge:14331
PSF-002932,Chillerton,50.648000,-1.326400,0,0,0,0,0,0,0,0,pge:14332
PSF-002933,Luccombe,50.618800,-1.176000,0,0,2,0,0,0,0,0,pge:14333
PSF-002934,Long Pool,35.513200,-93.147500,1,0,0,0,0,0,1,2,pge:14334
PSF-002935,Mt.Gabriel,51.558600,-9.540200,1,2,0,2,0,0,1,2,pge:14335
PSF-002936,Dunworly Bay,51.579500,-8.750600,1,0,0,0,0,0,0,2,pge:14336
PSF-002937,Old Head of Kinsale (Cork),51.620400,-8.545100,0,0,0,0,0,2,2,0,pge:14337
PSF-002938,Aconeera or Cnoc Mordain,53.384200,-9.677200,0,0,0,2,1,0,0,2,pge:14338
PSF-002939,Benglenesky,53.486400,-9.859020,0,0,0,0,2,2,0,0,pge:14339
PSF-002940,Cregg Mt.,53.506800,-9.936780,0,0,0,0,0,0,0,0,pge:14340
PSF-002941,Lackadunna,53.395400,-9.497240,0,0,0,0,0,2,0,0,pge:14341
PSF-002942,Maumturk Mts,53.494300,-9.664000,0,0,0,0,1,2,0,0,pge:14342
PSF-002943,Tully Mtn.,53.583000,-10.003700,0,0,0,0,0,0,0,0,pge:14343
PSF-002944,Bencroy or Gubnaveagh,54.039100,-8.000000,0,0,0,0,0,0,0,0,pge:14344
PSF-002945,Englishman's,54.263700,-7.984650,0,0,0,0,0,0,0,0,pge:14345
PSF-002946,Glenade Lough,54.363900,-8.284590,0,0,0,0,0,0,0,0,pge:14346
PSF-002947,Keeloges,54.403500,-8.286410,0,0,0,0,0,0,0,0,pge:14347
PSF-002948,O'Donnell's,54.218300,-8.306590,0,0,0,0,0,0,0,0,pge:14348
PSF-002949,Sheenun,54.408200,-8.144760,0,0,0,0,0,0,0,0,pge:14349
PSF-002950,Croagh Patrick,53.759900,-9.658780,2,2,0,1,2,2,1,2,pge:14350
PSF-002951,Croaghmoyle,53.926000,-9.374100,0,0,0,0,0,0,2,2,pge:14351
PSF-002952,Devil's Mother,53.601100,-9.637440,0,0,0,0,0,0,0,0,pge:14352
PSF-002953,Maumtrasna,53.620200,-9.550530,0,0,0,0,0,0,0,0,pge:14353
PSF-002954,Nephin,54.012400,-9.368280,0,0,1,2,0,0,2,2,pge:14354
PSF-002955,Ben Bulbin,54.365100,-8.472290,1,0,0,0,1,2,1,0,pge:14356
PSF-002956,Knocknarea,54.259800,-8.576700,2,1,2,0,1,1,2,2,pge:14357
PSF-002957,Ox Mts.,54.131000,-8.758740,0,0,0,0,0,0,0,0,pge:14358
PSF-002958,Truskmore,54.374500,-8.370840,0,0,0,0,0,0,0,0,pge:14359
PSF-002959,Bricklieve Mts,54.053700,-8.375610,0,0,0,0,0,0,0,0,pge:14360
PSF-002960,Kesh Corann,54.061700,-8.423020,0,0,0,0,0,0,0,0,pge:14361
PSF-002961,Bournabrena,53.236500,-6.378010,0,0,0,0,0,0,0,0,pge:14363
PSF-002962,Corn Hill,53.806900,-7.714640,0,0,0,0,0,0,0,0,pge:14364
PSF-002963,Black Mt,54.079400,-6.320860,0,2,0,0,2,0,0,0,pge:14365
PSF-002964,Carlingford Mt.,54.042900,-6.215470,0,2,2,2,0,2,2,0,pge:14366
PSF-002965,Gormanstown Dunes,53.652100,-6.219920,0,1,1,0,0,0,0,0,pge:14367
PSF-002966,Annagh Hill,52.752000,-6.370880,0,0,0,2,0,0,0,0,pge:14368
PSF-002967,Arklow Rock,52.769500,-6.150930,0,0,0,0,0,0,0,0,pge:14369
PSF-002968,Church Mt.,53.054000,-6.584720,0,0,0,0,0,0,0,0,pge:14370
PSF-002969,Croghan Mountain,52.795400,-6.323300,2,1,0,1,2,0,2,1,pge:14371
PSF-002970,Djouce Mtn.,53.130300,-6.240070,0,0,0,0,0,0,0,0,pge:14372
PSF-002971,Dunran Hill,53.055600,-6.117820,0,0,0,0,0,0,0,0,pge:14373
PSF-002972,Mt. Kennedy,53.083100,-6.150950,0,0,0,0,0,0,0,0,pge:14374
PSF-002973,Sugar Loaf Mountain,53.154100,-6.149400,0,1,0,0,0,2,2,0,pge:14375
PSF-002974,Tonelagee,53.053200,-6.381910,0,0,0,0,0,0,0,0,pge:14376
PSF-002975,Fanore,53.118000,-9.287900,0,0,0,0,0,0,2,2,pge:14377
PSF-002976,Gleninagh Mt.,53.128900,-9.206300,2,2,0,0,0,0,0,0,pge:14378
PSF-002977,Slieve Bernagh,52.823900,-8.551830,0,0,0,0,2,2,0,0,pge:14379
PSF-002978,Slieve Elva,53.083500,-9.268500,0,0,0,0,0,0,2,2,pge:14380
PSF-002979,Castlefreke,51.556300,-8.965300,0,0,0,0,0,2,0,0,pge:14381
PSF-002980,Healy Pass,51.724700,-9.758360,0,0,0,0,0,0,0,0,pge:14382
PSF-002981,Hungry Hill,51.676000,-9.765150,0,0,0,0,0,0,0,0,pge:14383
PSF-002982,Inchadoney,51.598100,-8.861560,0,0,0,2,1,0,0,0,pge:14384
PSF-002983,Knockgour / Allihies,51.641700,-10.000700,0,0,0,1,0,0,2,0,pge:14385
PSF-002984,Mass Mt.,51.699600,-9.693740,0,0,0,0,0,0,0,0,pge:14386
PSF-002985,Mullaghanish,51.983000,-9.142560,0,2,0,2,1,2,0,0,pge:14387
PSF-002986,Seefin - Bantry Bay,51.598900,-9.695760,0,0,0,0,0,0,0,0,pge:14388
PSF-002987,Bolus Head,51.801200,-10.321000,0,0,0,0,0,0,0,0,pge:14389
PSF-002988,Castle (Castlegoat) Rock,51.818400,-9.590800,0,0,0,2,0,0,2,2,pge:14390
PSF-002989,Cruach Marthain,52.149500,-10.431100,0,0,0,0,0,0,0,0,pge:14391
PSF-002990,Eagle Mountain,52.117200,-10.430800,0,0,0,0,0,0,0,0,pge:14392
PSF-002991,Knocknadobar,51.992700,-10.175100,0,0,0,0,0,0,0,0,pge:14393
PSF-002992,Knocknagantee / Finnararagh,51.893600,-9.934920,0,0,0,0,0,0,0,0,pge:14394
PSF-002993,Portmagee,51.867500,-10.333100,0,0,0,0,0,0,0,0,pge:14396
PSF-002994,Slieve Mish Mts.,52.212500,-9.714650,0,0,0,0,0,0,0,0,pge:14397
PSF-002995,Turner's Rock - Esk Mt.,51.784600,-9.586790,1,2,2,1,0,0,0,1,pge:14398
PSF-002996,Galty Mountains,52.346900,-8.256790,0,0,0,0,0,0,0,0,pge:14399
PSF-002997,Seefin - Ballyhoura Mts.,52.313600,-8.522000,0,0,0,0,0,0,0,0,pge:14400
PSF-002998,Slievereagh,52.377900,-8.403820,0,0,0,0,0,0,0,0,pge:14401
PSF-002999,Arra,52.846700,-8.394070,0,0,0,0,0,2,2,1,pge:14402
PSF-003000,Carrigeenina (Slievenamuck),52.434200,-8.176430,0,0,0,0,0,0,0,0,pge:14403
PSF-003001,Devil's Bit Mountain,52.820700,-7.913970,0,0,0,0,0,1,2,1,pge:14404
PSF-003002,Keeper Hill / Slievekimalta,52.751200,-8.260640,0,0,0,0,0,0,0,0,pge:14405
PSF-003003,Slievenamon,52.427200,-7.561920,0,0,2,0,0,0,0,0,pge:14406
PSF-003004,Fathom Wood,54.119700,-6.308530,0,0,0,0,0,0,0,0,pge:14407
PSF-003005,Slieve Gullion,54.122300,-6.432320,0,0,0,0,0,2,2,0,pge:14408
PSF-003006,Banagher Hill,54.720000,-8.079140,0,0,0,0,0,0,0,0,pge:14409
PSF-003007,Bloody Foreland,55.137400,-8.260280,0,0,0,0,0,0,0,0,pge:14410
PSF-003008,Croaghmuckros,54.620700,-8.582060,0,0,0,0,0,0,0,0,pge:14411
PSF-003009,Crownarad,54.645300,-8.512710,0,0,0,0,0,0,0,0,pge:14412
PSF-003010,Errigal Mt.,55.034300,-8.112600,0,0,0,0,0,0,0,0,pge:14413
PSF-003011,Glengesh Hill,54.746100,-8.462740,0,0,0,0,0,0,0,0,pge:14414
PSF-003012,Kingarrow Mtn,55.061300,-7.915490,0,0,0,0,0,0,0,0,pge:14415
PSF-003013,Knockalla Mountain,55.165800,-7.612440,0,0,0,0,0,0,0,0,pge:14416
PSF-003014,Lough Aderry,54.736200,-8.023290,0,0,0,0,0,0,0,0,pge:14417
PSF-003015,Mamore - Urris Hills,55.237200,-7.490710,0,0,0,0,0,0,0,0,pge:14418
PSF-003016,Mouldy Hill,55.102300,-7.445430,0,0,0,0,0,0,0,0,pge:14419
PSF-003017,Muckish Mt.,55.103500,-7.938900,0,0,0,0,0,0,0,0,pge:14420
PSF-003018,Mulmosog Mountain,54.732000,-8.391170,0,0,0,0,0,0,0,0,pge:14421
PSF-003019,Rocky Hill,55.091800,-7.326540,0,0,0,0,0,0,0,0,pge:14422
PSF-003020,Scraigs,54.860100,-8.102770,0,0,0,0,0,0,0,0,pge:14423
PSF-003021,Slievetooey,54.761700,-8.593400,0,0,0,0,0,0,0,0,pge:14424
PSF-003022,Carmona,14.284700,121.039000,2,2,0,0,0,0,0,0,pge:14425
PSF-003023,Matal Mohayl,18.556400,42.051000,0,0,0,0,0,1,2,1,pge:14429
PSF-003024,sharamh,18.325800,42.389500,0,0,0,0,0,1,2,1,pge:14430
PSF-003025,Alsamma,18.298300,42.331200,0,0,0,1,2,2,2,2,pge:14431
PSF-003026,Monte Battaglia Est,44.222200,11.583400,0,1,2,0,0,0,0,0,pge:14432
PSF-003027,Monte Battaglia Ovest,44.221900,11.582600,0,0,0,0,0,0,2,1,pge:14433
PSF-003028,Passo della Sambuca,44.071400,11.487400,2,1,0,0,0,0,0,0,pge:14434
PSF-003029,Mushera (N),52.023100,-8.955300,2,1,0,0,0,0,0,0,pge:14435
PSF-003030,Ca' del Monte - Cecima,44.818300,9.071100,0,0,0,0,2,2,2,2,pge:14436
PSF-003031,World's en View,-8.831030,33.541800,0,0,2,1,0,0,0,0,pge:14437
PSF-003032,Sea Garden,42.496700,27.482900,0,0,2,1,0,0,0,0,pge:14439
PSF-003033,Samanga,-18.522600,32.731800,0,2,1,1,0,0,0,0,pge:14440
PSF-003034,St Albert's Mission,-16.445800,31.309400,1,2,1,0,0,0,0,0,pge:14441
PSF-003035,Caesar Mine,-17.321400,30.655900,0,2,1,0,0,0,0,0,pge:14442
PSF-003036,asiderotas,35.152700,24.562100,0,0,0,1,2,1,1,0,pge:14443
PSF-003037,Sibundoy,1.217170,-76.930000,0,0,1,2,2,1,0,0,pge:14444
PSF-003038,Hayfield,43.891300,-92.879300,2,2,0,2,2,2,0,2,pge:14445
PSF-003039,La Lieude,43.635800,3.267530,0,1,2,0,0,0,0,0,pge:14446
PSF-003040,bellemene 1200,-21.019800,55.352700,0,0,0,0,0,0,0,0,pge:14451
PSF-003041,Camlidere otoban,40.380100,32.445200,0,0,0,0,0,0,0,0,pge:14458
PSF-003042,Konczysty,49.206200,19.807900,0,0,0,0,0,0,0,0,pge:14459
PSF-003043,Almograve - PT,37.649100,-8.803650,0,0,0,0,0,0,0,0,pge:14462
PSF-003044,Arreton,50.680800,-1.228000,0,0,0,0,2,0,0,0,pge:14469
PSF-003045,Culver,50.666200,-1.110000,0,0,0,0,2,0,0,0,pge:14470
PSF-003046,Y Mountain,40.248300,-111.620000,0,0,0,0,0,1,2,1,pge:14471
PSF-003047,Monte Caio,44.463300,10.170800,1,0,0,1,2,1,0,0,pge:14472
PSF-003048,Ullnabacken,59.470500,18.141900,2,1,0,0,0,0,0,1,pge:14473
PSF-003049,Cliffside,45.724600,-120.727000,0,0,0,0,0,0,0,0,pge:14474
PSF-003050,Oceanside,45.465400,-123.971000,0,0,0,0,1,2,1,0,pge:14476
PSF-003051,Thompson's lookout,49.087800,-116.378000,0,0,0,0,0,2,2,0,pge:14477
PSF-003052,Brighstone A,50.655000,-1.392200,0,0,0,0,0,0,0,0,pge:14478
PSF-003053,Brighstone B,50.651300,-1.383700,0,0,0,0,0,0,0,0,pge:14479
PSF-003054,Alum Bay,50.663000,-1.571000,0,0,0,0,0,0,0,0,pge:14480
PSF-003055,Yaverland,50.664100,-1.125800,0,0,0,0,0,0,0,0,pge:14481
PSF-003056,Rangsta,59.002300,17.753500,0,0,0,0,0,0,2,0,pge:14482
PSF-003057,Brahehus,58.053900,14.500600,0,0,0,0,0,0,1,2,pge:14483
PSF-003058,bari,38.043000,45.101300,2,2,2,2,2,0,0,0,pge:14484
PSF-003059,Alpe Giumello,46.044900,9.356600,0,0,2,2,2,2,2,0,pge:14485
PSF-003060,Dizdarica,42.487000,18.568400,0,0,0,2,2,2,0,0,pge:14488
PSF-003061,palma del rio,37.706600,-5.282500,0,0,2,2,2,2,2,2,pge:14489
PSF-003062,Parapente Tirua,-38.362600,-73.501800,0,0,0,0,0,1,2,1,pge:14490
PSF-003063,Cerro Maule,-38.815200,-73.401100,0,0,0,0,0,0,2,1,pge:14491
PSF-003064,taimali 250,22.617200,120.994000,0,2,2,2,0,0,0,0,pge:14492
PSF-003065,Punod,10.520300,123.324000,0,2,2,0,0,0,0,0,pge:14493
PSF-003066,"Poligon Husi on N, NNE, NNW Takeoff",46.656100,28.124300,2,1,0,0,0,0,0,1,pge:14494
PSF-003067,faze 2,37.620400,45.156200,0,2,2,2,2,0,0,0,pge:14495
PSF-003068,Hyner View,41.326000,-77.624500,1,0,0,0,1,1,2,2,pge:14496
PSF-003069,Erice,38.033700,12.578600,0,0,0,1,2,1,0,0,pge:14498
PSF-003070,Montagna Grande N,37.898100,12.773200,2,1,0,2,2,2,2,2,pge:14499
PSF-003071,Ed Levin 600ft,37.461300,-121.860000,1,0,0,1,2,2,2,2,pge:14500
PSF-003072,Röllingen,59.445600,17.358800,0,0,0,0,2,2,0,0,pge:14502
PSF-003073,Ed Levin 300ft,37.461100,-121.865000,0,0,0,0,2,2,2,1,pge:14505
PSF-003074,el farallon,18.508600,-67.051300,2,0,0,0,0,0,0,0,pge:14508
PSF-003075,Certak,50.619700,14.054100,2,0,0,0,0,0,0,0,pge:14509
PSF-003076,Coll de Lilla,41.356700,1.225400,2,0,0,0,0,0,0,2,pge:14511
PSF-003077,Collbaix,41.742900,1.765700,0,0,0,1,2,1,0,0,pge:14512
PSF-003078,Serres Beaumont,44.378300,5.686700,0,1,2,1,0,0,0,0,pge:14513
PSF-003079,Mokopane Potgietersrus Airfield,-24.229100,28.985200,2,2,2,2,2,2,2,2,pge:14514
PSF-003080,Choburi,37.317200,127.282000,0,0,0,0,0,1,2,2,pge:14515
PSF-003081,Patamanta,-16.369700,-68.362900,0,0,0,0,0,0,2,1,pge:14517
PSF-003082,Maes Knoll,51.392100,-2.574700,0,0,1,1,0,0,0,0,pge:14518
PSF-003083,Base de treuil de Villeneuve renneville,48.938700,4.058200,2,2,2,2,2,2,2,2,pge:14519
PSF-003084,Huajchilla,-16.649700,-68.060800,0,0,2,1,0,0,0,0,pge:14520
PSF-003085,Coroico,-16.194200,-67.719200,2,1,0,0,0,0,0,1,pge:14521
PSF-003086,Coward's bowl,51.108700,-2.277300,0,0,0,0,2,2,0,0,pge:14522
PSF-003087,Bjelasnica,43.704000,18.257000,2,2,2,2,2,0,0,0,pge:14532
PSF-003088,Oostduinkerke,51.127900,2.651500,1,0,0,0,0,0,1,2,pge:14533
PSF-003089,Guglwald,48.581500,14.185700,0,0,0,0,0,1,2,0,pge:14537
PSF-003090,Cliffton,47.736100,-65.381800,1,0,0,0,0,0,1,2,pge:14538
PSF-003091,Gurli,46.713500,7.282700,1,1,1,0,0,0,0,0,pge:14539
PSF-003092,Woodstock,38.870600,-78.450000,0,0,0,0,0,0,1,2,pge:14540
PSF-003093,Porzus,46.184200,13.332600,0,0,0,1,2,2,2,0,pge:14543
PSF-003094,Calima,3.924720,-76.517000,0,1,2,2,1,0,0,0,pge:14544
PSF-003095,Ilha Grande Rampa Mauricio Klabin,-23.137300,-44.172500,1,2,2,2,0,0,0,0,pge:14546
PSF-003096,Eype,50.716000,-2.779000,0,0,0,0,2,2,0,0,pge:14547
PSF-003097,Garatucaia,-23.041600,-44.178500,0,2,2,0,0,0,0,0,pge:14548
PSF-003098,Morro da Caixa d'Agua - Angra,-23.001500,-44.316100,0,0,0,2,2,2,0,0,pge:14549
PSF-003099,Millau -Puncho d Agast,44.110400,3.100900,1,0,0,1,2,2,2,2,pge:14551
PSF-003100,CERINZA,5.966860,-72.951900,0,0,0,0,0,0,0,0,pge:14552
PSF-003101,Capela de Santo Antao,41.848800,-8.835310,2,2,0,0,0,0,1,0,pge:14553
PSF-003102,Terril d'Anderlues,50.409500,4.296000,0,2,0,1,2,0,0,2,pge:14554
PSF-003103,Malgrè Tout,49.938700,4.653700,0,0,0,0,0,2,0,0,pge:14555
PSF-003104,Kominite,42.601300,23.284400,1,2,2,0,0,0,0,0,pge:14556
PSF-003105,Knokke - Het Zoute,51.363800,3.338000,2,0,0,0,0,0,0,2,pge:14557
PSF-003106,Cadzand-bad,51.371100,3.369700,0,0,0,0,0,0,2,2,pge:14558
PSF-003107,galata,43.172300,27.926800,2,1,0,0,0,0,0,1,pge:14559
PSF-003108,Oroel,42.519800,-0.543600,0,0,1,1,2,1,0,0,pge:14563
PSF-003109,Waremme,50.677000,5.257500,0,0,2,0,0,0,0,0,pge:14565
PSF-003110,Despegue Bistro,18.981400,-99.503200,0,0,1,2,2,1,0,0,pge:14566
PSF-003111,Pico das Flores,33.032600,-16.384300,0,0,0,2,2,1,0,0,pge:14568
PSF-003112,col de la Bataille,44.898000,5.229510,0,0,0,2,2,0,0,0,pge:14569
PSF-003113,SUC AU MAY (site des monedieres),45.467800,1.851390,0,0,0,1,2,1,0,0,pge:14570
PSF-003114,Ravna gora North,46.283200,16.009500,2,2,0,0,0,0,0,2,pge:14571
PSF-003115,Yelli,40.288600,32.260100,0,0,0,0,0,0,0,0,pge:14573
PSF-003116,Arma,38.326800,23.498700,2,1,0,0,0,0,0,1,pge:14577
PSF-003117,revadim,31.757200,34.790500,0,0,0,0,0,0,0,0,pge:14581
PSF-003118,Batère,42.503900,2.548880,0,0,1,2,2,2,0,0,pge:14582
PSF-003119,Chianocco,45.154400,7.181040,0,0,0,1,2,0,0,0,pge:14585
PSF-003120,Montes - Private Property - All pilots must be inducted and 'check-in' prior to entry.,-28.591130,153.464410,0,0,1,1,0,0,0,0,pge:14586;siteguide_au:258-282
PSF-003121,Whitesburg Sod Farm,33.499200,-84.859500,0,0,0,0,0,0,0,0,pge:14587
PSF-003122,Chateau de Queribus,42.846800,2.622730,0,0,0,0,0,0,0,0,pge:14589
PSF-003123,192km,32.615300,-9.176270,0,0,0,0,0,0,0,0,pge:14590
PSF-003124,Paluknys,54.479100,24.992800,0,0,0,0,0,0,0,0,pge:14593
PSF-003125,Birstonas,54.584100,24.053200,2,2,2,2,2,2,2,2,pge:14594
PSF-003126,Ringstead,50.639900,-2.342400,0,0,0,0,0,2,0,0,pge:14598
PSF-003127,Rainbow Ridge,39.694300,-119.984000,0,0,2,2,0,0,0,0,pge:14600
PSF-003128,Thompson Peak,40.262400,-120.559000,1,2,1,0,0,0,0,0,pge:14601
PSF-003129,Duck Pond (LIttle Bay),-30.889100,153.076000,0,0,0,0,0,0,0,0,pge:14602
PSF-003130,"Ghimes, Naskalat",46.600700,25.927500,1,1,2,1,1,0,0,0,pge:14605
PSF-003131,Khao Prig,14.893400,101.571000,0,0,0,0,0,0,0,0,pge:14607
PSF-003132,Marriners Lookout,-38.736960,143.667430,0,0,0,1,0,0,0,0,pge:14608;siteguide_au:155-65
PSF-003133,Eleftheria,40.847000,24.242800,0,0,0,0,0,0,0,0,pge:14609
PSF-003134,Sansimion,46.248700,25.824900,0,1,2,2,1,0,0,0,pge:14610
PSF-003135,Helmsdorf,51.248800,11.199600,0,0,0,0,0,0,0,0,pge:14611
PSF-003136,ruhama,31.463200,34.717300,0,0,0,0,0,0,0,0,pge:14612
PSF-003137,hula park,33.121000,35.583300,0,0,0,0,0,0,0,0,pge:14613
PSF-003138,Kirgel,49.003400,9.745130,0,0,0,0,0,0,0,0,pge:14615
PSF-003139,Lake Hartwell,34.393200,-82.857000,0,0,0,0,0,0,0,0,pge:14616
PSF-003140,willow,61.714500,-150.271000,0,0,0,0,0,0,0,0,pge:14617
PSF-003141,Luce's,61.676800,-150.628000,0,0,0,0,0,0,0,0,pge:14618
PSF-003142,Yentna Roadhouse,61.721600,-150.660000,0,0,0,0,0,0,0,0,pge:14619
PSF-003143,Clopotiva,45.472300,22.809000,2,2,0,0,0,0,0,1,pge:14620
PSF-003144,Janaditas,6.574660,-75.765700,0,0,0,0,0,2,2,0,pge:14622
PSF-003145,ai giannis,40.192600,23.693200,0,0,0,0,0,0,0,0,pge:14624
PSF-003146,Near Point,61.153900,-149.654000,0,0,0,0,0,0,0,0,pge:14625
PSF-003147,Roche de Mio,45.494000,6.734100,0,0,0,0,0,0,0,0,pge:14626
PSF-003148,Ravnec,42.662700,24.830700,0,0,0,0,0,0,0,0,pge:14627
PSF-003149,Flinders Golf Club,-38.479000,145.012700,0,0,0,0,1,0,0,0,pge:14629;siteguide_au:168-57
PSF-003150,Cape Agulhas,-34.819100,20.017700,0,0,0,2,2,1,0,0,pge:14633
PSF-003151,Mont Ministre,45.469000,4.693200,0,0,0,2,2,1,0,0,pge:14634
PSF-003152,Stockinger,48.446000,8.428580,0,0,0,0,0,0,0,0,pge:14635
PSF-003153,"Cungus,  Diyarbakir",38.225700,39.276900,0,0,0,0,0,0,0,0,pge:14637
PSF-003154,Praia de Ponta de Pedras,-7.608480,-34.815900,0,2,0,0,0,0,0,0,pge:14639
PSF-003155,Mt Shrimpton,-44.238900,169.259000,0,0,0,0,0,0,0,2,pge:14640
PSF-003156,"Cermik, Diyarbakir",38.143800,39.463100,0,0,0,0,0,0,0,0,pge:14641
PSF-003157,Siilinkari,61.519400,23.749000,0,0,0,0,0,0,0,0,pge:14643
PSF-003158,Brewester hut,-44.088100,169.420000,0,0,0,0,0,0,0,0,pge:14644
PSF-003159,Pukerua Bay escarpment,-41.030500,174.876000,0,0,0,0,0,0,0,0,pge:14647
PSF-003160,Peyriac,43.084100,2.974020,0,0,0,2,0,0,0,0,pge:14648
PSF-003161,Batuco,-33.186600,-70.826900,0,0,0,2,2,0,0,0,pge:14649
PSF-003162,Güdül Sivrisi,40.170500,32.216000,0,0,0,0,0,0,0,0,pge:14650
PSF-003163,Blueys Beach,-32.355400,152.534000,0,0,0,0,0,0,0,0,pge:14651
PSF-003164,Los Caballos,10.083000,-63.741600,1,1,2,2,2,0,0,1,pge:14652
PSF-003165,Cairns Bay,-38.486900,144.971000,0,0,0,0,2,1,0,0,pge:14653
PSF-003166,Ailigas,69.424000,25.986300,0,0,0,0,0,0,0,0,pge:14654
PSF-003167,Saarlouis Düren,49.313000,6.664280,0,1,2,0,0,1,2,0,pge:14655
PSF-003168,Kilcunda,-38.562200,145.492100,0,0,0,0,1,1,0,0,pge:14656;siteguide_au:170-62
PSF-003169,trani amouda,40.250500,23.722200,0,0,0,0,0,0,0,0,pge:14657
PSF-003170,"Bear Mountain Chugiak ,AK",61.417200,-149.402000,0,0,0,0,0,0,0,0,pge:14658
PSF-003171,Little Road,30.812800,-98.675300,0,0,0,0,0,0,0,0,pge:14661
PSF-003172,West Carpark take off  Mt. Leinster,52.657800,-6.772830,0,0,0,0,0,1,2,1,pge:14662
PSF-003173,"Gebeli Koyu, Adiyaman",37.819100,38.282700,0,0,0,0,0,0,0,0,pge:14663
PSF-003174,Düzici,37.277500,36.521400,0,0,0,0,0,0,0,0,pge:14664
PSF-003175,San Pedro II,-1.898720,-80.730400,0,0,0,0,0,0,2,0,pge:14665
PSF-003176,San Pedro I,-1.959750,-80.731600,0,0,0,0,0,0,2,0,pge:14666
PSF-003177,Florida Ridge @827/27,26.599600,-80.709200,0,0,0,0,0,0,0,0,pge:14667
PSF-003178,Mellbeck,51.312800,7.187670,0,0,0,0,0,0,0,0,pge:14669
PSF-003179,Uffington White Horse,51.577500,-1.567320,2,0,0,0,0,0,0,1,pge:14671
PSF-003180,hoc tepesi,36.953600,34.669500,0,0,0,0,0,0,0,0,pge:14672
PSF-003181,Pindoba - Alagoas,-9.510000,-36.240500,0,0,2,1,0,0,0,0,pge:14674
PSF-003182,Stolova Hora,48.840300,16.635600,0,0,0,0,0,2,1,0,pge:14675
PSF-003183,Laerchkogel,47.119300,14.147200,0,0,0,0,0,0,0,0,pge:14676
PSF-003184,Lindenberg,47.995900,8.010130,0,0,0,0,0,0,0,0,pge:14677
PSF-003185,SEVILLAPARAMOTOR,37.260500,-5.929930,1,1,2,2,2,2,2,2,pge:14678
PSF-003186,Oeillon Est,45.393800,4.613100,0,1,2,2,0,0,0,0,pge:14681
PSF-003187,Bentelo,52.227900,6.798270,0,0,0,0,0,0,0,0,pge:14683
PSF-003188,Sorros,38.316600,23.404200,0,0,0,0,0,0,0,0,pge:14686
PSF-003189,Sauk Mountain,48.518600,-121.604000,0,0,0,0,0,0,0,0,pge:14687
PSF-003190,Tenerife - Arafo,28.376900,-16.429500,0,0,2,2,0,0,0,0,pge:14689
PSF-003191,Salvaris,45.416700,4.483200,2,1,0,0,0,0,0,1,pge:14690
PSF-003192,Tafelbühl,48.128000,8.080430,0,0,0,0,0,0,0,0,pge:14693
PSF-003193,Rosenberg,50.317300,7.463250,0,0,0,0,0,0,0,0,pge:14695
PSF-003194,Sigritz,49.762200,11.369900,0,0,0,0,0,0,0,0,pge:14699
PSF-003195,Wigwam,-25.792300,27.289000,0,0,0,0,0,0,0,0,pge:14701
PSF-003196,Chãs de tavares,40.634300,-7.604520,0,0,0,0,0,0,0,0,pge:14714
PSF-003197,São Pedro Moel Norte,39.780100,-9.022020,0,0,0,0,0,0,0,0,pge:14716
PSF-003198,North Side of Barra do Dande,-8.428680,13.389100,0,0,0,0,0,0,0,0,pge:14717
PSF-003199,Misecky - SW,50.739700,15.578200,0,0,0,0,0,2,0,0,pge:14720
PSF-003200,Ochmelov,49.320000,18.096300,0,0,0,0,0,0,0,0,pge:14721
PSF-003201,El Pino,37.027100,-4.280620,0,0,0,0,0,0,0,0,pge:14735
PSF-003202,San Antonio,-32.697800,-71.354100,0,0,0,0,0,0,0,0,pge:14737
PSF-003203,Byshev,50.243000,29.859400,0,0,0,0,0,0,0,0,pge:14738
PSF-003204,Altos Las Tres Cruzes Soacha,4.557200,-74.220800,0,0,0,0,0,1,2,1,pge:14741
PSF-003205,Parangtritis,-8.028890,110.346000,0,0,2,1,2,0,1,0,pge:14742
PSF-003206,Cleary Summit,65.046500,-147.455000,2,2,0,0,0,0,0,1,pge:14743
PSF-003207,Corio,45.338400,7.543030,0,0,2,2,2,1,0,0,pge:14744
PSF-003208,Mison,44.277900,5.837300,0,0,0,0,0,0,2,0,pge:14745
PSF-003209,Urmiri,-18.580200,-66.876900,0,0,0,0,0,0,0,0,pge:14747
PSF-003210,Sisteron Gache,44.224600,5.979100,0,0,0,0,0,0,0,2,pge:14749
PSF-003211,Isla de la Tigre,13.273900,-87.638800,2,2,0,0,0,0,0,0,pge:14750
PSF-003212,Monte Tenchia,46.556500,12.975000,0,0,1,2,2,2,1,0,pge:14751
PSF-003213,Monte Paularo,46.553800,13.086500,0,0,1,2,2,2,1,0,pge:14752
PSF-003214,Halich-Buruk2,45.016200,34.628100,0,1,2,0,0,0,0,0,pge:14755
PSF-003215,Rosbella (Boves),44.298300,7.552900,0,2,2,0,0,0,0,0,pge:14756
PSF-003216,Tocco Da Casauria,42.192800,13.907900,1,2,2,0,0,0,0,0,pge:14757
PSF-003217,Rocca Calascio - Panettone,42.311300,13.718700,0,0,0,2,2,2,0,0,pge:14758
PSF-003218,Col de la Courade - Niclade (Campan),42.998000,0.168200,2,2,1,0,0,0,1,2,pge:14759
PSF-003219,Diriomito,11.936600,-86.060000,0,0,2,2,0,0,0,0,pge:14760
PSF-003220,"Kg. Lohan, Ranau",5.994580,116.691000,2,2,2,0,0,0,0,0,pge:14762
PSF-003221,Rampa da Serra D'Ã¡gua,-22.862700,-44.244900,0,0,0,2,2,2,2,0,pge:14763
PSF-003222,Rampa da Mombaça.,-23.034800,-44.223000,0,0,2,0,0,2,2,2,pge:14764
PSF-003223,Hidden Falls,45.432400,-64.248900,0,0,0,0,0,2,2,0,pge:14765
PSF-003224,Cape Chignecto,45.353200,-64.830900,0,0,0,0,2,2,0,0,pge:14767
PSF-003225,Economy Mountain,45.399700,-64.005900,0,0,2,1,0,0,0,0,pge:14768
PSF-003226,Half Island,44.636900,-63.313700,0,0,0,0,2,2,2,0,pge:14769
PSF-003227,West Bay,45.370100,-64.391600,0,0,1,2,1,0,0,0,pge:14770
PSF-003228,Joggins,45.711600,-64.434900,1,0,0,0,0,0,1,2,pge:14771
PSF-003229,Kwadrat,49.488700,20.094100,0,0,0,1,2,1,0,0,pge:14773
PSF-003230,High Head,45.618500,-63.538800,2,0,0,0,0,0,0,0,pge:14774
PSF-003231,Hugh's Brook,48.989500,-57.892900,0,0,0,0,1,2,2,1,pge:14776
PSF-003232,Belvedere de Rosnoen,48.262700,-4.214200,0,0,0,1,2,1,0,0,pge:14777
PSF-003233,Le rolzac'h,48.208200,-4.117100,0,2,0,0,0,0,0,0,pge:14778
PSF-003234,Mont Saint-Michel,48.350200,-3.944800,0,2,0,0,0,0,0,0,pge:14780
PSF-003235,Trefeuntec,48.123600,-4.282600,0,0,0,0,0,2,2,0,pge:14781
PSF-003236,Long Bay North,-36.675900,174.748000,0,2,2,0,0,0,0,0,pge:14782
PSF-003237,La Pulente HG,49.187000,-2.232600,2,0,0,0,0,0,1,2,pge:14783
PSF-003238,Les Platons HG,49.248300,-2.104400,2,0,0,0,0,0,0,0,pge:14784
PSF-003239,Greve de Lecq,49.249600,-2.207100,0,2,0,0,0,0,0,0,pge:14785
PSF-003240,Noirmont,49.169100,-2.166500,0,0,0,2,0,0,0,0,pge:14786
PSF-003241,Vicard,49.241000,-2.084300,0,2,2,0,0,0,0,0,pge:14787
PSF-003242,Jardin D'Olivet,49.236300,-2.079400,2,0,0,0,0,0,0,0,pge:14788
PSF-003243,Portelet Common,49.174700,-2.186800,0,0,0,0,0,0,2,0,pge:14789
PSF-003244,Lobster Pot L'Etacq,49.241500,-2.241500,0,0,0,0,1,2,0,0,pge:14790
PSF-003245,Les Landes Smelly Bay,49.243800,-2.248200,0,0,0,0,0,2,2,0,pge:14791
PSF-003246,Bonne Nuit,49.248100,-2.113500,2,0,0,0,0,0,0,0,pge:14792
PSF-003247,Kennedy Park,-36.756500,174.767000,0,2,2,0,0,0,0,0,pge:14793
PSF-003248,Rueglio,45.483900,7.735800,0,0,0,2,2,2,0,0,pge:14794
PSF-003249,Moncuni,45.049100,7.412700,0,0,0,0,2,1,1,0,pge:14795
PSF-003250,Harris Hill,42.112300,-76.915900,0,0,0,0,0,0,0,2,pge:14796
PSF-003251,Indian Cliffs,42.089700,-76.918800,0,2,0,0,0,0,0,0,pge:14797
PSF-003252,Obarzym,49.708300,22.187100,0,1,2,2,1,0,0,0,pge:14798
PSF-003253,Middletons,-27.478900,151.839000,0,0,0,1,2,1,0,0,pge:14799
PSF-003254,Ma Ma Creek,-27.636960,152.143660,0,1,1,0,0,0,0,0,pge:14800;siteguide_au:259-287
PSF-003255,Arnala Beach,19.449400,72.749200,2,0,0,0,0,2,2,2,pge:14801
PSF-003256,BoBuoi,20.706000,104.964000,0,0,1,2,2,2,1,0,pge:14804
PSF-003257,Divcibare,44.097100,19.966900,0,0,0,0,2,1,0,0,pge:14805
PSF-003258,Lambayan,6.498620,116.546000,0,2,2,0,0,0,0,0,pge:14807
PSF-003259,Muriwai - NW,-36.831600,174.426000,0,0,0,0,0,0,0,2,pge:14808
PSF-003260,Muriwai - Janies,-36.837100,174.428000,0,0,0,0,0,2,2,2,pge:14809
PSF-003261,Aanganay Hill,27.144700,88.251800,1,0,2,1,2,0,1,2,pge:14811
PSF-003262,SkyTour.com.ar,-32.839700,-68.933400,1,2,2,2,1,1,1,0,pge:14812
PSF-003263,Kocatepe / Keramos �?ren/Bodrum/Mu�?la,37.038800,27.987600,0,0,2,2,2,2,0,0,pge:14813
PSF-003264,Blue Springs ridge,34.438000,-106.500000,0,0,0,0,0,1,2,1,pge:14814
PSF-003265,San Jorge,-31.318800,-64.351100,1,2,2,1,1,0,0,0,pge:14815
PSF-003266,Farleys (aka Grants East Ridge),35.214600,-107.782000,1,0,0,0,0,1,2,2,pge:14816
PSF-003267,La Jara ridge,35.273900,-107.756000,0,0,0,0,1,2,2,1,pge:14817
PSF-003268,Monte Fallito,43.674700,11.805900,2,0,0,0,0,0,0,2,pge:14818
PSF-003269,sealine,24.804000,51.477700,0,2,2,2,0,0,0,0,pge:14820
PSF-003270,Whangaparaoa - Army Bay,-36.601900,174.808000,2,0,0,0,0,0,0,0,pge:14821
PSF-003271,Whangaparaoa - Tiri Channel,-36.609400,174.836000,0,1,2,1,0,0,0,0,pge:14822
PSF-003272,Vir,49.586200,16.325800,0,0,0,0,2,0,0,0,pge:14824
PSF-003273,Parapente-charente,45.490400,0.249200,2,1,2,1,2,1,2,1,pge:14825
PSF-003274,soleil boeuf,44.420000,6.651700,1,1,2,1,1,1,2,1,pge:14827
PSF-003275,Trucetti-Giaveno,45.076200,7.347530,0,1,2,2,1,0,0,0,pge:14829
PSF-003276,Kolb Field PPG,40.160200,-75.549600,2,2,2,1,0,1,2,2,pge:14830
PSF-003277,Strahinjcica North,46.186500,15.884900,2,2,0,0,0,0,0,2,pge:14834
PSF-003278,Takeoff ovest Brescia,45.537100,10.270600,1,0,0,1,2,1,1,1,pge:14836
PSF-003279,Nurmsi Airfield,58.865000,25.734100,1,1,1,2,2,2,1,1,pge:14837
PSF-003280,Bykovice B1,49.427000,16.550400,2,1,0,0,0,0,0,1,pge:14838
PSF-003281,Castelo - Rampa Sao Camilo (ES),-20.643200,-41.088000,0,0,0,2,2,2,1,1,pge:14839
PSF-003282,Bazaruto Dune,-21.729500,35.463900,0,2,2,2,0,0,0,0,pge:14840
PSF-003283,Mount Kinabalu South Peak,6.065200,116.565000,0,0,0,1,2,1,0,0,pge:14841
PSF-003284,Rybury,51.371500,-1.880700,0,0,0,0,0,1,2,1,pge:14842
PSF-003285,Enokavan,40.916700,45.100100,0,0,0,0,1,2,1,0,pge:14843
PSF-003286,Annaya,34.115200,35.758000,0,0,0,0,2,1,0,0,pge:14845
PSF-003287,Hodosiyevka mountain,50.261300,30.529400,1,1,1,1,1,1,1,1,pge:14846
PSF-003288,Savin kuk,43.122600,19.081200,1,2,2,0,0,0,0,1,pge:14847
PSF-003289,Stuoc,43.188500,19.056700,2,2,1,0,0,0,0,0,pge:14848
PSF-003290,Hanguren,60.639200,6.402800,0,0,1,2,2,1,0,0,pge:14849
PSF-003291,Leckhampton Hill,51.865000,-2.066480,2,1,0,0,0,0,0,1,pge:14851
PSF-003292,Momcilov grad,43.168100,19.080000,0,0,1,2,2,1,0,0,pge:14852
PSF-003293,Col de Freydane,45.170400,5.978200,2,1,0,0,0,0,1,1,pge:14853
PSF-003294,Cruz de Linares,43.272700,-6.026700,1,1,2,1,1,0,0,0,pge:14854
PSF-003295,Nataban Peak,10.504700,123.315000,0,0,0,0,1,1,0,0,pge:14855
PSF-003296,Jordanelle (north),40.664700,-111.430000,0,0,0,2,2,2,0,0,pge:14856
PSF-003297,Loughcrillan RTE Transmitter,54.817000,-8.318900,0,0,0,2,2,2,0,0,pge:14857
PSF-003298,kintail,57.222600,-5.407800,0,0,0,0,0,0,0,2,pge:14859
PSF-003299,Txindoki,43.022100,-2.086700,2,2,1,0,2,2,2,0,pge:14860
PSF-003300,Bykovice B2,49.434200,16.541400,0,1,2,1,0,0,0,0,pge:14861
PSF-003301,Nemcany,49.156200,16.924900,1,0,0,0,0,0,1,2,pge:14862
PSF-003302,Blancs Sablons,48.365800,-4.766670,0,0,0,0,0,1,1,2,pge:14863
PSF-003303,Kvitegga,59.943600,6.026110,1,1,0,2,2,2,2,2,pge:14865
PSF-003304,Kamenka,54.693900,38.284500,2,2,2,2,2,2,2,2,pge:14866
PSF-003305,Haresfield,51.779200,-2.256000,0,0,0,0,1,2,0,0,pge:14867
PSF-003306,Lardon Chase,51.524800,-1.154600,0,0,1,2,0,0,0,0,pge:14868
PSF-003307,Paul's Grove,51.507400,-1.104800,0,0,0,0,0,2,1,0,pge:14869
PSF-003308,Lollingdon Hill,51.560800,-1.178700,0,0,0,0,2,0,0,0,pge:14870
PSF-003309,Longuyon Villette,49.483200,5.575830,0,0,0,0,0,0,0,0,pge:14872
PSF-003310,Creasta Cocosului,47.700700,23.843700,2,1,0,0,0,0,0,1,pge:14873
PSF-003311,Gehn-Mechernich,50.630500,6.668820,0,0,0,0,0,0,0,0,pge:14876
PSF-003312,Rafail,40.948900,22.385000,0,0,0,0,0,0,0,0,pge:14879
PSF-003313,Hartmanice,49.164500,13.456400,0,2,0,0,0,0,0,0,pge:14881
PSF-003314,Srní,50.372100,13.051900,0,0,2,0,0,0,0,0,pge:14883
PSF-003315,Ucan_Sef Sinop Adaburnu Takeoff,42.034300,35.166400,0,0,0,0,0,0,0,0,pge:14884
PSF-003316,Eschbach,50.352900,8.523320,0,0,0,2,0,0,0,0,pge:14886
PSF-003317,Pallas mountain,68.059800,24.028200,0,0,0,0,0,0,0,0,pge:14888
PSF-003318,Neukenroth,50.324600,11.268500,0,0,0,0,0,0,0,0,pge:14889
PSF-003319,Dovjik,50.177300,35.842300,0,0,0,0,0,0,0,0,pge:14892
PSF-003320,Lumbisí,-0.214694,-78.469400,0,2,2,2,0,0,0,0,pge:14893
PSF-003321,Mommark,54.916100,10.045800,0,0,0,0,0,0,0,0,pge:14894
PSF-003322,Kråbøl,61.292300,10.392500,0,0,0,0,0,2,0,0,pge:14896
PSF-003323,Mouriki,38.386600,23.334100,0,0,0,0,0,0,0,0,pge:14897
PSF-003324,Pampa de Quinua,-13.030500,-74.119700,0,0,0,0,0,0,0,0,pge:14898
PSF-003325,Lachta,53.705300,-9.741530,2,0,0,0,0,0,0,2,pge:14899
PSF-003326,Runow,52.015900,20.949100,0,0,0,0,0,0,0,0,pge:14900
PSF-003327,Obervellach,46.948400,13.169800,0,0,0,0,0,0,0,0,pge:14901
PSF-003328,Pena de Francia,40.514400,-6.166700,0,0,0,0,0,0,0,0,pge:14902
PSF-003329,Stegna,54.343800,19.043200,0,0,0,0,0,0,0,0,pge:14903
PSF-003330,Grütschalp,46.596400,7.891920,0,0,0,0,0,0,0,0,pge:14907
PSF-003331,Î‘Î»Ï…ÎºÎ· ÎšÎ¿ÏÎ¹Î½Î¸Î¹Î±ÎºÎ¿Ï‚,38.213900,23.015600,0,0,0,0,0,0,0,0,pge:14909
PSF-003332,Broager,54.874800,9.740700,0,1,2,1,0,0,0,0,pge:14910
PSF-003333,Sgurr Alasdair,57.196400,-6.231000,0,0,0,0,0,0,0,0,pge:14911
PSF-003334,An Cruachan Peninsula,57.190100,-6.356250,0,0,0,0,0,0,0,0,pge:14912
PSF-003335,Bazandaiha,54.902700,90.634000,0,0,0,0,0,0,0,0,pge:14919
PSF-003336,Jastrzębia Góra,54.835100,18.303800,2,0,0,0,0,0,0,0,pge:14920
PSF-003337,Skoura,31.079100,-6.460580,0,0,0,0,0,0,0,0,pge:14921
PSF-003338,Barton on Sea,50.735200,-1.662270,0,0,0,0,2,0,0,0,pge:14924
PSF-003339,Mut Guney,36.721700,33.529800,0,0,0,0,0,0,0,0,pge:14925
PSF-003340,Ga'ash (Arsuf),32.240000,34.823000,0,0,0,0,0,1,2,1,pge:14926
PSF-003341,Eagle River Alaska,61.441100,-149.209000,0,0,0,0,0,0,0,0,pge:14929
PSF-003342,Vaslab,46.642200,25.656500,0,0,2,2,2,1,0,0,pge:14931
PSF-003343,Mont de la Clique,49.891300,1.677370,0,0,0,0,0,0,2,1,pge:14933
PSF-003344,Rampa da Leberdade - União dos Palmares - Alagoas,-9.165620,-36.071300,0,0,0,0,0,0,0,0,pge:14934
PSF-003345,N.Ionia,39.376700,22.918600,0,0,0,0,0,0,0,0,pge:14935
PSF-003346,Elikonas neochori,38.297000,23.080200,0,0,0,0,0,0,0,0,pge:14939
PSF-003347,El Sitio,14.559400,-90.807400,0,0,0,0,0,0,0,0,pge:14940
PSF-003348,Pedra da Baleia,-17.820200,-41.002600,0,0,0,0,0,0,0,0,pge:14942
PSF-003349,Puigsou (Rocacorba) del Bassegoda,42.070000,2.688880,0,0,0,0,0,0,0,0,pge:14945
PSF-003350,Stana de Vale,46.679500,22.571300,0,0,1,1,2,1,1,0,pge:14947
PSF-003351,Stefani,38.173600,23.559900,2,1,0,0,0,0,0,1,pge:14948
PSF-003352,Corte Droso,39.603300,19.895300,0,0,0,0,0,0,0,0,pge:14949
PSF-003353,Corte de Deoso - ILEMP,40.095700,18.270300,0,0,0,0,0,0,0,0,pge:14950
PSF-003354,Assay les jumaux,46.797300,-0.075850,0,0,0,0,0,0,0,0,pge:14951
PSF-003355,Bürgeralm (Aflenz),47.579000,15.226200,0,0,0,0,2,2,0,0,pge:14952
PSF-003356,"Bryggefjell, Bø",59.439300,8.985430,0,0,2,2,2,0,0,0,pge:14953
PSF-003357,Mt Faust,-42.502000,172.417000,0,0,0,0,0,0,0,0,pge:14956
PSF-003358,Couffé la Guillardière (Couffé 3),47.395600,-1.246480,0,0,0,0,0,0,0,0,pge:14957
PSF-003359,Sopetran (HG),6.535680,-75.703100,0,0,0,0,0,0,0,0,pge:14958
PSF-003360,Timbé do Sul,-28.801800,-49.950100,0,1,2,2,1,0,0,0,pge:14959
PSF-003361,Oberhövels,50.794900,7.785670,0,0,0,0,0,0,0,0,pge:14960
PSF-003362,Pirdop,42.681800,24.155800,0,0,0,0,0,0,0,0,pge:14961
PSF-003363,Samaniego Ridge,32.432900,-110.814000,0,0,0,0,0,0,2,2,pge:14962
PSF-003364,Daysland,52.756000,-111.965000,0,0,0,0,0,0,0,0,pge:14963
PSF-003365,North Battleford,52.929400,-108.342000,0,0,0,0,0,0,0,0,pge:14964
PSF-003366,Vrhavec,49.344700,13.283500,0,0,0,0,0,0,0,0,pge:14965
PSF-003367,Szczebel,49.689500,20.011400,0,2,0,0,0,0,0,0,pge:14966
PSF-003368,Ambalema,4.771100,-74.729000,0,0,0,0,0,0,0,0,pge:14967
PSF-003369,Bichl,47.133700,10.945800,0,0,0,0,0,0,0,0,pge:14971
PSF-003370,Jämi,61.770800,22.721900,0,0,0,0,0,0,0,0,pge:14973
PSF-003371,Peter's Mountain,37.513100,-80.432900,2,0,0,0,0,0,0,2,pge:14974
PSF-003372,Brigels,46.798800,9.065470,0,0,0,2,2,2,0,0,pge:14977
PSF-003373,Lake Somerville,30.309300,-96.533100,0,0,0,0,0,0,0,0,pge:14979
PSF-003374,Karla,39.407200,22.776800,0,0,0,0,0,0,0,0,pge:14980
PSF-003375,Burke Mountain,44.577000,-71.897300,0,0,0,0,0,0,0,0,pge:14981
PSF-003376,chinchina,4.965430,-75.599300,0,0,0,0,0,0,0,0,pge:14982
PSF-003377,Tachov,49.798200,12.705800,0,0,0,0,0,0,0,0,pge:14984
PSF-003378,Hanklit,56.895200,8.751600,0,0,0,0,0,0,0,0,pge:14988
PSF-003379,Iglika,42.242300,22.655900,1,1,0,0,0,0,1,2,pge:14989
PSF-003380,Black Peak,34.122700,-114.211000,0,0,0,0,0,0,0,0,pge:14992
PSF-003381,Jarmuta,49.413500,20.507700,2,2,0,0,0,0,0,1,pge:14993
PSF-003382,The 'V' (at Bountiful),40.911000,-111.845000,1,0,0,0,1,2,2,2,pge:14994
PSF-003383,Monte Maccione,40.264800,9.429850,0,0,0,0,0,0,0,2,pge:14996
PSF-003384,Skopia,41.105200,23.890600,1,2,1,0,0,0,0,0,pge:14997
PSF-003385,Abacaxi,-8.146500,-35.440200,0,0,0,2,2,0,0,0,pge:14999
PSF-003386,Sondor,-13.605600,-73.270800,0,0,0,0,0,0,0,0,pge:15000
PSF-003387,Helgafell mountain,64.175400,-21.639100,0,0,0,0,0,0,0,0,pge:15002
PSF-003388,Wilkacocha,-9.594430,-77.530600,0,0,0,0,0,0,0,0,pge:15005
PSF-003389,Tatry - Kopa,49.232100,19.981500,2,1,0,0,0,0,0,1,pge:15006
PSF-003390,White Mountian,54.850500,-6.855980,0,0,0,0,0,0,0,0,pge:15007
PSF-003391,murat sobacı nallıhan.rasim,40.193000,31.330700,0,0,0,0,0,0,0,0,pge:15009
PSF-003392,Sopelana,43.381200,-3.009380,0,0,0,0,0,0,0,0,pge:15010
PSF-003393,Niederwillingen,50.777100,11.043600,0,0,0,0,0,0,0,0,pge:15011
PSF-003394,Paron - Caraz,-9.059580,-77.767800,0,0,0,0,0,0,0,0,pge:15015
PSF-003395,gakab mosta,35.919600,14.419400,0,0,0,0,0,0,0,0,pge:15017
PSF-003396,Annalper-Joch,47.292000,9.959220,0,0,0,0,0,0,0,0,pge:15018
PSF-003397,Zwölferkopf,47.234800,10.325400,0,0,0,0,0,0,0,0,pge:15019
PSF-003398,Hum,43.320000,17.806600,0,0,0,0,0,0,0,0,pge:15023
PSF-003399,Alyeska Resort,60.962500,-149.083000,0,0,0,0,0,0,0,0,pge:15026
PSF-003400,pic de la colmiane,44.057600,7.214870,0,0,0,0,0,0,0,0,pge:15027
PSF-003401,Marino pole,42.579500,24.869300,0,0,0,0,0,0,0,0,pge:15028
PSF-003402,Bolean,50.522600,-119.526000,0,0,0,0,0,0,0,0,pge:15029
PSF-003403,hells hole,55.137800,-6.887230,0,0,0,0,0,0,0,0,pge:15031
PSF-003404,Langhennersdorf,50.950800,13.262400,0,0,0,0,0,0,0,0,pge:15034
PSF-003405,Jangas,-9.429380,-77.587700,0,0,0,0,0,0,0,0,pge:15035
PSF-003406,Hasan Mount,38.160700,34.160100,0,0,0,0,0,0,0,0,pge:15036
PSF-003407,Jahorina,43.719100,18.582800,0,0,0,0,0,0,0,0,pge:15040
PSF-003408,Bells Beach - Southside,-38.372280,144.278410,0,0,0,1,1,0,0,0,pge:15042;siteguide_au:144-37
PSF-003409,The Nave Cape,42.920800,-9.286670,0,0,0,0,0,0,0,0,pge:15043
PSF-003410,Parga,39.299300,20.391200,0,0,0,0,0,0,0,0,pge:15046
PSF-003411,Söldenau,48.569700,13.213400,0,0,0,0,0,0,0,0,pge:15047
PSF-003412,Hacka Yaylasi,40.798600,39.404000,0,0,0,0,0,0,0,0,pge:15049
PSF-003413,Duzkoy,40.861100,39.434000,0,0,0,0,0,0,0,0,pge:15050
PSF-003414,Swyre Hill,50.687000,-2.666870,0,0,0,0,0,2,2,0,pge:15054
PSF-003415,St Faiths,-30.580900,30.353000,0,0,0,0,0,0,0,0,pge:15056
PSF-003416,Agii Pantes east,37.048500,25.176100,0,0,0,0,0,0,0,0,pge:15057
PSF-003417,Harting Down,50.960600,-0.868017,0,0,0,0,0,0,0,0,pge:15060
PSF-003418,Ardıç-Senirkent Isparta,38.093800,30.562000,0,0,0,0,0,0,0,0,pge:15064
PSF-003419,Magic Mt,43.192000,-72.764400,0,0,0,0,0,0,0,0,pge:15065
PSF-003420,New preseli N,51.963700,-4.725280,0,0,0,0,0,0,0,0,pge:15066
PSF-003421,Crocy,48.854600,-0.051817,0,0,0,0,0,0,0,0,pge:15067
PSF-003422,Chuka,41.004500,21.109700,0,0,0,0,1,2,2,2,pge:15068
PSF-003423,Î‘Î»ÏƒÎ¿Ï‚ ÎœÎ¿ÏƒÏ‡Î¿Ï€Î¿Î´Î¹Î¿Ï…,38.319400,23.334300,0,0,0,0,0,0,0,0,pge:15069
PSF-003424,Huaraz Punta Callan,-9.550570,-77.613500,0,0,0,0,0,0,0,0,pge:15070
PSF-003425,Ballard Down,50.629900,-1.945320,0,0,0,2,2,0,0,0,pge:15071
PSF-003426,Suphan,38.918400,42.822400,0,0,0,0,0,0,0,0,pge:15074
PSF-003427,Geierköpfe,47.514200,10.862400,0,0,0,0,0,0,0,0,pge:15075
PSF-003428,Braunsberg,53.051300,12.836900,0,0,0,0,0,0,0,0,pge:15076
PSF-003429,Sierra de Lujar,36.821600,-3.401430,0,0,1,0,2,0,0,0,pge:15077
PSF-003430,Listvennaya NW-Start,54.812600,90.711300,0,0,0,0,0,0,0,0,pge:15079
PSF-003431,Listvennaya NE start,54.800100,90.772300,0,0,0,0,0,0,0,0,pge:15080
PSF-003432,V.Bidja 2,53.973600,90.794200,0,0,0,0,0,0,0,0,pge:15081
PSF-003433,Парная (западный старт),55.220600,89.346700,0,0,0,0,0,0,0,0,pge:15082
PSF-003434,Retranslator Turan,52.121000,93.907700,0,0,0,0,0,0,0,0,pge:15083
PSF-003435,Bösingen,48.277400,8.612320,0,0,0,0,0,0,0,0,pge:15085
PSF-003436,The Quirang - Trotternish,57.629300,-6.289890,0,2,2,2,0,0,0,0,pge:15088
PSF-003437,Alpe Quaggione,45.913700,8.381750,0,0,1,2,2,1,0,0,pge:15091
PSF-003438,herrera del duque,39.233300,-4.890150,0,0,0,0,0,0,0,0,pge:15093
PSF-003439,ontur,38.613500,-1.515100,0,0,0,0,0,0,0,0,pge:15095
PSF-003440,Zhrebichko Orlin Takeoff,42.010500,24.546700,0,0,0,0,0,0,0,0,pge:15096
PSF-003441,Cubuy,18.253800,-65.852000,0,0,0,0,0,0,0,0,pge:15098
PSF-003442,Vidalia Regional Airport,32.201100,-82.375800,0,0,0,0,0,0,0,0,pge:15100
PSF-003443,Moultrie Municipal Airport,31.091200,-83.801500,0,0,0,0,0,0,0,0,pge:15101
PSF-003444,Live Oak - Suwannee County Airport,30.297200,-83.029500,0,0,0,0,0,0,0,0,pge:15102
PSF-003445,Abantos,40.609700,-4.155050,0,0,1,2,1,0,0,0,pge:15103
PSF-003446,Coursegoules,43.800500,7.040130,0,0,0,0,0,0,0,0,pge:15104
PSF-003447,"Ertebolle, Strandby",56.815800,9.181670,0,0,0,0,0,0,0,0,pge:15106
PSF-003448,El Americano - Valle de Vinales,22.617400,-83.766300,0,0,1,2,2,0,0,0,pge:15107
PSF-003449,Flugplatz Segeletz,52.825700,12.549400,0,0,0,0,0,0,0,0,pge:15109
PSF-003450,Wingwaging,22.691500,114.538000,0,0,0,0,0,0,0,0,pge:15110
PSF-003451,Praia Areão,40.337800,-8.841930,0,0,0,0,0,0,0,0,pge:15120
PSF-003452,Praia Quiaios,40.241600,-8.881950,0,0,0,0,0,0,0,0,pge:15121
PSF-003453,fronteira,39.054000,-7.639850,0,0,0,0,0,0,0,0,pge:15122
PSF-003454,LGKR - Ioannis Kapodistrias,39.590600,19.916500,0,0,0,0,0,0,0,0,pge:15127
PSF-003455,Gau-Bickelheim,49.849100,8.021220,0,0,0,0,0,0,0,0,pge:15128
PSF-003456,Kontogialos - Peraia,40.752100,21.827400,0,0,0,0,0,2,2,2,pge:15129
PSF-003457,Ano Trikala,37.974000,22.463300,2,2,2,0,0,0,0,0,pge:15130
PSF-003458,Varna/Horizont: S-SE,43.209700,27.938600,0,0,0,2,2,0,0,0,pge:15131
PSF-003459,Svishti Plaz,42.764400,24.113400,0,0,0,0,0,0,0,0,pge:15132
PSF-003460,Kapral,42.571100,23.356100,2,2,1,0,0,0,0,0,pge:15133
PSF-003461,Parshevitza,42.727500,23.830200,0,0,0,0,0,0,0,0,pge:15134
PSF-003462,Mount Parshevitsa,43.134400,23.440300,0,0,0,0,0,0,0,0,pge:15135
PSF-003463,ULUABAT-Ayvaköy,40.132500,28.686500,0,0,0,0,0,0,0,0,pge:15136
PSF-003464,Nilüfer Belediyesi Havacılık Tesisleri,40.144900,28.723700,1,2,0,0,0,0,0,0,pge:15137
PSF-003465,sinop gerze,41.692200,35.333100,0,0,0,0,0,0,0,0,pge:15139
PSF-003466,KIRANIÃžIKLAR KÃ–YÃœ,39.846700,29.242900,0,0,0,0,0,0,0,0,pge:15140
PSF-003467,Stara Vozice,49.492200,14.777100,2,2,0,2,2,2,0,2,pge:15141
PSF-003468,Solany,50.450400,13.927200,0,0,0,2,0,0,0,2,pge:15142
PSF-003469,Bratislava-Preskam,48.201600,16.999800,1,2,0,0,0,0,0,0,pge:15144
PSF-003470,Hazzeva,30.756300,35.277100,0,0,0,0,0,0,0,0,pge:15145
PSF-003471,Ashkelon,31.701300,34.575700,0,0,0,0,0,0,0,0,pge:15146
PSF-003472,Osoevka,50.851800,35.184500,0,0,0,0,0,0,0,0,pge:15155
PSF-003473,Berdichev,49.880300,28.496200,2,1,2,0,2,1,2,0,pge:15156
PSF-003474,Bezruki,50.196200,36.087200,0,0,0,0,0,0,0,0,pge:15157
PSF-003475,Tekeli,44.838100,78.683900,0,0,0,0,0,0,0,0,pge:15158
PSF-003476,Konchinka,54.664500,38.138400,2,2,2,2,2,2,2,2,pge:15159
PSF-003477,Krasnopolie,50.743900,35.206900,0,0,0,0,0,0,0,0,pge:15160
PSF-003478,Borkaya,45.096300,34.919900,0,0,0,0,0,0,0,0,pge:15162
PSF-003479,Saleve - La Table d'Orientation,46.148700,6.189100,1,0,0,0,0,0,1,2,pge:15163
PSF-003480,Maketu,-37.753100,176.460000,0,0,0,0,0,0,0,2,pge:15164
PSF-003481,"Vestre Bråten Grimsland, Risør (PPG)",58.684200,9.100000,0,2,2,0,0,2,2,0,pge:15165
PSF-003482,Rigi Kulm,47.054900,8.486200,0,1,2,2,2,2,1,0,pge:15166
PSF-003483,Mount Maunganui,-37.628800,176.172000,2,2,2,1,0,0,0,2,pge:15168
PSF-003484,Streatley Common,51.517300,-1.150200,0,2,2,0,0,0,0,0,pge:15169
PSF-003485,Thurle Down/Streatley Warren South,51.530700,-1.183900,0,0,0,2,2,0,0,0,pge:15170
PSF-003486,Streatley North,51.522300,-1.187900,2,0,0,0,0,0,0,0,pge:15171
PSF-003487,Bald Hill,51.659700,-0.957400,0,0,0,0,0,2,2,0,pge:15172
PSF-003488,Hamurana,-38.028000,176.281000,0,0,0,0,2,1,0,0,pge:15173
PSF-003489,Bulbarrow,50.850500,-2.322600,0,0,0,0,0,2,0,0,pge:15174
PSF-003490,Suvorovo,50.833700,45.710700,2,2,0,0,0,0,0,0,pge:15177
PSF-003491,Durman Gora,50.598900,45.672400,0,2,1,0,0,0,0,0,pge:15178
PSF-003492,SnowPark,-44.887100,169.084000,0,0,0,0,1,1,2,2,pge:15179
PSF-003493,Woolacombe,51.159300,-4.205600,0,0,0,0,0,0,2,0,pge:15181
PSF-003494,Corn Ridge,50.686500,-4.049900,2,1,0,0,0,0,0,1,pge:15182
PSF-003495,Raglan,-37.815300,174.834000,0,0,0,0,0,0,2,2,pge:15183
PSF-003496,High Perspective Tow,43.913100,-79.131800,1,2,0,2,1,2,1,2,pge:15184
PSF-003497,East Point Park Scarborough,43.763100,-79.150000,0,0,1,2,1,0,0,0,pge:15185
PSF-003498,Centennial Park Etobicoke,43.656100,-79.590300,0,2,1,2,1,0,0,0,pge:15186
PSF-003499,El Bolon,38.473600,-0.817200,0,0,0,2,2,0,0,0,pge:15187
PSF-003500,Montcabrer,38.756300,-0.481533,0,2,0,0,0,0,0,0,pge:15188
PSF-003501,Reconco,38.630100,-0.717044,0,0,0,2,0,0,0,0,pge:15190
PSF-003502,Toix,38.631000,0.023276,0,0,0,0,2,2,0,0,pge:15191
PSF-003503,cantil de las aguilas,21.369600,-101.655000,0,0,0,0,1,2,1,0,pge:15193
PSF-003504,Popina,44.115400,26.939000,2,1,0,0,0,0,0,0,pge:15194
PSF-003505,Parque Caiza,10.467600,-66.753000,1,2,2,1,0,0,0,0,pge:15195
PSF-003506,Miladinovci -East TO,43.601500,27.611000,0,1,2,1,0,0,0,0,pge:15196
PSF-003507,C. de Rates,38.723500,-0.079100,2,1,0,0,1,1,0,2,pge:15197
PSF-003508,Rothenburg,51.363200,14.952400,0,0,0,0,0,0,0,0,pge:15200
PSF-003509,Ingólfsfjall,63.961500,-21.071100,0,0,0,0,0,0,0,0,pge:15203
PSF-003510,Gary's Hill,43.399900,26.138000,0,0,0,2,1,0,0,0,pge:15206
PSF-003511,Taka Lake,37.434100,22.383800,0,0,0,0,0,0,0,0,pge:15208
PSF-003512,Tamatieberg - Volksrust,-27.308200,29.881500,2,2,0,2,2,0,1,2,pge:15210
PSF-003513,"Hesselbach Nord,",50.886100,8.350570,0,0,0,0,0,0,0,0,pge:15211
PSF-003514,Himos,61.881000,25.311400,0,0,0,0,0,0,0,0,pge:15212
PSF-003515,Similaun,46.763400,10.866000,0,0,0,0,0,0,0,0,pge:15214
PSF-003516,Sandymouth Bay,50.865000,-4.557300,0,0,0,0,0,0,2,0,pge:15216
PSF-003517,Totschartl,47.474700,12.682100,0,0,0,0,0,0,0,0,pge:15218
PSF-003518,Deer Creek,34.070500,-118.992000,0,0,0,1,2,1,0,0,pge:15219
PSF-003519,kithaironas,38.181900,23.272900,0,0,0,0,0,0,0,0,pge:15222
PSF-003520,Stradbroke Hill,-27.513200,152.585000,0,0,0,0,0,0,0,0,pge:15223
PSF-003521,Serre Sarsena,44.818600,7.113780,0,0,0,0,0,0,0,0,pge:15226
PSF-003522,KOROPI-KALA NERA,39.289200,23.143500,0,0,0,0,0,0,0,0,pge:15227
PSF-003523,Massognes / Jarzay,46.763600,0.046700,0,2,0,2,0,2,0,2,pge:15230
PSF-003524,Gimba mnt.,48.601900,23.303700,0,0,0,0,0,0,0,0,pge:15231
PSF-003525,Rainbow Valley - East Patterson,33.188900,-112.380000,0,0,0,0,0,2,2,2,pge:15232
PSF-003526,Croft Farm,52.085700,-2.139600,0,0,0,0,0,0,0,0,pge:15233
PSF-003527,Santo Amaro Lagoas,38.439600,-28.181100,0,0,0,0,0,0,0,0,pge:15234
PSF-003528,Ciavanis-Chialamberto,45.377900,7.357200,0,0,1,2,2,2,0,0,pge:15235
PSF-003529,Flagstaff,48.913800,-117.838000,0,0,0,0,0,0,0,0,pge:15238
PSF-003530,Wiag,53.418700,18.518200,0,0,0,1,2,1,0,0,pge:15240
PSF-003531,Janikowa Grappa,49.663400,19.325300,0,0,0,0,1,0,0,0,pge:15241
PSF-003532,Civitella Roveto - Monte Orbetta,41.924700,13.451300,0,0,0,0,0,0,0,0,pge:15242
PSF-003533,Ribeiras,38.402900,-28.212900,0,0,0,0,0,0,0,0,pge:15244
PSF-003534,Espalamanca,38.549700,-28.606800,0,0,0,0,0,0,0,0,pge:15245
PSF-003535,Skepasto,39.257900,20.629500,0,0,0,0,0,2,2,1,pge:15246
PSF-003536,Ag. Merkourios,38.546000,24.192600,0,0,0,0,0,0,0,0,pge:15247
PSF-003537,Pachyammos,35.162200,32.594900,0,0,0,0,0,0,0,0,pge:15248
PSF-003538,Menekse Zirve,37.071800,35.346100,0,0,0,1,1,2,2,1,pge:15251
PSF-003539,връх Снежанка,41.640400,24.685900,0,0,0,0,0,0,0,0,pge:15252
PSF-003540,връх Ботев,42.712400,24.908300,0,0,0,0,0,0,0,0,pge:15253
PSF-003541,Marina Vapa,42.133000,23.648400,0,0,0,2,2,1,0,0,pge:15254
PSF-003542,Ovcharets,42.137400,23.593100,0,0,2,2,0,0,0,0,pge:15255
PSF-003543,Tiangua (sitio do Bosco),-3.664740,-40.960000,0,0,2,0,0,0,0,0,pge:15259
PSF-003544,Gassenreuth- 3 Fichten,50.341900,12.071800,2,2,2,2,2,2,2,2,pge:15261
PSF-003545,Gaisberg - Hohe Mut,46.853200,11.027000,0,0,0,0,0,0,0,0,pge:15262
PSF-003546,Î Î»Î±Ï„Î±Î¹Î­Ï‚,38.309200,23.288000,0,0,0,0,0,0,0,0,pge:15265
PSF-003547,Prischeralm,46.929000,11.305200,0,0,0,0,0,0,0,0,pge:15267
PSF-003548,Rohacka,49.045700,19.603000,1,0,0,0,0,1,2,2,pge:15269
PSF-003549,Kalser Schutzhütte,46.760500,12.889700,0,0,0,0,0,0,0,0,pge:15272
PSF-003550,Klitmöller Dune,57.051100,8.511100,0,0,0,0,0,0,0,0,pge:15273
PSF-003551,çamtepesi,40.321400,38.748400,0,0,0,0,0,0,0,0,pge:15274
PSF-003552,Cordoncillo,5.726870,-75.611100,0,0,0,0,0,0,0,0,pge:15275
PSF-003553,New Golden Beach,37.025200,25.251500,0,0,0,0,0,0,0,0,pge:15276
PSF-003554,Müritzflugplatz,53.308700,12.747900,0,0,0,0,0,0,0,0,pge:15278
PSF-003555,Hohe Geige,47.006600,10.904500,0,0,0,0,0,0,0,0,pge:15279
PSF-003556,Segelflugplatz Vielist,53.567100,12.655000,0,0,0,0,0,0,0,0,pge:15280
PSF-003557,Firenzuola,44.164500,11.365400,0,0,0,0,0,0,0,0,pge:15282
PSF-003558,Melgaço-Côto do Pomedelo- Roussas,42.081900,-8.212250,0,0,0,0,0,0,0,0,pge:15291
PSF-003559,Melgaço-Saínde-Paderne,42.070000,-8.291570,0,0,0,0,0,0,0,0,pge:15292
PSF-003560,Pounta,37.031300,25.097500,0,0,0,0,0,0,0,0,pge:15293
PSF-003561,Levadeia,38.435000,22.873900,0,0,0,0,0,0,0,0,pge:15295
PSF-003562,Athinai,37.983300,23.733300,0,0,0,0,0,0,0,0,pge:15296
PSF-003563,Santa Maria,37.131100,25.276600,0,0,0,0,0,0,0,0,pge:15297
PSF-003564,Tsoukalia,37.075400,25.257300,0,0,0,0,0,0,0,0,pge:15299
PSF-003565,Bingöl,38.804400,40.574500,0,0,0,0,0,0,0,0,pge:15300
PSF-003566,Plane,50.710100,15.617400,0,0,0,0,0,0,0,2,pge:15301
PSF-003567,Revnicov,50.186400,13.791200,0,0,0,0,0,2,0,0,pge:15302
PSF-003568,Kuyalnik,46.582900,30.716200,0,0,0,0,0,0,0,0,pge:15305
PSF-003569,Lisovi Grinivtsy,49.491700,26.986300,0,0,0,0,0,0,0,0,pge:15306
PSF-003570,Bobs Hill,-37.844800,176.561000,1,0,0,0,0,0,0,1,pge:15307
PSF-003571,Rogers Road,-37.810200,176.565000,2,0,0,0,0,0,0,0,pge:15308
PSF-003572,Petit Jean,35.136800,-92.853400,1,2,1,0,0,0,0,0,pge:15310
PSF-003573,Monte Soglio,45.371800,7.531000,0,0,1,2,2,1,0,0,pge:15311
PSF-003574,Monte Musinè,45.108700,7.464600,0,0,1,1,2,1,0,0,pge:15312
PSF-003575,Linh Truong mountain,19.879700,105.946000,0,0,0,2,0,0,0,0,pge:15313
PSF-003576,Turangi Road,-38.983700,174.313000,0,2,0,0,0,0,0,0,pge:15316
PSF-003577,Urenui,-38.987500,174.395000,0,0,0,0,0,0,1,2,pge:15317
PSF-003578,Alto del Peñón,42.204600,-6.552200,0,0,0,0,2,2,0,0,pge:15318
PSF-003579,Teewah Beach,-26.268870,153.066660,0,0,1,0,0,0,0,0,pge:15320;siteguide_au:16-236
PSF-003580,Campotenese,39.847400,16.092700,0,0,0,1,0,0,0,2,pge:15321
PSF-003581,Belvedere Marittimo,39.644800,15.887700,0,0,0,0,1,2,2,1,pge:15322
PSF-003582,Ohiwa Hill (Onekawa Pa),-37.989600,177.166000,1,0,0,0,0,0,0,2,pge:15323
PSF-003583,Waiotahi,-37.991600,177.210000,2,0,0,0,0,0,0,0,pge:15324
PSF-003584,Matata,-37.871400,176.700000,2,2,0,0,0,0,0,0,pge:15325
PSF-003585,Gösseck,47.448600,14.899400,0,2,2,2,2,0,0,0,pge:15326
PSF-003586,JantjiesHoek-Njoni,-27.291200,30.250500,2,2,0,0,0,0,0,2,pge:15327
PSF-003587,Derak,29.668800,52.421100,2,2,0,0,0,0,0,0,pge:15329
PSF-003588,Newdicks,-37.748000,176.472000,0,2,0,0,0,0,0,0,pge:15330
PSF-003589,Mugl,47.358600,15.188100,2,2,1,0,0,0,1,2,pge:15331
PSF-003590,Ixtapan de la sal,18.894000,-99.721300,0,0,0,1,2,1,0,0,pge:15332
PSF-003591,Mayen,46.314300,6.884370,0,0,0,1,2,1,0,0,pge:15333
PSF-003592,Le Grand Mont,45.632100,6.537100,0,2,2,2,2,0,0,0,pge:15334
PSF-003593,Schleppgelände Horgen,48.147900,8.566750,0,0,0,0,0,0,0,0,pge:15335
PSF-003594,alucra,40.335700,38.798000,0,0,0,0,0,0,0,0,pge:15336
PSF-003595,Rawaal,32.723600,73.191900,0,0,1,2,2,2,0,0,pge:15337
PSF-003596,Crested Butte Mountain,38.888100,-106.947000,0,0,0,0,0,0,2,1,pge:15338
PSF-003597,Le Grand Tony,45.247700,4.536970,0,0,0,2,0,0,0,0,pge:15343
PSF-003598,MAJALCORON,37.426800,-3.981720,0,0,0,0,0,0,0,0,pge:15347
PSF-003599,kizildag,38.026100,31.368900,0,0,0,0,0,0,0,0,pge:15348
PSF-003600,Rezniovete - West,42.573400,23.286600,0,2,2,2,0,0,1,0,pge:15350
PSF-003601,Col di Tenda,44.150300,7.568230,2,0,0,0,2,0,0,0,pge:15352
PSF-003602,Balos,51.689800,9.816030,0,0,0,0,0,0,0,0,pge:15353
PSF-003603,pirofilakio,39.321000,21.630300,1,2,2,2,0,0,0,0,pge:15357
PSF-003604,Morgenberghorn,46.621600,7.794100,0,0,0,0,0,0,0,0,pge:15359
PSF-003605,Sommerberg,48.613000,9.726130,0,0,0,0,0,0,0,0,pge:15361
PSF-003606,bahrija kuncizjoni,35.898600,14.355400,0,1,0,0,0,0,0,0,pge:15364
PSF-003607,Mnt. Lussari,46.480500,13.521000,2,2,1,0,0,0,0,0,pge:15366
PSF-003608,Tofield,53.306600,-112.587000,2,2,1,2,2,2,1,2,pge:15367
PSF-003609,Towers,-26.777500,152.918000,0,0,0,0,0,0,0,0,pge:15368
PSF-003610,Bill´s Hill,40.097200,-78.090900,0,1,2,1,0,0,0,0,pge:15369
PSF-003611,Ferreirua,43.052700,-6.012630,0,0,0,0,0,0,0,0,pge:15372
PSF-003612,oberrissdorf,51.543800,11.593900,0,0,0,0,0,0,0,0,pge:15375
PSF-003613,Mechit,42.203500,23.470100,2,0,1,1,0,0,2,2,pge:15376
PSF-003614,Naesby,56.905800,9.173580,0,0,0,0,0,0,0,0,pge:15378
PSF-003615,Treuil Masserac,47.688000,-1.901250,0,0,0,0,0,0,0,0,pge:15380
PSF-003616,The Spot,-30.103700,30.366100,0,0,0,0,0,0,0,0,pge:15381
PSF-003617,JiuLong/九龙,31.411900,104.111000,0,0,0,0,0,0,0,0,pge:15385
PSF-003618,Petit Combin,45.983800,7.266000,0,0,0,2,2,2,0,0,pge:15386
PSF-003619,Slipper Back,-33.886200,25.264400,0,0,0,0,0,0,0,0,pge:15387
PSF-003620,Columbeira,39.300700,-9.197220,0,0,0,0,0,0,0,0,pge:15388
PSF-003621,Voronovo,54.261700,36.198700,0,0,0,0,0,1,2,1,pge:15389
PSF-003622,Abancay,-13.657000,-72.879900,0,0,0,0,0,0,0,0,pge:15393
PSF-003623,Lilla Edet,58.154600,12.137700,0,0,0,0,0,0,0,0,pge:15395
PSF-003624,Mt. Baker Summit,48.775200,-121.823000,0,0,0,0,0,0,0,0,pge:15397
PSF-003625,BOTANTEPE,37.884900,41.899500,0,0,0,1,1,2,0,0,pge:15399
PSF-003626,Wilder Freiger,46.972000,11.195900,0,0,0,0,0,0,0,0,pge:15403
PSF-003627,Shoreham,-38.442000,145.042000,0,0,2,1,0,0,0,0,pge:15405
PSF-003628,Beacon Hill,-30.418800,30.510400,0,0,0,0,0,0,0,0,pge:15406
PSF-003629,Cerro do Jarau - Quaraí  (RS),-30.189800,-56.498500,1,1,0,1,2,1,0,1,pge:15408
PSF-003630,Alp Culmatsch,46.681000,8.717620,0,0,0,0,0,0,0,0,pge:15411
PSF-003631,Hattori Hansen,45.216100,-1.172600,0,0,0,0,0,1,2,1,pge:15412
PSF-003632,Dolmar-UL -Platz,50.610400,10.413500,0,0,0,0,0,0,0,0,pge:15413
PSF-003633,Bjelopolje,44.704900,15.816400,0,0,0,0,0,0,0,0,pge:15414
PSF-003634,Königsangerspitze,46.707100,11.584800,0,0,1,1,2,2,1,0,pge:15417
PSF-003635,Invernadinha - São Joaquim - SC,-28.395600,-49.896700,0,0,0,0,0,0,0,0,pge:15420
PSF-003636,pista da comporta,38.395000,-8.796780,0,0,0,0,0,0,0,0,pge:15423
PSF-003637,ALV�?CO - Colcurinho Oeste 1000m,40.248700,-7.834580,0,0,0,0,0,0,0,0,pge:15424
PSF-003638,Kolchiko,40.746400,23.126200,0,0,0,0,0,0,0,0,pge:15425
PSF-003639,Nafplion,37.563600,22.807500,0,0,0,0,0,0,0,0,pge:15426
PSF-003640,Lamia,38.900000,22.433300,0,0,0,0,0,0,0,0,pge:15427
PSF-003641,Chalkis,38.463600,23.599400,0,0,0,0,0,0,0,0,pge:15428
PSF-003642,Komotini,41.122800,25.396400,0,0,0,0,0,0,0,0,pge:15429
PSF-003643,ALSANCAK TEPE,37.036500,30.552000,0,0,0,0,0,0,0,0,pge:15431
PSF-003644,FÝSKÝN BATI-SÝÝRT,37.986100,41.905800,0,0,0,0,0,0,0,0,pge:15432
PSF-003645,Seçme,37.552600,32.524300,0,0,0,0,0,0,0,0,pge:15433
PSF-003646,Stig - Dragobrat,48.249100,24.224300,0,0,0,0,0,0,0,0,pge:15441
PSF-003647,nord takeOFF,44.537800,34.099000,0,0,0,0,0,0,0,0,pge:15442
PSF-003648,Kotal kazeroun,29.579200,51.920200,0,0,0,1,2,1,0,0,pge:15444
PSF-003649,Geoje-si,34.862100,128.616000,0,0,0,0,0,2,2,1,pge:15446
PSF-003650,Luskville Ouest,45.531800,-75.977200,0,0,0,0,0,2,2,2,pge:15447
PSF-003651,korca take off,40.610600,20.813800,0,0,0,0,0,0,2,2,pge:15448
PSF-003652,Sky Road,53.500600,-10.096200,0,0,0,0,2,2,0,0,pge:15449
PSF-003653,Brennan recreational farm,46.008800,-77.206200,0,0,0,0,2,2,2,1,pge:15450
PSF-003654,Lusashogh,39.843500,44.960600,0,0,0,0,0,0,0,0,pge:15451
PSF-003655,Lusashogh 2,39.839000,44.963100,0,0,0,0,0,0,2,1,pge:15452
PSF-003656,Colle di Fenestrelle,45.072700,7.050400,0,0,2,2,2,0,0,0,pge:15454
PSF-003657,Puheke,-34.860700,173.335000,2,0,0,0,2,0,0,0,pge:15455
PSF-003658,Shipwreck Bay,-35.182200,173.134000,2,0,0,0,0,0,0,0,pge:15456
PSF-003659,gura vaii,46.640700,28.145600,2,1,0,0,0,0,0,1,pge:15457
PSF-003660,budesti,46.605900,27.948900,0,0,0,0,0,0,2,1,pge:15458
PSF-003661,Ballyelly,53.112800,-9.274470,0,0,0,0,0,0,1,2,pge:15459
PSF-003662,golica,42.932800,27.569400,0,0,0,2,2,0,0,0,pge:15460
PSF-003663,Flinders Monument,-38.474860,145.024130,0,0,1,0,0,0,0,0,pge:15461;siteguide_au:169-58
PSF-003664,PodhoÅ™any,49.945400,15.536100,0,0,0,0,1,2,1,0,pge:15462
PSF-003665,Uono,32.033800,130.722000,0,2,2,2,0,0,0,0,pge:15463
PSF-003666,Yatake,32.084400,130.771000,0,0,0,2,2,2,0,0,pge:15464
PSF-003667,Riverdale Park,43.670100,-79.354700,0,0,0,0,0,2,2,0,pge:15465
PSF-003668,Maoz Haim,32.503600,35.548100,0,0,0,0,0,0,0,0,pge:15467
PSF-003669,sirin,32.653400,35.509700,0,0,0,0,0,0,0,0,pge:15469
PSF-003670,Hawk Ridge,61.634600,-149.113000,0,0,0,0,0,0,0,0,pge:15470
PSF-003671,Takkeli,37.901300,32.389900,0,0,0,0,0,0,0,0,pge:15472
PSF-003672,Mt Bruce,-43.046600,171.622000,0,0,0,0,0,0,0,0,pge:15473
PSF-003673,Zhelohovo,54.366000,36.154400,0,0,1,1,2,1,0,0,pge:15475
PSF-003674,Bründlkogel,47.327800,15.555700,0,0,0,0,0,0,0,0,pge:15476
PSF-003675,Elati,38.699600,20.665700,0,0,2,2,1,0,0,0,pge:15477
PSF-003676,Dreiherrenspitze,47.068600,12.237800,0,0,0,0,0,0,0,0,pge:15478
PSF-003677,Lorenzispitze,46.710800,11.520600,0,0,0,0,0,0,0,0,pge:15482
PSF-003678,Belagua,42.941800,-0.846813,0,0,0,0,0,0,0,0,pge:15485
PSF-003679,Trobaniello,43.080700,-6.004250,0,0,0,0,0,0,0,0,pge:15487
PSF-003680,Franz Senn Hut,47.081500,11.167800,0,0,0,0,0,0,0,0,pge:15488
PSF-003681,Chalk Bluffs,37.419900,-118.429000,0,0,0,0,2,0,0,0,pge:15489
PSF-003682,Penzenkopf,46.904600,12.474500,0,0,0,0,0,0,0,0,pge:15490
PSF-003683,Wolfsberg airport,46.809100,14.823900,0,0,0,0,0,0,0,0,pge:15492
PSF-003684,Gomila,44.925400,16.052900,1,2,1,0,0,0,0,0,pge:15496
PSF-003685,Mustek,49.196100,13.229700,0,0,0,0,0,0,0,0,pge:15497
PSF-003686,Sedocker Hochalm 2248m,47.110200,11.207800,0,0,0,0,0,0,0,0,pge:15498
PSF-003687,Traz de Figueiró,39.978700,-8.440470,0,0,0,0,0,0,0,0,pge:15505
PSF-003688,Agroba,42.072600,-8.828550,0,0,0,0,0,0,0,0,pge:15506
PSF-003689,Los Pelados,-33.278600,-70.480300,0,0,0,0,0,0,0,0,pge:15512
PSF-003690,Colina,-33.172700,-70.681900,0,0,1,2,2,2,1,0,pge:15513
PSF-003691,Tunquen,-33.295300,-71.651400,0,0,0,0,0,0,0,0,pge:15514
PSF-003692,Vetrovka (Fasova),50.305400,29.821300,0,0,0,0,0,0,0,0,pge:15515
PSF-003693,Razo,43.288700,-8.717500,2,2,0,0,0,0,0,2,pge:15516
PSF-003694,Beaver Creek Resort,39.571400,-106.512000,1,0,0,0,0,0,0,2,pge:15517
PSF-003695,YÄ±ldÄ±zeli Ã‡al Tepesi,39.847800,36.577300,2,0,0,0,0,0,0,2,pge:15518
PSF-003696,Tatlısu yamaç,39.714200,37.089200,2,0,0,0,0,0,0,0,pge:15519
PSF-003697,La Riposa,45.177700,7.082900,0,0,1,2,2,0,0,0,pge:15522
PSF-003698,Mussel Rock aka The Dumps,37.670800,-122.494000,0,0,0,0,0,1,2,1,pge:15523
PSF-003699,Swartkops,-29.592600,30.256700,0,1,1,0,0,0,0,0,pge:15524
PSF-003700,Chaubattia,29.600400,79.455000,2,0,0,1,2,1,0,0,pge:15525
PSF-003701,Le Vieux Chaillol,44.735200,6.190100,0,0,1,2,2,1,0,0,pge:15526
PSF-003702,Beynes,48.853800,1.889900,0,0,0,0,2,1,0,0,pge:15527
PSF-003703,Ivry la Bataille,48.889800,1.458200,0,0,2,0,0,0,0,0,pge:15528
PSF-003704,Kings Forest Park Hamilton aka The Nest,43.213600,-79.814600,1,2,1,0,0,0,0,0,pge:15529
PSF-003705,Porte Sereine,44.377000,5.784810,0,0,0,0,1,2,1,0,pge:15531
PSF-003706,Arzeliers,44.374800,5.812120,0,0,0,0,2,0,0,0,pge:15532
PSF-003707,Col de San Bastiano,42.024700,8.731300,0,0,0,0,0,1,2,0,pge:15536
PSF-003708,Cerro Del Padre,-38.475600,-71.354100,0,0,0,0,0,1,2,2,pge:15537
PSF-003709,Narli/Kardelen Tepesi,37.328000,37.180500,0,0,0,0,0,1,2,1,pge:15538
PSF-003710,Farshid-1 Eagle Roost,32.244700,51.203600,2,2,2,0,0,0,0,2,pge:15539
PSF-003711,Farshid-2 Eagle Eyes,32.248900,51.210800,2,2,2,0,0,0,0,0,pge:15540
PSF-003712,Farshid-3 Eagle Fly,32.227800,51.175000,0,0,0,1,2,2,1,0,pge:15541
PSF-003713,Cars Lookout,-28.294100,152.418000,0,0,0,0,0,0,0,0,pge:15542
PSF-003714,Bolognetta,37.949100,13.450900,0,0,0,0,0,0,0,0,pge:15543
PSF-003715,Antennas,43.093900,25.631200,0,0,0,0,0,0,0,0,pge:15544
PSF-003716,6K - Haleakala Ranch (Closed),20.755200,-156.271000,0,0,0,0,0,0,0,0,pge:15545
PSF-003717,Imasu Negureni,47.568700,28.513200,0,0,0,0,0,0,0,0,pge:15547
PSF-003718,Eagleville Airport,35.690100,-86.635000,0,0,0,0,0,0,0,0,pge:15549
PSF-003719,Scott Creek Saddle,-44.740300,168.274000,0,0,0,0,0,0,0,0,pge:15552
PSF-003720,falasarna,35.465200,23.556600,0,0,0,0,0,0,2,0,pge:15554
PSF-003721,Oogoshi (Sakaide),34.361600,133.903000,0,0,0,0,0,0,0,0,pge:15560
PSF-003722,saurkundi thatch,32.182500,77.148000,0,0,0,0,0,0,0,0,pge:15561
PSF-003723,Sea Cliffs,20.951100,-156.516000,0,0,0,0,0,0,0,0,pge:15562
PSF-003724,Copperton,-29.908300,22.287800,0,0,0,0,0,0,0,0,pge:15567
PSF-003725,Steinberg,50.791800,11.319100,0,0,0,0,0,0,0,0,pge:15568
PSF-003726,Playa Monsul cabo de gata,36.730800,-2.144670,0,0,0,0,2,2,0,0,pge:15569
PSF-003727,Twelve Trees Ridge,-42.775800,146.068000,0,0,0,0,0,0,0,0,pge:15574
PSF-003728,Praille,45.758500,7.474000,0,0,1,2,2,0,0,0,pge:15578
PSF-003729,Noyers-sur-Serein (Clorges),47.707000,3.988400,0,0,0,0,2,1,0,0,pge:15579
PSF-003730,Tash Tepe,42.209300,22.502200,2,2,1,0,0,0,1,2,pge:15581
PSF-003731,La Roche de Solutré,46.299400,4.718900,0,0,0,0,0,0,0,2,pge:15582
PSF-003732,Cry sur Armançon,47.716700,4.236400,0,0,0,1,2,1,0,0,pge:15584
PSF-003733,Noyers,47.701800,4.001300,0,0,0,0,2,0,0,0,pge:15586
PSF-003734,Noyers (Venoise),47.693000,4.018000,0,0,0,0,0,2,0,0,pge:15587
PSF-003735,Mocrea,46.383000,21.844300,0,0,0,0,1,2,1,0,pge:15588
PSF-003736,Podari,44.259800,23.769100,0,1,2,1,0,0,0,0,pge:15589
PSF-003737,Pridröf,46.819700,13.742000,0,0,2,2,2,2,1,0,pge:15590
PSF-003738,Hohensass,46.804900,13.733000,0,0,0,2,2,2,2,0,pge:15592
PSF-003739,Consuegra,39.453100,-3.608160,0,0,0,0,2,2,0,0,pge:15593
PSF-003740,Aliança,-7.587000,-35.267100,0,0,2,2,0,0,0,0,pge:15596
PSF-003741,Cidadão,-8.298600,-35.258800,0,2,2,2,0,0,0,0,pge:15597
PSF-003742,Fraserburgh Beach,57.680000,-1.992600,2,0,0,0,0,0,0,0,pge:15598
PSF-003743,Les Lués,46.095700,6.971500,0,2,2,2,2,0,0,0,pge:15599
PSF-003744,La Heve,49.510800,0.068100,0,0,0,0,0,2,0,0,pge:15600
PSF-003745,Creto,44.477700,9.004400,0,0,0,0,2,2,0,0,pge:15601
PSF-003746,Lady Bay,-35.475600,138.293000,0,0,0,0,0,0,0,2,pge:15602
PSF-003747,koohe khalil,37.395300,44.808200,1,1,2,1,1,0,0,0,pge:15603
PSF-003748,Tohani Paragliding Site,45.069600,26.432400,0,0,0,0,2,2,2,0,pge:15604
PSF-003749,Le Pouce,-20.199400,57.529900,0,0,0,1,2,0,0,0,pge:15605
PSF-003750,Silver Strand,53.250300,-9.122400,0,0,0,0,1,2,0,0,pge:15606
PSF-003751,Pleinmont West,49.432000,-2.672800,0,0,0,0,0,1,2,1,pge:15607
PSF-003752,Pleinmont North West,49.434000,-2.673200,1,0,0,0,0,0,0,2,pge:15608
PSF-003753,Pleinmont North,49.435200,-2.671700,2,0,0,0,0,0,0,0,pge:15609
PSF-003754,Icart,49.425200,-2.572400,0,0,0,0,1,2,0,0,pge:15610
PSF-003755,Jerbourg (Seaplane Bungalow),49.421400,-2.534400,0,0,0,2,0,0,0,0,pge:15611
PSF-003756,Les Tielles,49.424100,-2.636700,0,0,0,0,2,0,0,0,pge:15612
PSF-003757,Goat Site,49.422000,-2.623000,0,0,0,0,2,0,0,0,pge:15613
PSF-003758,Herm Island,49.475600,-2.447700,0,2,0,0,0,0,0,0,pge:15614
PSF-003759,Cristur,46.327400,25.038200,0,1,2,1,0,0,0,0,pge:15615
PSF-003760,Jerbourg (Viewpoint),49.424200,-2.531700,0,0,2,0,0,0,0,0,pge:15616
PSF-003761,nato tepesi,40.597500,27.566400,0,1,2,2,2,2,2,0,pge:15620
PSF-003762,intepe soar,40.028000,26.356900,2,1,0,0,0,0,0,1,pge:15621
PSF-003763,Bois Baron,16.355900,-61.391900,0,1,2,0,0,0,0,0,pge:15622
PSF-003764,Glassy Mountain,35.136600,-82.345700,0,0,0,1,2,0,0,0,pge:15624
PSF-003765,Kodungallur PG Site,10.179100,76.162500,1,0,0,0,1,2,2,2,pge:15627
PSF-003766,Turkmen Akcakoy,39.441800,27.963600,2,1,0,0,0,0,0,1,pge:15629
PSF-003767,Pente école : Lespignan,43.259200,3.177200,0,0,0,1,2,0,0,0,pge:15630
PSF-003768,Rignano Garganico,41.677100,15.581400,0,0,0,2,2,2,0,0,pge:15631
PSF-003769,Krnovo,42.881600,19.144800,0,0,0,2,2,2,0,0,pge:15633
PSF-003770,Tierra Negra,8.436900,-71.324300,2,2,1,0,0,0,1,2,pge:15635
PSF-003771,Abbey Hill,53.140200,-9.047800,0,0,0,0,0,0,2,2,pge:15637
PSF-003772,Tungareshwar,19.431000,72.928200,0,2,2,2,0,0,0,0,pge:15638
PSF-003773,The Bluff,-35.592100,138.602000,0,0,0,0,1,2,0,0,pge:15639
PSF-003774,Tappanapa,-35.643200,138.253000,0,0,0,2,0,0,0,0,pge:15640
PSF-003775,Blowhole Beach,-35.647500,138.154000,0,0,0,0,2,2,0,0,pge:15641
PSF-003776,Sellicks Beach,-35.338200,138.446900,0,0,0,0,0,0,1,1,pge:15642;siteguide_au:6-237
PSF-003777,Snapper Rocks,-35.269800,138.448000,2,0,0,0,0,0,0,1,pge:15643
PSF-003778,Fryer St,-35.065500,138.501000,0,0,0,0,0,0,2,1,pge:15644
PSF-003779,Mount Terrible,-35.311100,138.523000,2,0,0,0,0,0,0,1,pge:15645
PSF-003780,Boomer beach,-35.535900,138.673000,0,0,0,0,2,0,0,0,pge:15646
PSF-003781,Middleton Beach,-35.512800,138.714000,0,0,0,0,0,0,0,0,pge:15647
PSF-003782,Weaver Bally,40.797900,-123.003000,0,0,2,2,1,1,1,2,pge:15648
PSF-003783,Grants Headland - SE Bonnys,-31.607700,152.839400,0,0,1,1,0,0,0,0,pge:15649;siteguide_au:117-224
PSF-003784,Bartletts Reserve - NE Bonnys,-31.594800,152.842300,0,2,2,0,0,0,0,0,pge:15650;siteguide_au:118-225
PSF-003785,Aragatsotn 2,40.236300,44.179800,2,2,0,0,0,0,0,2,pge:15652
PSF-003786,Ilbisil,-2.133120,36.762100,2,2,2,2,2,2,2,2,pge:15653
PSF-003787,Alpe  Bill (Macugnaga),45.979900,7.957700,0,0,0,2,2,0,0,0,pge:15654
PSF-003788,Meråker,63.455900,11.684600,0,0,1,2,2,1,0,0,pge:15656
PSF-003789,Rye (Trondheim),63.269900,10.312700,2,0,0,0,0,0,2,2,pge:15657
PSF-003790,Tenerife - Izana (Izaña) - South-East,28.322400,-16.491600,0,0,2,0,0,0,0,0,pge:15658
PSF-003791,Tenerife - Barranco Honda,28.398700,-16.368700,0,0,0,0,2,0,0,0,pge:15659
PSF-003792,Drniš,43.872600,16.185500,0,0,0,1,2,0,0,0,pge:15660
PSF-003793,Tenerife - Los Gigantes / Tamaima,28.249000,-16.817900,0,0,0,0,0,2,2,0,pge:15661
PSF-003794,Chambas,22.161600,-78.965100,1,2,1,0,1,1,0,0,pge:15662
PSF-003795,Remetea mica,45.899400,21.422200,2,2,2,0,0,0,2,2,pge:15663
PSF-003796,Krynica Morska,54.388700,19.447900,2,1,0,0,0,0,0,0,pge:15665
PSF-003797,Kollnig,46.851600,12.789000,0,0,0,2,2,2,0,0,pge:15668
PSF-003798,Azacualpa,13.943100,-87.107200,0,0,2,0,0,0,0,0,pge:15670
PSF-003799,"Danli, Bella Vista",13.988700,-86.541600,0,0,0,2,2,2,0,0,pge:15671
PSF-003800,la Villa de San Fransisco,14.171500,-87.001200,0,2,2,1,0,0,0,0,pge:15672
PSF-003801,Suvorovo,43.303700,27.630900,0,0,0,0,0,0,2,2,pge:15673
PSF-003802,Galsa,46.275900,21.681200,0,0,0,0,2,1,2,1,pge:15674
PSF-003803,Tokpada,19.389500,72.792900,2,2,2,2,2,2,2,2,pge:15675
PSF-003804,Rucas,44.744600,7.229520,0,0,1,2,2,1,0,0,pge:15677
PSF-003805,The 'G',40.371100,-111.702000,0,0,0,0,0,2,2,2,pge:15678
PSF-003806,Venchan,43.242800,27.374300,2,2,0,0,2,2,0,0,pge:15679
PSF-003807,Hvidbjerg,55.648400,9.741820,0,0,0,0,0,0,0,0,pge:15680
PSF-003808,Howick Airfield,-29.555200,30.212200,0,0,0,0,0,0,0,0,pge:15681
PSF-003809,"Mire Dagi, Ankara",40.212300,32.877800,0,0,0,0,0,0,0,0,pge:15684
PSF-003810,Lomalisa,10.047500,-67.912400,0,0,0,0,0,0,0,0,pge:15686
PSF-003811,Bottna,58.499800,11.363300,0,0,0,0,0,0,0,0,pge:15687
PSF-003812,Koshojiyama,34.077000,132.149000,0,0,0,0,0,2,2,2,pge:15688
PSF-003813,Maldongrat,47.293700,10.661100,0,0,0,0,0,0,0,0,pge:15693
PSF-003814,"Apìa, El Zarzo",5.081080,-75.925900,0,2,2,0,0,0,0,0,pge:15695
PSF-003815,sambuco,44.357500,7.058650,0,0,0,2,2,2,2,0,pge:15696
PSF-003816,Mt Burns,-45.762100,167.400000,0,0,0,0,0,0,0,0,pge:15698
PSF-003817,MIKRI BOLBI,40.696000,23.557300,0,0,0,0,0,0,0,0,pge:15701
PSF-003818,Hållsunga airport,57.844000,11.736500,0,0,0,0,0,0,0,0,pge:15703
PSF-003819,Tofta airport,57.873800,11.713000,0,0,0,0,0,0,0,0,pge:15704
PSF-003820,Rörkärrs flygklubb,58.367500,11.773100,0,0,0,0,0,0,0,0,pge:15705
PSF-003821,San José del Valle,36.593200,-5.798470,0,0,0,0,0,0,0,2,pge:15706
PSF-003822,Kinneret,32.702900,35.564600,0,0,0,0,0,0,0,0,pge:15708
PSF-003823,LA TEJERA,41.977600,-6.846150,0,0,0,0,0,0,0,0,pge:15709
PSF-003824,Ohsayama Flight Area (Mt.Osa),35.083300,133.543000,0,2,0,2,2,0,0,0,pge:15710
PSF-003825,EdelweiÃŸspitze,47.120100,12.827900,0,0,0,0,0,0,0,0,pge:15711
PSF-003826,Palin,14.425100,-90.641900,0,0,0,0,0,0,0,0,pge:15712
PSF-003827,Ghimes Sie,46.577100,25.974300,0,0,0,0,2,1,0,0,pge:15713
PSF-003828,Mc Knob,-32.780900,151.250000,0,0,0,0,0,0,0,0,pge:15714
PSF-003829,Mrghuz,40.704900,45.259000,0,0,0,0,0,0,0,0,pge:15715
PSF-003830,afek park,32.841800,35.113800,0,0,0,0,0,0,0,0,pge:15718
PSF-003831,mistra,35.960100,14.384600,0,0,1,2,1,0,0,0,pge:15720
PSF-003832,Las Carrascosas,36.929900,-6.076070,0,0,0,0,0,0,0,0,pge:15724
PSF-003833,Ocean Peak,-44.735800,168.199000,0,0,0,0,0,0,0,0,pge:15726
PSF-003834,Nuthouse,34.485700,-119.291000,0,0,0,1,1,0,0,0,pge:15731
PSF-003835,Las Antenas,31.675500,-116.625000,0,0,0,0,0,0,0,0,pge:15732
PSF-003836,Glyfada beach,37.865900,23.740400,0,0,0,0,0,0,0,0,pge:15733
PSF-003837,Sariego,43.421200,-5.575370,0,0,0,1,2,1,0,0,pge:15735
PSF-003838,Røjle Klint,55.550600,9.802680,0,0,0,0,0,0,0,0,pge:15736
PSF-003839,Camden Haven Airfield,-31.665700,152.742000,0,0,0,0,0,0,0,0,pge:15738
PSF-003840,Water Front Lake Hawea,-44.609200,169.283000,0,0,0,0,0,0,0,0,pge:15740
PSF-003841,Kiselevsk moto,56.790400,93.938600,0,0,0,0,0,0,0,0,pge:15741
PSF-003842,Cerro Otto,-41.144200,-71.376300,1,1,0,0,0,0,1,2,pge:15762
PSF-003843,Gemelas,-30.878200,-64.491000,1,0,0,0,1,2,2,2,pge:15770
PSF-003844,Despegue SAT,-32.368600,-64.947500,1,0,0,0,1,2,2,2,pge:15772
PSF-003845,Mottolino,46.529000,10.158500,0,0,0,0,0,2,2,2,pge:15799
PSF-003846,Sderot,31.502900,34.577800,0,0,0,0,0,0,0,0,pge:15800
PSF-003847,CASTLE OF FASOULA,34.762200,33.023300,0,0,0,0,0,0,0,0,pge:15801
PSF-003848,Goulburn airport,-34.810000,149.729000,0,0,0,0,0,0,0,0,pge:15802
PSF-003849,ALCALA LA REAL,37.443100,-3.885770,0,0,0,0,0,0,0,0,pge:15803
PSF-003850,Kiselevsk,53.979300,86.538100,0,0,0,0,0,0,0,0,pge:15804
PSF-003851,Espineres,43.421000,-5.276800,0,0,0,0,0,0,0,0,pge:15805
PSF-003852,Rhino Ridge,-33.576100,19.459400,0,0,0,0,0,0,0,0,pge:15806
PSF-003853,Pobbio (Cabella Ligure),44.695000,9.144360,0,0,0,1,2,2,2,2,pge:15809
PSF-003854,Chepan,42.943200,22.974000,0,0,0,1,2,0,0,0,pge:15810
PSF-003855,Sun City,-29.800200,29.825900,0,0,0,0,0,0,0,0,pge:15814
PSF-003856,North Entrance,-33.322300,151.517000,0,0,0,0,0,0,0,0,pge:15815
PSF-003857,Tigrah,-31.806500,151.941000,0,0,0,0,0,0,0,0,pge:15816
PSF-003858,aspropirgos trash,38.094100,23.644800,0,0,0,0,0,0,0,0,pge:15817
PSF-003859,Idyllwild,33.726000,-116.752000,0,0,0,0,0,0,0,0,pge:15818
PSF-003860,Forestleaveshome,49.935200,7.823500,0,0,0,0,0,0,0,0,pge:15821
PSF-003861,Sinnesjoch,47.303000,10.776700,0,0,0,0,0,0,0,0,pge:15822
PSF-003862,Sungai Paga,4.200130,113.887000,0,0,0,0,0,0,0,0,pge:15826
PSF-003863,Sedili,1.932280,104.125000,0,2,2,0,0,0,0,0,pge:15827
PSF-003864,"Praia Vermelha (Penha SC, Itajai SC)",-26.801300,-48.596600,0,0,2,2,0,0,0,0,pge:15828
PSF-003865,Gulgong Airstrip,-32.299600,149.559000,0,0,0,0,0,0,0,0,pge:15829
PSF-003866,pegões,38.744500,-8.650580,0,0,0,0,0,0,0,0,pge:15830
PSF-003867,centro geodésico de portugal,39.693400,-8.131730,0,0,0,0,0,0,0,0,pge:15833
PSF-003868,praia pequena,38.691600,-9.365200,0,0,0,0,0,0,0,0,pge:15834
PSF-003869,S. António Valpoldres,42.020500,-8.288630,0,0,0,0,0,0,0,0,pge:15835
PSF-003870,Canaldá,42.124800,1.487900,0,0,0,1,2,1,1,0,pge:15837
PSF-003871,Alcocebre,40.264300,0.270100,0,0,1,2,2,1,1,0,pge:15838
PSF-003872,Soglio - Orero,44.401700,9.285200,0,0,1,2,2,1,0,0,pge:15839
PSF-003873,Leco,44.563500,8.872200,1,0,1,2,2,2,0,0,pge:15840
PSF-003874,Sorède,42.514500,2.973810,2,2,0,0,0,0,0,2,pge:15842
PSF-003875,Ã‡Ä±ÄŸlÄ±k / Katran Mountain,37.100000,30.648000,1,1,1,1,1,1,1,1,pge:15844
PSF-003876,Kamchia,42.902700,26.982100,0,0,0,1,2,2,0,0,pge:15845
PSF-003877,Casoni,44.296400,9.784300,0,0,0,1,2,2,1,0,pge:15847
PSF-003878,safi ranch,5.953300,125.079000,0,1,1,2,2,1,0,0,pge:15848
PSF-003879,Monte Bue - S.Stefano d' Aveto,44.556300,9.492300,0,0,0,0,1,2,2,1,pge:15849
PSF-003880,Balsamar,13.500300,-89.535300,0,0,0,2,2,2,0,0,pge:15852
PSF-003881,Keihoku,35.168400,135.668000,2,0,0,0,0,0,0,2,pge:15853
PSF-003882,Cedar City Training Hill,37.704600,-113.048000,2,0,0,1,2,2,1,2,pge:15855
PSF-003883,Camels,40.183500,-111.568000,0,0,2,2,2,2,2,2,pge:15856
PSF-003884,Agashi Paddy fields,19.464100,72.770100,1,1,0,0,0,1,1,1,pge:15857
PSF-003885,k 51,13.666800,-88.839900,0,0,2,2,0,0,0,0,pge:15858
PSF-003886,Lansdown,51.438200,-2.401200,0,0,0,0,2,2,0,0,pge:15859
PSF-003887,Castelfranc,44.502500,1.210900,0,0,0,1,2,1,0,0,pge:15861
PSF-003888,Plan-Belle-Crète,45.769700,7.068300,0,0,0,0,2,0,0,0,pge:15862
PSF-003889,Sie,46.584200,25.978400,0,0,0,0,0,0,0,0,pge:15863
PSF-003890,Coatepeque,13.877900,-89.517600,0,0,0,0,2,2,2,0,pge:15865
PSF-003891,San Esteban,13.684000,-88.781700,0,0,1,1,2,2,0,0,pge:15866
PSF-003892,El Zonte,13.500600,-89.431600,0,0,0,0,2,2,2,0,pge:15867
PSF-003893,San Julian,13.711700,-89.596100,2,2,0,0,0,0,0,0,pge:15868
PSF-003894,Loma Kerim,13.601700,-89.414800,0,0,0,0,2,2,0,0,pge:15869
PSF-003895,Conchagua,13.271800,-87.847500,0,0,0,0,2,1,0,0,pge:15870
PSF-003896,La Milpa,13.891900,-89.777300,0,2,0,0,0,0,0,0,pge:15871
PSF-003897,Nanyo Skypark,38.063900,140.193000,0,0,0,1,2,2,1,1,pge:15873
PSF-003898,El Cuyanausul,13.896300,-89.760500,0,0,0,1,2,1,0,0,pge:15874
PSF-003899,Volcan de Santa Ana,13.845500,-89.625900,0,0,0,0,2,2,0,0,pge:15875
PSF-003900,Qazvin Blue Sky,36.367600,50.087200,0,0,2,2,2,0,0,0,pge:15876
PSF-003901,Yastrebetc,42.235200,23.587000,2,2,1,0,0,0,0,2,pge:15877
PSF-003902,Asa Stenvik,57.346600,12.115300,0,0,0,2,1,0,0,0,pge:15878
PSF-003903,San Román,43.720400,-7.629200,1,2,0,0,0,0,0,0,pge:15879
PSF-003904,Acantilados de Loiba,43.736400,-7.764400,2,0,0,0,0,0,0,2,pge:15880
PSF-003905,Milevi Skali,42.126000,24.059700,0,0,0,2,2,0,0,0,pge:15882
PSF-003906,Belmeken,42.180300,23.771700,2,2,2,2,2,2,1,2,pge:15883
PSF-003907,Cariño Monte Mazanteo,43.730600,-7.871900,1,2,0,0,0,0,0,0,pge:15884
PSF-003908,Sveti Iliya,42.263300,23.451900,0,1,2,1,1,0,0,0,pge:15885
PSF-003909,Lepanto,9.941500,-85.062200,0,0,0,0,2,2,2,0,pge:15887
PSF-003910,Teresopolis -Nova Rampa,-22.433900,-42.958400,2,2,2,1,0,0,1,2,pge:15888
PSF-003911,Morro Pelado (Gaspar SC),-26.958600,-48.911400,2,2,0,0,1,0,0,2,pge:15890
PSF-003912,Kerdous,29.544600,-9.342500,2,0,0,0,0,0,1,2,pge:15891
PSF-003913,Tirhmi,29.597300,-9.381490,0,0,0,0,2,1,0,0,pge:15892
PSF-003914,Grosse Asitzkopf,47.406700,12.711200,2,2,0,0,0,0,0,2,pge:15893
PSF-003915,Kuratake,32.423900,130.331000,0,0,1,2,2,1,0,0,pge:15894
PSF-003916,Kirikabu-yama,33.266300,131.138000,2,2,1,0,0,0,1,2,pge:15895
PSF-003917,Atlin - Monarch Mountain,59.546700,-133.627000,0,0,0,0,0,1,2,2,pge:15897
PSF-003918,Mombarcaro,44.466000,8.092550,0,0,1,2,1,0,0,0,pge:15899
PSF-003919,Leucate -Sémaphore Falaise EST,42.911700,3.057000,0,2,2,2,0,0,0,0,pge:15900
PSF-003920,East Gros Ventre Butte (EGVB),43.482500,-110.780000,0,0,0,0,2,2,0,0,pge:15903
PSF-003921,Taghazout,30.569300,-9.731150,0,0,0,0,0,2,2,2,pge:15904
PSF-003922,Oetscher,47.856000,15.182800,1,0,0,0,0,0,1,2,pge:15905
PSF-003923,Cathedral Bluffers Park (Toronto),43.716500,-79.228100,0,0,0,2,0,0,0,0,pge:15906
PSF-003924,Westover Training Hill,43.335900,-80.081100,2,0,0,0,0,0,0,0,pge:15907
PSF-003925,Mount Abu,24.597900,72.696000,0,2,0,0,0,2,2,0,pge:15908
PSF-003926,Arna,26.235500,72.876400,0,2,0,0,0,2,0,0,pge:15909
PSF-003927,Pushkar,26.474600,74.539900,0,2,2,0,0,2,2,0,pge:15910
PSF-003928,Bavarli,26.350000,72.704300,0,2,0,0,0,2,0,0,pge:15911
PSF-003929,La Gardiole O-NO,43.499100,3.752300,0,0,0,0,0,0,2,2,pge:15912
PSF-003930,La Gardiole E-SE,43.488600,3.756600,0,0,2,2,0,0,0,0,pge:15913
PSF-003931,La Sure,43.653800,3.342100,2,0,0,0,0,0,0,0,pge:15914
PSF-003932,La Gardiole S,43.469400,3.732500,0,0,1,2,2,0,0,0,pge:15915
PSF-003933,Tarseh,37.094000,55.563300,1,0,0,0,0,0,1,2,pge:15917
PSF-003934,MONTJOUX  Dio et Valquière SE,43.674000,3.215900,0,0,0,2,0,0,0,0,pge:15919
PSF-003935,250m sadra,29.806800,52.459900,0,0,0,1,2,1,0,0,pge:15923
PSF-003936,Jadovnik,43.324200,20.749100,1,1,0,2,1,1,1,1,pge:15924
PSF-003937,Kokorovac,43.360800,20.770200,2,1,0,0,0,1,1,2,pge:15925
PSF-003938,Cajetinska cesma,43.265100,20.760700,1,0,0,2,2,2,1,1,pge:15926
PSF-003939,Orlove stene (Eagle rocks),43.311300,20.839200,1,1,1,1,0,0,1,1,pge:15927
PSF-003940,Opotiki Airport,-38.022600,177.303000,0,0,2,2,0,0,2,2,pge:15928
PSF-003941,Lisac,43.270200,20.627300,0,0,0,0,0,0,0,0,pge:15929
PSF-003942,Razdolje,43.297800,20.639000,2,2,0,0,0,0,0,2,pge:15930
PSF-003943,Sakovsko,43.298000,20.603900,2,2,2,2,0,0,0,0,pge:15931
PSF-003944,Point Pass,-34.034500,139.022000,0,2,2,0,0,0,0,0,pge:15933
PSF-003945,Montefalcone nel Sannio - North,41.851200,14.668600,2,2,2,0,2,2,2,0,pge:15937
PSF-003946,HHH-Ujlaki,47.552200,18.989100,0,0,0,0,0,2,2,2,pge:15938
PSF-003947,Inch Beach - This site is currently CLOSED to all Flying,52.145000,-9.990000,0,0,0,1,2,1,0,0,pge:15939
PSF-003948,Mont Adstock,46.031300,-71.198100,2,1,0,1,2,1,0,1,pge:15940
PSF-003949,Knocknakilton,52.190000,-9.988000,2,1,0,2,2,2,0,1,pge:15941
PSF-003950,Glengarriff,51.772000,-9.582000,0,0,0,1,1,2,0,0,pge:15942
PSF-003951,Gneeves (E),52.027500,-9.125000,1,2,2,1,0,0,0,0,pge:15943
PSF-003952,Knocknakilla    -   NW-N,52.007800,-9.015000,1,0,0,0,0,0,0,1,pge:15944
PSF-003953,Eulate,42.782700,-2.212090,0,0,0,2,2,0,0,0,pge:15945
PSF-003954,Kuartango,42.870400,-2.870700,0,0,0,0,0,0,0,0,pge:15946
PSF-003955,Kannami (eX Paragliding),35.104600,139.035000,0,0,0,0,0,1,2,1,pge:15947
PSF-003956,Tandådalen,61.174100,13.014200,0,0,0,0,0,2,2,0,pge:15949
PSF-003957,Cam Long Down,51.694100,-2.330200,2,0,0,0,0,0,2,2,pge:15951
PSF-003958,Cape Liptrap,-38.903610,145.920320,0,0,0,0,0,1,1,0,pge:15952;siteguide_au:164-45
PSF-003959,Little Waihi,-37.764100,176.468000,0,0,0,2,0,0,0,0,pge:15953
PSF-003960,Braemar Road,-37.967700,176.731000,0,0,1,1,0,0,0,0,pge:15954
PSF-003961,Dinosaur,40.369900,-109.089000,0,0,0,2,2,2,0,0,pge:15955
PSF-003962,Croagh Patrick East Site,53.763500,-9.635600,2,2,0,0,0,0,0,2,pge:15956
PSF-003963,Ben Goram,53.757700,-9.686800,0,0,0,0,0,2,0,0,pge:15957
PSF-003964,Titiribí,6.040970,-75.808000,0,0,0,0,0,0,0,0,pge:15959
PSF-003965,Devnia,43.212900,27.548700,1,2,0,0,0,0,0,0,pge:15960
PSF-003966,Fredonia,5.871560,-75.674500,0,0,0,0,0,2,2,1,pge:15961
PSF-003967,Jericó,5.804520,-75.776300,2,1,0,0,0,0,0,1,pge:15962
PSF-003968,Pantanillo,5.734940,-75.509800,0,0,0,0,0,0,0,0,pge:15964
PSF-003969,Jardín,5.607600,-75.799100,0,1,2,0,0,0,2,0,pge:15965
PSF-003970,Great Missenden (Previously known as Landscape),-37.097300,145.171650,1,1,0,0,0,0,0,0,pge:15966;siteguide_au:200-63
PSF-003971,Mt Dandenong,-37.834930,145.346830,0,0,0,0,0,0,1,1,pge:15967;siteguide_au:203-72
PSF-003972,Mt Donna Buang,-37.710280,145.657930,1,0,0,0,1,1,1,1,pge:15968;siteguide_au:204-73
PSF-003973,Schwarzseespitze - Rittner Horn,46.595400,11.452200,0,0,0,1,2,2,2,0,pge:15969
PSF-003974,Kimmeridge,50.615100,-2.105900,0,0,0,0,0,2,0,0,pge:15970
PSF-003975,Corton Denham,51.008600,-2.524800,0,0,0,0,0,2,1,0,pge:15971
PSF-003976,Rouen,42.159500,22.964800,1,2,1,1,1,2,0,0,pge:15972
PSF-003977,Cherni vrah,42.215400,23.233500,1,0,0,0,0,0,1,2,pge:15973
PSF-003978,Rido,42.282000,23.200700,0,0,0,0,0,0,0,2,pge:15974
PSF-003979,Gledkata,42.223400,23.137900,2,1,0,0,0,0,1,2,pge:15975
PSF-003980,Karierata,42.139800,22.994200,1,2,1,0,0,0,0,0,pge:15976
PSF-003981,Krusta,42.156600,22.989300,1,2,1,0,0,0,0,0,pge:15977
PSF-003982,LB22 - Stanke Dimitrov,42.308100,23.233100,1,2,1,0,0,2,1,1,pge:15978
PSF-003983,Silvermine Mts.,52.777100,-8.252400,2,1,0,0,0,0,0,1,pge:15979
PSF-003984,Mosthanets,41.972300,23.070000,2,1,0,0,0,0,0,0,pge:15980
PSF-003985,Stefanovo,42.477100,23.033000,2,1,0,0,0,0,0,1,pge:15981
PSF-003986,Untzueta,43.137200,-2.907390,0,0,0,2,2,2,0,0,pge:15983
PSF-003987,Seydun,31.363800,50.173500,0,0,0,0,1,2,2,1,pge:15984
PSF-003988,Panni,41.225400,15.270700,2,2,0,2,2,2,0,2,pge:15985
PSF-003989,Botevo,43.436200,27.716700,0,0,0,0,0,2,2,0,pge:15986
PSF-003990,Tarawera,-38.210900,176.514000,1,1,0,0,0,0,0,2,pge:15987
PSF-003991,Putauaki,-38.104500,176.736000,0,0,0,0,0,0,0,2,pge:15988
PSF-003992,Cerny vrch,50.361700,13.170300,2,0,0,0,0,0,0,2,pge:15991
PSF-003993,Perstejn,50.383800,13.117400,0,0,0,0,1,2,0,0,pge:15993
PSF-003994,Robovitsa,42.161400,23.161700,0,0,0,0,1,2,1,0,pge:15994
PSF-003995,Kadanska Jesen,50.338600,13.263400,2,0,0,0,0,0,0,0,pge:15995
PSF-003996,Pesvice,50.468900,13.468500,0,2,0,2,0,2,0,2,pge:15996
PSF-003997,Strizovice,50.684500,13.983100,1,2,0,0,0,0,0,0,pge:15997
PSF-003998,Hostovice,50.644900,14.012200,0,0,0,0,0,0,0,2,pge:15998
PSF-003999,Trebounak,50.013500,13.002700,0,0,0,2,0,0,0,0,pge:15999
PSF-004000,Klenovec,50.486300,13.326400,0,0,0,0,2,2,2,0,pge:16000
PSF-004001,Spicak,49.171800,13.210800,0,0,0,2,0,0,0,0,pge:16001
PSF-004002,Svatobor,49.235700,13.488300,0,2,0,0,0,0,0,0,pge:16002
PSF-004003,Koterov,49.721700,13.435100,0,0,0,0,0,0,2,0,pge:16003
PSF-004004,Kaupok,-39.568800,174.064000,0,0,0,0,0,2,0,0,pge:16004
PSF-004005,Omlenicka,48.746100,14.437000,0,0,0,2,0,0,0,0,pge:16005
PSF-004006,Zasada,50.704700,15.264400,0,0,0,2,0,0,0,0,pge:16008
PSF-004007,Misecky - SE,50.741000,15.582900,0,0,0,2,0,0,0,0,pge:16009
PSF-004008,Studenov,50.746600,15.439900,0,0,0,2,0,0,0,0,pge:16010
PSF-004009,Zvicina - E,50.453600,15.698300,0,0,2,0,0,0,0,0,pge:16011
PSF-004010,Letovice,49.592700,16.528300,0,0,2,0,0,0,0,0,pge:16012
PSF-004011,Dolní Morava - Západ,50.149800,16.828400,0,0,0,0,0,1,2,0,pge:16013
PSF-004012,Lysice,49.445100,16.535100,0,0,2,0,0,0,0,0,pge:16014
PSF-004013,Smilov,50.378000,13.089800,0,0,0,2,0,0,0,0,pge:16015
PSF-004014,Дъбова глава,42.345400,23.590600,0,1,2,2,2,1,2,1,pge:16016
PSF-004015,Продановски рид,42.376400,23.521300,0,0,0,0,0,1,2,1,pge:16017
PSF-004016,Mokau,-38.674400,174.627000,0,0,0,0,0,0,2,0,pge:16019
PSF-004017,Mokau Cemetery,-38.694000,174.617000,0,0,0,0,0,2,2,2,pge:16020
PSF-004018,Livigno,46.545300,10.126800,0,2,2,2,0,0,0,0,pge:16021
PSF-004019,Markudjik 2,42.210800,23.576100,0,1,1,0,0,2,2,1,pge:16022
PSF-004020,Sussex,45.777500,-65.437700,2,2,2,2,2,2,2,2,pge:16023
PSF-004021,cape Meganom,44.806200,35.073900,1,1,2,2,2,2,2,2,pge:16027
PSF-004022,Alex Knob,-43.427800,170.151000,2,2,2,0,0,0,1,1,pge:16037
PSF-004023,Slivecarran,53.108100,-9.014000,0,2,2,0,0,0,0,0,pge:16038
PSF-004024,Nagy-Kevély,47.622500,18.984700,0,0,0,0,0,2,0,0,pge:16039
PSF-004025,Karain,37.081200,30.529800,1,2,2,2,1,1,0,0,pge:16040
PSF-004026,Mt. Ghitu,45.353600,24.680300,0,0,1,2,2,1,0,0,pge:16041
PSF-004027,Slievecarran North,53.127300,-9.024100,0,2,2,0,0,0,0,0,pge:16042
PSF-004028,Quintana Beach,28.912600,-95.334200,0,0,1,2,2,1,0,0,pge:16044
PSF-004029,Hallett Cove Lawns,-35.080500,138.496000,0,0,0,0,0,1,2,1,pge:16045
PSF-004030,Mondragone,41.130700,13.895700,0,0,0,0,2,2,1,0,pge:16046
PSF-004031,Lazarea,46.759200,25.537600,0,0,0,0,0,0,0,0,pge:16047
PSF-004032,San Donato Val di Comino,41.726100,13.782500,0,0,0,1,2,2,0,0,pge:16048
PSF-004033,Teta Azul de la Misión,26.848800,-111.903000,2,2,2,2,0,0,0,0,pge:16050
PSF-004034,Trabice,50.578100,14.064200,0,0,0,0,0,2,0,0,pge:16051
PSF-004035,Monte Vandalino,44.836900,7.165500,0,0,2,2,2,0,0,0,pge:16052
PSF-004036,Korilovos East,41.169200,24.173400,0,1,2,1,0,0,0,0,pge:16053
PSF-004037,Vays,34.507200,46.864400,0,0,0,0,1,1,2,1,pge:16054
PSF-004038,Sarab Ghambar,34.269800,47.035900,2,1,1,0,0,0,0,1,pge:16055
PSF-004039,Ghalajeh,33.958300,46.362300,0,0,0,0,1,2,2,1,pge:16056
PSF-004040,Tatah,35.275800,46.177300,2,1,1,0,0,0,1,2,pge:16057
PSF-004041,Mynydd Llangorse [closed],51.937100,-3.222900,0,0,0,0,0,0,2,0,pge:16058
PSF-004042,Tapawera,-41.431500,172.855000,0,0,0,0,1,2,1,0,pge:16060
PSF-004043,Sommethonne,49.570900,5.458800,1,0,0,0,0,0,1,2,pge:16061
PSF-004044,Croagh Patrick South take-off,53.762400,-9.635000,0,0,0,2,2,0,0,0,pge:16062
PSF-004045,Forino,40.821500,14.729800,0,0,0,0,0,2,1,0,pge:16063
PSF-004046,Calvanico Decollo Basso,40.793500,14.833600,0,0,0,0,2,2,1,0,pge:16064
PSF-004047,Montevergine,40.935700,14.717900,0,0,0,0,2,0,0,0,pge:16065
PSF-004048,Tremezzo-Crocione-Bellagio,46.005600,9.193820,0,1,1,2,2,0,0,0,pge:16066
PSF-004049,milky way,31.156400,52.668500,1,1,1,1,1,1,1,1,pge:16067
PSF-004050,Largotz,47.242200,11.593000,2,2,1,0,0,0,1,2,pge:16070
PSF-004051,Mammoth,37.628100,-119.031000,0,0,2,2,0,0,0,0,pge:16071
PSF-004052,Cornereva,45.059700,22.376900,0,1,2,1,1,1,2,1,pge:16072
PSF-004053,Jejavica,42.872400,19.892000,0,0,0,0,2,2,0,0,pge:16073
PSF-004054,Konjsko,42.830400,19.784100,0,0,2,2,0,0,0,0,pge:16074
PSF-004055,Strane,42.864100,19.855200,0,0,2,2,0,0,0,0,pge:16075
PSF-004056,Bukvica,42.982200,20.002200,0,0,0,0,2,2,0,0,pge:16076
PSF-004057,Kofiljača,42.606400,19.976100,0,0,0,0,2,2,0,0,pge:16077
PSF-004058,Gavoshan Dam,34.935900,46.993000,2,1,0,0,0,0,2,2,pge:16078
PSF-004059,Nedereindseplas,52.033700,5.061100,0,0,0,0,2,2,0,0,pge:16079
PSF-004060,Hajdúszoboszló,47.458800,21.383900,1,1,1,1,1,1,1,1,pge:16081
PSF-004061,Zlotoria,53.201100,22.914200,2,1,0,1,2,1,0,1,pge:16082
PSF-004062,Zolochiv,49.812500,24.917000,0,0,0,0,0,0,0,0,pge:16083
PSF-004063,grasslands Hsu hai,22.205200,120.890000,1,2,2,2,1,0,0,0,pge:16085
PSF-004064,Cwmbran,51.675200,-3.063100,0,0,1,2,2,0,0,0,pge:16086
PSF-004065,Flight area,-27.296100,152.712000,0,0,0,0,0,0,0,0,pge:16087
PSF-004066,Pian dell' Alpe,45.062500,7.026700,0,0,0,1,2,1,0,0,pge:16088
PSF-004067,Forte di Fenestrelle,45.050700,7.100830,0,0,1,2,2,0,0,0,pge:16089
PSF-004068,La Barillette (or:Les Burnes Gelées),46.429400,6.132220,0,0,0,2,0,0,0,0,pge:16090
PSF-004069,"Pedra do Pastelao, Fagundes",-7.351530,-35.790200,0,0,1,2,2,0,0,0,pge:16091
PSF-004070,"Pico do Jabre, Matureia",-7.252770,-37.383400,0,0,1,2,1,0,0,0,pge:16092
PSF-004071,Kazbegi,42.664500,44.619300,2,2,2,2,1,1,2,2,pge:16093
PSF-004072,Road Kodir,36.439500,51.859400,0,0,1,1,1,0,0,0,pge:16096
PSF-004073,Hsu Hai North,22.205500,120.888000,2,1,0,0,0,0,0,1,pge:16097
PSF-004074,PG brizz,46.836400,36.939400,0,0,2,2,0,0,0,0,pge:16098
PSF-004075,"Kuvandyk, mt. Shaytan",51.525800,57.381700,0,0,0,0,0,0,0,2,pge:16100
PSF-004076,Monte Toro sur,39.984100,4.113300,0,0,1,1,2,0,0,0,pge:16101
PSF-004077,Son Bou,39.895300,4.081300,0,0,0,0,0,0,2,0,pge:16102
PSF-004078,Cavalleria,40.058300,4.074600,2,0,0,0,0,0,0,0,pge:16103
PSF-004079,Sa Mesquida,39.906000,4.293400,0,0,2,0,0,0,0,0,pge:16104
PSF-004080,Monte Toro norte,39.985200,4.113200,2,0,0,0,0,0,0,1,pge:16105
PSF-004081,Binimel.la,40.049000,4.058500,0,0,0,0,0,0,2,0,pge:16106
PSF-004082,Binidonaire,40.047800,4.091500,0,0,0,0,0,0,2,0,pge:16107
PSF-004083,Cala Tirant,40.046300,4.100800,0,0,2,0,0,0,0,0,pge:16108
PSF-004084,Terra Rotja,39.997000,4.037800,0,0,0,0,2,2,0,0,pge:16109
PSF-004085,Model Ridge,54.422300,-1.192400,2,1,0,0,0,0,0,1,pge:16110
PSF-004086,cringle moor,54.422500,-1.176600,1,2,1,0,0,0,0,0,pge:16111
PSF-004087,Vard Avard,35.777700,51.150300,0,0,1,1,1,1,1,0,pge:16112
PSF-004088,Villerville,49.391200,0.107793,0,0,0,0,0,0,0,2,pge:16113
PSF-004089,Binigauss,39.920300,4.026500,0,0,0,0,0,2,0,0,pge:16114
PSF-004090,Mt. Sima,60.604700,-135.062000,1,2,1,2,2,0,0,0,pge:16115
PSF-004091,Casa de Pedra (MG),-22.409500,-44.932600,2,1,0,0,0,0,0,2,pge:16116
PSF-004092,Hemeius - Faleza,46.662300,26.847300,0,0,0,0,1,2,2,1,pge:16117
PSF-004093,Joupar,30.061400,57.131700,2,0,0,0,0,0,0,0,pge:16118
PSF-004094,Cerro Vigia,8.260660,-80.516100,1,2,2,2,1,1,1,1,pge:16119
PSF-004095,Mont-Soleil,47.158400,6.993900,0,0,1,2,2,1,0,0,pge:16120
PSF-004096,preis,49.521800,22.409900,0,0,0,0,0,0,0,0,pge:16121
PSF-004097,Ulriken,60.375600,5.384170,2,2,0,0,2,2,2,2,pge:16122
PSF-004098,Storhovd Aurland,60.909200,7.293610,0,0,0,0,0,2,2,2,pge:16123
PSF-004099,Nosi - Lofthus,60.318900,6.700560,0,0,0,0,2,2,2,1,pge:16124
PSF-004100,Byrkjeflot - Lofthus,60.327500,6.690280,1,0,0,0,0,2,2,1,pge:16125
PSF-004101,Novle - Røldal,59.842800,6.889720,1,0,0,0,1,2,2,2,pge:16126
PSF-004102,Lauvås - Røldal,59.814200,6.823060,0,0,0,0,0,2,2,1,pge:16127
PSF-004103,Reinstigen - Røldal,59.826400,6.752780,0,0,0,1,2,2,1,0,pge:16128
PSF-004104,Kjosås - Øystese,60.389700,6.174170,0,0,0,2,1,0,0,0,pge:16129
PSF-004105,Vollane,60.441700,5.321670,0,0,0,0,0,0,0,2,pge:16130
PSF-004106,Nipa,60.383600,5.487500,2,0,0,0,2,2,2,2,pge:16131
PSF-004107,Sletteggen,60.363600,5.507220,2,2,0,0,0,0,2,2,pge:16132
PSF-004108,Galda,46.185400,23.618500,2,2,2,2,2,2,2,2,pge:16133
PSF-004109,Pen Hill - Kirkvine,18.103100,-77.489000,0,0,1,1,2,2,1,0,pge:16134
PSF-004110,Gleninagh Mt. lower launch,53.133400,-9.222100,1,2,0,0,0,0,0,0,pge:16136
PSF-004111,Gastlosen,46.595000,7.282800,2,2,1,0,0,1,1,2,pge:16137
PSF-004112,Sandwich Harbour,-23.308600,14.499900,0,0,0,0,0,0,0,0,pge:16139
PSF-004113,One Gum,-29.764500,30.889600,0,0,0,0,0,0,0,0,pge:16142
PSF-004114,Pollina - Decollo basso/alto,38.014800,14.139300,2,2,0,0,0,0,0,0,pge:16143
PSF-004115,Killcare,-33.529100,151.359000,0,0,0,0,0,0,0,0,pge:16144
PSF-004116,Paposo,-25.021400,-70.457300,0,0,0,0,0,0,0,0,pge:16145
PSF-004117,El Chante,20.306700,-103.393000,0,0,0,0,0,0,0,0,pge:16149
PSF-004118,Marli,17.817200,73.833700,0,0,0,0,0,0,0,0,pge:16150
PSF-004119,Parker Mtn,48.243000,-117.659000,0,0,0,0,0,0,0,0,pge:16152
PSF-004120,Salasz,49.726100,20.470100,0,0,0,0,0,0,0,0,pge:16153
PSF-004121,MIRADOR DE SEGUENCO,43.323000,-5.112020,0,0,0,0,0,0,0,0,pge:16154
PSF-004122,Sapaqui,-16.940000,-67.954900,0,0,0,0,0,0,0,0,pge:16156
PSF-004123,The Antenas,-16.572200,-68.016800,0,0,0,0,0,0,0,0,pge:16157
PSF-004124,Zarkadia,41.025600,24.633800,0,0,0,0,0,0,0,0,pge:16158
PSF-004125,Butajira,8.092580,38.268100,0,0,0,0,0,0,0,0,pge:16160
PSF-004126,Dejen,10.146300,38.165500,0,0,0,0,0,0,0,0,pge:16161
PSF-004127,Debre Sina,9.844970,39.745800,0,0,0,0,0,0,0,0,pge:16162
PSF-004128,Dessie,11.123100,39.624100,0,0,0,0,0,0,0,0,pge:16163
PSF-004129,EHDEN,34.291800,35.985700,0,0,0,0,0,0,0,0,pge:16164
PSF-004130,Aeroporto Carlos Prates,-19.907600,-43.985500,0,0,0,0,0,0,0,0,pge:16166
PSF-004131,Mega Lakkos,38.161100,20.420200,0,0,0,0,0,0,0,0,pge:16167
PSF-004132,MIRADOR DEL FITO,43.442900,-5.199230,0,0,0,0,0,0,0,0,pge:16169
PSF-004133,Itapipoca,-3.483980,-39.544900,0,0,0,0,0,0,0,0,pge:16171
PSF-004134,Nova Lima,-20.100200,-43.853300,0,0,0,0,0,0,0,0,pge:16173
PSF-004135,Saint Clair,45.286000,4.670070,0,0,0,0,0,0,0,0,pge:16174
PSF-004136,Bloczek,53.212500,18.173600,0,0,1,1,0,0,0,0,pge:16176
PSF-004137,Henties Bay,-22.081300,14.243800,0,0,0,0,0,0,0,0,pge:16177
PSF-004138,Itaguara,-20.372000,-44.472400,0,0,0,0,0,0,0,0,pge:16180
PSF-004139,Kobylice,50.257800,15.555300,0,0,0,0,0,0,0,0,pge:16183
PSF-004140,1200,-22.888800,-70.247600,0,0,0,0,0,0,0,0,pge:16185
PSF-004141,tal hashhr,31.791900,34.898800,0,0,0,0,0,0,0,0,pge:16187
PSF-004142,Prarie Mountain,50.888200,-114.807000,0,0,0,0,1,2,1,0,pge:16189
PSF-004143,Rampa de Tanque d'Arca,-9.541230,-36.448600,0,0,0,0,0,0,0,0,pge:16196
PSF-004144,Schäferstuhl,52.028300,10.367700,0,0,0,0,1,2,1,0,pge:16199
PSF-004145,Cerro Argentino,-33.357400,22.055300,0,0,0,0,0,0,0,0,pge:16201
PSF-004146,Gramado,-29.377600,-50.858300,0,0,0,0,0,0,0,0,pge:16202
PSF-004147,Shumen,43.440900,26.073800,0,0,0,0,0,0,0,0,pge:16205
PSF-004148,Greenlandmountain,-34.129900,19.099300,0,0,0,0,0,0,0,0,pge:16207
PSF-004149,Lebrija-aeródromo,36.896800,-6.038330,0,0,0,0,0,0,0,0,pge:16210
PSF-004150,Haig Pit,54.541800,-3.602870,0,0,0,0,0,0,0,0,pge:16211
PSF-004151,geyran tepe,40.434300,36.051200,0,0,0,0,0,0,0,0,pge:16212
PSF-004152,Las Nieves-Pontevedra-Galicia,42.134700,-8.414520,0,0,0,0,0,0,0,0,pge:16215
PSF-004153,trikala,39.582000,21.772300,0,0,0,0,0,0,0,0,pge:16221
PSF-004154,Seaside Lixouri,38.196300,20.440400,0,0,0,0,0,0,0,0,pge:16222
PSF-004155,Ta Xua,21.262600,104.449000,0,0,0,0,0,0,0,0,pge:16223
PSF-004156,El Manzano,-33.581600,-70.379000,0,0,0,0,0,0,0,0,pge:16228
PSF-004157,Oubergpas Sutherland,-32.413300,20.353700,0,0,0,0,0,0,0,0,pge:16231
PSF-004158,Kalepa,22.021400,-159.350000,0,0,0,0,0,0,0,0,pge:16235
PSF-004159,Bekleme S,42.709700,24.717200,0,0,0,0,0,0,0,0,pge:16239
PSF-004160,Rampa do Alemão,-27.885700,-49.782600,0,0,0,0,0,0,0,0,pge:16240
PSF-004161,Tenerife - Taganana,28.558800,-16.230800,2,0,0,0,0,0,0,2,pge:16242
PSF-004162,Mogosa,47.659700,23.785400,0,0,0,0,0,0,0,0,pge:16243
PSF-004163,Chenevrier,46.424000,5.871880,0,0,0,0,0,0,0,0,pge:16244
PSF-004164,Boquira/BA-Serra das Torres,-12.825300,-42.747400,0,0,0,0,0,0,0,0,pge:16246
PSF-004165,Kirschberg Doebeln,51.135500,13.081900,0,0,0,0,0,0,0,0,pge:16248
PSF-004166,Stalida,35.275000,25.429300,2,0,0,0,0,0,0,1,pge:16249
PSF-004167,Tashlik tepe,39.364400,28.200000,0,0,0,1,1,1,0,0,pge:16250
PSF-004168,Niscemi,37.143200,14.380400,0,0,0,0,0,0,0,0,pge:16251
PSF-004169,uzunburun,40.328000,36.594800,0,0,0,0,0,0,0,0,pge:16252
PSF-004170,Wanne Pfullingen,48.447500,9.225600,0,0,0,0,0,0,0,0,pge:16255
PSF-004171,Gabrovnitsa Airport,43.541600,23.283100,0,0,0,0,0,0,0,0,pge:16256
PSF-004172,Volcan Villarrica,-39.418400,-71.940300,0,0,0,0,0,0,0,0,pge:16258
PSF-004173,Ranca (Relay),45.248100,23.701200,0,0,0,0,0,0,0,0,pge:16259
PSF-004174,Unislaw,53.215700,18.378100,0,0,0,0,0,0,1,1,pge:16260
PSF-004175,Founds Hollow,-29.298400,30.215600,0,0,0,0,0,0,0,0,pge:16262
PSF-004176,Hohenöllen Startplatz SW,49.623400,7.621020,0,0,0,0,0,0,0,0,pge:16263
PSF-004177,Baile Heculane (Colariu peak),44.859900,22.415700,0,0,0,0,0,0,0,0,pge:16264
PSF-004178,Porto Seguro,-16.529300,-39.080900,0,0,0,0,0,0,0,0,pge:16265
PSF-004179,Tokat -- kampüs,40.313300,36.452800,0,0,0,0,0,0,0,0,pge:16266
PSF-004180,Campo coy,37.948200,-1.916850,0,0,1,2,1,0,0,0,pge:16268
PSF-004181,Barranda,38.029700,-1.993580,2,1,0,0,0,0,0,1,pge:16269
PSF-004182,De Aar Renosterberg,-30.476100,23.991300,0,0,0,0,0,0,0,0,pge:16275
PSF-004183,Mihari,61.572300,23.319900,1,1,1,2,2,2,1,1,pge:16276
PSF-004184,Ailringen,49.382000,9.775320,0,0,0,0,0,0,0,0,pge:16277
PSF-004185,punta de mata,9.718980,-63.617900,0,0,0,0,0,0,0,0,pge:16278
PSF-004186,Czarna Góra,49.381700,20.121100,0,0,0,0,0,2,2,1,pge:16279
PSF-004187,Shongweni,-29.816600,30.760100,0,0,0,0,0,0,0,0,pge:16280
PSF-004188,Westward Ho! Lower Cliff,51.038600,-4.252280,0,0,0,0,0,0,0,0,pge:16281
PSF-004189,Aghia Kyriaki,38.103100,23.981100,0,0,0,0,0,0,0,0,pge:16282
PSF-004190,JONES KNOB,35.078600,-83.293700,0,0,0,0,0,0,0,0,pge:16285
PSF-004191,Cayuse,47.822600,-118.047000,0,0,0,0,0,0,0,0,pge:16286
PSF-004192,Osiek,51.351400,16.238900,0,0,0,0,0,0,0,0,pge:16288
PSF-004193,Polvoeira,39.717700,-8.049300,0,0,0,0,0,0,0,0,pge:16289
PSF-004194,Nerra da Nogueira,41.716800,-6.840170,0,0,0,0,0,0,0,0,pge:16290
PSF-004195,Tres Forquilhas,-29.527700,-50.037200,0,0,0,0,0,0,0,0,pge:16292
PSF-004196,Inowrocław,52.806700,18.290100,0,0,0,0,0,0,0,0,pge:16293
PSF-004197,Morsbach Hohe Hardt,50.861100,7.723370,0,0,0,0,0,0,0,0,pge:16295
PSF-004198,Proud Foot,-29.163500,30.244900,0,0,0,0,0,0,0,0,pge:16296
PSF-004199,PAN KANIAMOS,38.064600,23.683200,0,0,0,0,0,0,0,0,pge:16298
PSF-004200,Mud Vulcanoes,45.358200,26.694600,0,0,0,0,0,0,0,0,pge:16299
PSF-004201,Moacsa,45.878300,25.925600,0,0,0,2,2,1,0,0,pge:16300
PSF-004202,Zalan,45.957200,25.805900,0,0,0,0,0,0,0,0,pge:16301
PSF-004203,Tuna Canyon,34.056700,-118.608000,0,0,0,0,0,0,0,0,pge:16302
PSF-004204,Guthu,31.027100,78.161600,0,0,0,0,0,0,0,0,pge:16303
PSF-004205,lintorp,48.828100,9.192030,0,0,0,0,0,0,0,0,pge:16304
PSF-004206,Stonehenge (Closed),33.036700,-117.129000,0,0,0,0,0,1,1,0,pge:16305
PSF-004207,Vatsa,38.160800,20.378500,0,0,0,0,0,0,0,0,pge:16306
PSF-004208,Croaghanmoira,52.914500,-6.340270,0,0,0,0,0,0,0,0,pge:16307
PSF-004209,Schitu Topolnitei,44.763100,22.620700,0,0,0,0,0,0,0,0,pge:16308
PSF-004210,DTS-Poligon,44.684500,22.629500,0,0,0,0,0,0,0,0,pge:16309
PSF-004211,Arisdorf,47.506400,7.773550,0,0,0,0,0,0,0,0,pge:16310
PSF-004212,Pfeiffe,46.732300,7.327830,0,0,0,0,0,0,0,0,pge:16314
PSF-004213,Spelga,54.188700,-6.067080,0,0,0,0,0,0,0,0,pge:16315
PSF-004214,Abergele hill,53.285300,-3.625280,0,0,0,0,0,0,0,0,pge:16317
PSF-004215,Kalochori,40.638600,22.875900,0,0,0,0,0,0,0,0,pge:16318
PSF-004216,Rampa do Nardo,-28.246400,-49.052700,0,0,0,0,0,0,0,0,pge:16319
PSF-004217,Arta,39.143200,20.996400,0,0,0,0,0,0,0,0,pge:16320
PSF-004218,Lake Station,-41.760800,172.737000,0,0,0,0,0,0,0,0,pge:16322
PSF-004219,Woolshed Hill,-42.967700,171.776000,0,0,0,0,0,0,0,0,pge:16327
PSF-004220,Juseviciai,54.376800,23.254300,0,0,0,0,0,0,0,0,pge:16328
PSF-004221,Foz do Jacuipe,-12.653900,-38.069000,0,0,0,0,0,0,0,0,pge:16329
PSF-004222,ÎºÎ±Î²ÎµÎ»Î¬ÏÎ·Ï‚,37.982500,23.276100,0,0,0,0,0,0,0,0,pge:16330
PSF-004223,Auke Mountain,58.396600,-134.728000,0,0,0,0,0,0,0,0,pge:16331
PSF-004224,Linnich UL Schlepp,50.959600,6.327580,0,0,0,0,0,0,0,0,pge:16333
PSF-004225,Aberystwyth,52.348800,-4.118000,0,0,0,0,0,0,0,0,pge:16336
PSF-004226,Nea Kios,37.590400,22.771700,0,0,0,0,0,0,0,0,pge:16337
PSF-004227,Devils Gap,47.794400,-117.809000,0,0,0,0,0,0,0,0,pge:16339
PSF-004228,Visapur,18.724500,73.480400,0,0,0,0,0,0,0,2,pge:16340
PSF-004229,Slopovo,48.591600,19.842500,0,0,0,0,0,0,0,0,pge:16341
PSF-004230,Tooperang,-35.377600,138.705000,0,0,0,0,0,0,0,0,pge:16342
PSF-004231,Ancient Calydon,38.376600,21.525400,0,0,0,0,0,0,0,0,pge:16344
PSF-004232,Pajudar,31.038100,77.849000,0,0,0,0,0,0,0,0,pge:16345
PSF-004233,Lamagier's Nest,30.926700,78.253800,0,0,0,0,0,0,0,0,pge:16346
PSF-004234,Chopta,30.487600,79.206900,0,0,0,0,0,0,0,0,pge:16347
PSF-004235,Pallas,60.992800,25.636300,0,0,0,0,0,0,0,0,pge:16348
PSF-004236,Galgenberg Startplatz,49.501600,6.739900,0,0,0,0,0,0,0,0,pge:16349
PSF-004237,lintorp,56.151100,9.487950,0,0,0,0,0,0,0,0,pge:16350
PSF-004238,Wypalone Wrzosowiska,54.703200,-7.255430,0,0,0,0,0,0,0,0,pge:16352
PSF-004239,Congonha,-28.522200,-48.984200,0,0,0,0,0,0,0,0,pge:16353
PSF-004240,Baba Gundi,36.817100,74.299900,0,0,0,0,0,0,0,0,pge:16354
PSF-004241,Behind Tupopdan,36.543300,74.980800,0,0,0,0,0,0,0,0,pge:16355
PSF-004242,Above Faizabad,36.330900,74.725100,0,0,0,0,0,0,0,0,pge:16356
PSF-004243,Mount Gilboa,-29.294800,30.297200,0,0,0,0,0,0,0,0,pge:16357
PSF-004244,Mayobridge,54.522500,-5.514770,0,0,0,0,0,0,0,0,pge:16358
PSF-004245,Replyana,43.521900,22.750200,0,0,0,0,0,0,0,0,pge:16359
PSF-004246,White Mountain,55.203500,-6.098630,0,0,0,0,0,0,0,0,pge:16360
PSF-004247,Oleśnica,51.217900,17.443200,1,2,2,1,1,2,2,1,pge:16361
PSF-004248,slieve Gullion,54.129700,-6.441980,0,0,0,2,0,2,2,0,pge:16363
PSF-004249,Masenberg,47.344200,15.883200,0,0,0,0,0,0,0,0,pge:16364
PSF-004250,Boomer Ridge,35.653900,-117.929000,0,0,0,0,0,0,0,0,pge:16366
PSF-004251,Kankeshwar,18.734500,72.909700,0,0,0,0,0,0,0,0,pge:16367
PSF-004252,Black Combe,54.263800,-3.355180,0,0,0,0,0,0,0,0,pge:16370
PSF-004253,Grenada,55.952900,92.851800,0,0,0,0,0,0,0,0,pge:16371
PSF-004254,E Spangle tow,47.441700,-117.353000,0,0,0,0,0,0,0,0,pge:16372
PSF-004255,Lurigethan,55.059200,-6.092470,0,0,0,0,0,0,0,0,pge:16373
PSF-004256,Ai-Giorgis,40.864900,26.044600,0,0,0,0,2,2,2,0,pge:16374
PSF-004257,Beach of  Sangano,-9.545120,13.202700,0,0,0,0,0,0,0,0,pge:16375
PSF-004258,Oινοη,38.202000,23.429500,0,0,0,1,2,1,0,0,pge:16376
PSF-004259,Monte Mauro,44.235200,11.699800,0,0,0,0,0,0,0,0,pge:16379
PSF-004260,KARLIK TEPESi,40.959900,39.677700,0,0,0,0,0,0,0,0,pge:16380
PSF-004261,Igman,43.800700,18.283800,0,0,0,0,0,0,0,0,pge:16382
PSF-004262,Guatire El Ingenio,10.512200,-66.552700,0,0,0,0,0,0,0,0,pge:16384
PSF-004263,Livadi,38.255400,20.429200,0,0,0,0,0,0,0,0,pge:16388
PSF-004264,Grimnafell,64.170600,-21.573700,0,0,0,0,0,0,0,0,pge:16389
PSF-004265,Mrkovici,43.902300,18.429900,0,0,0,0,0,0,0,0,pge:16390
PSF-004266,Winter Prairy,31.169200,77.949300,0,0,0,0,0,0,0,0,pge:16392
PSF-004267,Ojigatake/ Ojigadake,34.461400,133.881000,0,0,0,0,2,2,0,0,pge:16394
PSF-004268,Niksar-Dönekse,40.534400,36.869600,0,0,0,0,0,0,0,0,pge:16396
PSF-004269,Turan,52.171600,93.889100,0,0,0,0,0,0,0,0,pge:16397
PSF-004270,Ciolpani Aerodrome,44.715000,26.092800,0,0,0,0,0,0,0,0,pge:16398
PSF-004271,Биджа.ю-з,53.993900,90.986200,0,0,0,0,0,0,0,0,pge:16403
PSF-004272,Swiebodzin,52.248200,15.572800,0,0,0,0,0,0,0,0,pge:16404
PSF-004273,Gelnhausen,50.198900,9.168000,0,0,0,0,0,0,0,0,pge:16406
PSF-004274,"KapÄ±cak, Atabey, Isparta",37.960400,30.679200,0,0,0,0,0,0,0,0,pge:16407
PSF-004275,Termiksi,39.980900,29.167200,0,0,0,0,0,0,0,0,pge:16409
PSF-004276,Askarovo,53.252400,58.517300,0,0,0,0,0,0,0,0,pge:16411
PSF-004277,Branstad,55.673100,13.726400,0,0,0,0,0,0,0,0,pge:16412
PSF-004278,El Carche,38.424400,-1.161520,0,0,0,0,0,0,0,0,pge:16413
PSF-004279,Mirante Delta,-4.581470,-40.808100,0,0,0,0,0,0,0,0,pge:16414
PSF-004280,Flattsberget,60.835700,11.839800,0,0,0,0,0,0,0,0,pge:16418
PSF-004281,hanstholm,56.551300,8.326320,0,0,0,0,0,0,0,0,pge:16419
PSF-004282,Tokat - Dereyaka tepesi,40.278400,36.497600,0,0,0,0,0,0,0,0,pge:16420
PSF-004283,Khao morn,12.690700,100.919000,0,0,0,0,0,0,0,0,pge:16421
PSF-004284,Jondaryan Tow Sight,-27.463000,151.592000,0,0,0,0,0,0,0,0,pge:16422
PSF-004285,Krausberg Startplatz,50.528600,7.052870,0,0,0,0,0,0,0,0,pge:16423
PSF-004286,Hercegovacka gudura,42.725400,18.294400,0,0,0,0,0,0,0,0,pge:16424
PSF-004287,Pujili,-0.965017,-78.725600,0,0,0,0,0,0,0,0,pge:16425
PSF-004288,"Nesna, Middagstuva",66.201400,13.066900,1,0,0,0,0,0,1,2,pge:16428
PSF-004289,Ormond Beach Municipal Airport,29.303900,-81.110700,0,0,0,0,0,0,0,0,pge:16429
PSF-004290,MALEME,35.530300,23.838000,2,2,0,0,0,0,0,2,pge:16433
PSF-004291,Ä°skenderun BitiÅŸik YaylasÄ±,36.623300,36.283800,0,0,0,0,0,0,0,0,pge:16434
PSF-004292,Wershofen/Eifel (EDRV),50.452200,6.784970,0,0,0,0,0,0,0,0,pge:16435
PSF-004293,Mirnock,46.763400,13.702700,0,0,0,0,0,0,0,0,pge:16436
PSF-004294,Учум,55.110200,89.732600,0,0,0,0,0,0,0,0,pge:16438
PSF-004295,Denaly HWY,63.086700,-146.681000,0,0,0,0,0,0,0,0,pge:16442
PSF-004296,Tokio,47.342400,-118.379000,0,0,0,0,0,0,0,0,pge:16444
PSF-004297,Yoroz,41.095100,39.435200,0,0,0,0,0,0,0,0,pge:16445
PSF-004298,Zamostje (Vira),59.355400,29.921600,0,0,0,0,0,0,0,0,pge:16447
PSF-004299,Niederwald Memorial,49.981500,7.901930,0,0,0,0,0,0,0,0,pge:16448
PSF-004300,Bründlealm,47.239500,13.006300,0,0,0,0,0,0,0,0,pge:16450
PSF-004301,Warren Cottage,50.301600,-4.060380,0,0,0,0,0,0,0,0,pge:16451
PSF-004302,Tiquipaya,-17.291200,-66.211700,0,0,0,0,0,0,0,0,pge:16453
PSF-004303,Oguzlar,40.768300,34.711500,0,0,0,0,0,0,0,0,pge:16457
PSF-004304,Anarchist (Osoyoos),49.045800,-119.403000,0,0,0,0,0,2,0,0,pge:16458
PSF-004305,arxipelagos,37.065800,25.113300,0,0,0,0,0,0,0,0,pge:16459
PSF-004306,Ancahuasi,-13.432600,-72.324300,0,0,0,0,0,0,0,0,pge:16461
PSF-004307,Bandırma,40.358600,27.945400,0,0,0,0,0,0,0,0,pge:16463
PSF-004308,Feringe,56.949200,13.921000,0,0,0,0,0,0,0,0,pge:16465
PSF-004309,Brandstadkampen,61.511200,10.190800,0,0,0,0,0,0,0,0,pge:16468
PSF-004310,Bulbuley (Gangtok),27.368200,88.627100,0,0,0,0,0,0,0,0,pge:16470
PSF-004311,Motovun,45.336700,13.827900,0,0,0,0,0,1,2,1,pge:16475
PSF-004312,Roche Champion,46.589500,6.123800,0,0,0,0,0,0,0,2,pge:16481
PSF-004313,Onferno,43.865700,12.550200,1,0,0,0,0,0,1,2,pge:16482
PSF-004314,Serebryakovo,56.188600,93.264900,0,0,0,0,0,0,0,0,pge:16484
PSF-004315,Clinton,-34.151200,138.064000,0,0,0,0,0,0,0,0,pge:16485
PSF-004316,Chimps Pioneered,50.806400,-121.230000,0,0,0,0,0,0,0,0,pge:16487
PSF-004317,Iron Mount,54.118500,-7.924320,0,0,0,0,0,0,0,0,pge:16490
PSF-004318,Ballinglen,52.823800,-6.451970,0,0,0,0,0,0,0,0,pge:16491
PSF-004319,kılıç tepe,39.699500,30.879400,0,0,0,0,0,0,0,0,pge:16493
PSF-004320,Termas de Puritama,-22.685900,-67.987700,0,0,0,0,0,0,0,0,pge:16494
PSF-004321,Camrose,53.806500,-112.369000,0,0,0,0,0,0,0,0,pge:16497
PSF-004322,sierra de mojantes,38.008200,-2.083380,0,0,0,2,1,0,0,0,pge:16498
PSF-004323,Eagle's Nest - West,36.331400,74.604700,0,0,0,0,0,0,0,0,pge:16499
PSF-004324,Norsi,42.764100,10.339000,0,0,0,0,0,0,0,0,pge:16500
PSF-004325,Cervin,42.441500,0.406517,0,0,0,0,0,0,0,0,pge:16501
PSF-004326,Castejon de Sos,42.559300,0.432917,0,0,0,0,0,0,0,0,pge:16502
PSF-004327,Private Property,34.439300,-118.903000,0,0,0,0,0,0,0,0,pge:16504
PSF-004328,Vortex: SW-W,42.728400,24.354900,0,0,0,0,0,0,0,0,pge:16505
PSF-004329,Rolf's Ridge,65.383300,-21.963500,0,0,0,0,0,0,0,0,pge:16506
PSF-004330,Skard,65.253100,-22.352100,0,0,0,0,0,0,0,0,pge:16507
PSF-004331,Herby's Little Rock,65.204500,-22.496800,0,0,0,0,0,0,0,0,pge:16508
PSF-004332,humbleton hill,55.548700,-2.050520,0,0,0,0,0,0,0,0,pge:16511
PSF-004333,Lacknerkogel,47.326600,13.422200,0,0,2,1,0,1,2,0,pge:16513
PSF-004334,Dienten am Hochkönig,47.391100,12.992500,0,0,1,2,2,0,0,0,pge:16514
PSF-004335,Hayward Street,-35.541900,138.636000,0,0,0,2,2,0,0,0,pge:16515
PSF-004336,Husavikurfjall,66.044900,-17.304000,0,0,0,0,0,0,0,0,pge:16517
PSF-004337,Segelflugplatz Heiligenberg,47.838800,9.298880,0,0,0,0,0,0,0,0,pge:16518
PSF-004338,Damalgan,36.276600,73.371800,0,0,0,0,0,0,0,0,pge:16523
PSF-004339,Ishkomen East,36.361500,73.884500,0,0,0,0,0,0,0,0,pge:16524
PSF-004340,Burfell,64.079500,-19.815600,0,0,0,0,0,0,0,0,pge:16525
PSF-004341,Karaca DaÄŸ,37.766400,33.759500,0,0,0,0,0,0,0,0,pge:16526
PSF-004342,St Bees,54.488600,-3.602380,0,0,0,0,0,0,0,0,pge:16527
PSF-004343,gavdos,34.861700,24.087900,2,2,2,2,0,2,2,2,pge:16528
PSF-004344,Hasenhorn,47.821100,7.950800,0,0,0,0,0,0,0,0,pge:16529
PSF-004345,Pressure Point,-30.249000,30.671200,0,0,0,0,0,0,0,0,pge:16530
PSF-004346,Vineyard,47.767400,8.969180,0,0,0,0,0,0,0,0,pge:16532
PSF-004347,Varciorog,46.985200,22.271500,0,0,0,0,0,0,0,0,pge:16534
PSF-004348,Listvennaya N-E start,54.772300,90.725600,0,0,0,0,0,0,0,0,pge:16535
PSF-004349,Helidon,-27.551800,152.112000,0,0,0,0,0,0,0,0,pge:16536
PSF-004350,Isortoq,60.983700,-47.524200,0,0,0,0,0,0,0,0,pge:16539
PSF-004351,Chipoton,14.648500,-90.770100,0,0,0,0,0,0,0,0,pge:16540
PSF-004352,Kaldakinn,65.820800,-17.576500,0,0,0,0,0,0,0,0,pge:16542
PSF-004353,BASSE-HAM,49.383100,6.208600,0,0,0,0,0,0,0,0,pge:16544
PSF-004354,Grotto Bay,-33.507900,18.313800,0,0,0,0,0,0,0,0,pge:16545
PSF-004355,Dennegeur Farm,-30.987000,25.634100,0,0,0,0,0,0,0,0,pge:16547
PSF-004356,Yzerfontein,-33.338500,18.159600,0,0,0,0,0,0,0,0,pge:16548
PSF-004357,Kartepe,40.661000,30.082600,0,0,0,0,0,0,0,0,pge:16549
PSF-004358,San Andres Itzapa,14.602900,-90.842400,0,0,0,0,0,0,0,0,pge:16550
PSF-004359,Ucan_Sef Sinop Kumkapı Takeoff,42.023700,35.129000,0,0,0,0,0,0,0,0,pge:16554
PSF-004360,Baldone,56.738100,24.356500,0,0,0,0,0,0,0,0,pge:16556
PSF-004361,Cosmos,44.988000,-94.798400,2,2,2,2,2,2,2,2,pge:16557
PSF-004362,Sumino,59.505000,29.412400,1,2,2,2,1,2,2,2,pge:16558
PSF-004363,The Spit,-27.939100,153.424000,0,0,0,0,0,0,0,0,pge:16559
PSF-004364,Hohensolms,50.654100,8.522050,0,0,0,0,0,0,0,0,pge:16560
PSF-004365,Dunany,53.857000,-6.244220,0,0,0,2,0,0,0,0,pge:16561
PSF-004366,Ã‡al,40.499100,37.307000,0,0,0,0,0,0,0,0,pge:16562
PSF-004367,millerton,-41.647200,171.850000,0,0,0,0,0,0,0,0,pge:16564
PSF-004368,Foresthill Bridge,38.921300,-121.031000,0,0,0,0,0,0,0,0,pge:16569
PSF-004369,Tash Tepe,42.209300,22.502100,0,0,0,0,0,0,0,0,pge:16571
PSF-004370,Riemvasmaak,-28.497900,20.223000,0,0,0,0,0,0,0,0,pge:16574
PSF-004371,Panachaiko Wind Generators,38.219500,21.871600,0,0,0,0,0,0,0,0,pge:16576
PSF-004372,Gieret Klint,56.514000,10.863900,0,0,0,0,0,0,0,0,pge:16577
PSF-004373,Isgard,56.166100,10.382900,0,0,0,0,0,0,0,0,pge:16579
PSF-004374,Argostoli (marine),38.179200,20.498400,0,0,0,0,0,0,0,0,pge:16580
PSF-004375,Ishkomen West,36.327100,73.784700,0,0,0,0,0,0,0,0,pge:16581
PSF-004376,Shandur Pass,36.101600,72.545900,0,0,0,0,0,0,0,0,pge:16582
PSF-004377,Rodavgi,39.337400,20.994000,0,0,0,0,0,0,0,0,pge:16583
PSF-004378,Løyning - Seljestad,59.917300,6.626030,0,0,0,1,2,2,1,0,pge:16586
PSF-004379,Georgiani,40.960700,24.134200,0,0,0,0,0,0,0,0,pge:16588
PSF-004380,Dickey's Ridge,38.853700,-78.206600,0,0,0,0,0,2,2,0,pge:16590
PSF-004381,Chalt,36.298300,74.266000,0,0,0,0,0,0,0,0,pge:16591
PSF-004382,RBHS School,-25.934400,27.930300,0,0,0,0,0,0,0,0,pge:16592
PSF-004383,Krik Vig,56.713300,8.322780,0,0,0,0,0,0,0,0,pge:16593
PSF-004384,Bunji summer village,35.677500,74.718900,0,0,0,0,0,0,0,0,pge:16594
PSF-004385,McHugh Peak,61.041800,-149.669000,0,0,0,0,0,0,0,0,pge:16595
PSF-004386,Miteyka,58.201800,57.126600,0,0,0,0,0,2,0,0,pge:16598
PSF-004387,Kinugasa,34.680400,137.239000,0,0,0,0,0,0,0,0,pge:16599
PSF-004388,Blackstair Mountains,52.547200,-6.816930,0,0,0,0,0,0,0,0,pge:16601
PSF-004389,Val Secca,46.546100,12.926200,0,0,0,0,0,0,0,0,pge:16603
PSF-004390,Obora,51.430900,16.105900,0,0,0,0,0,0,0,0,pge:16604
PSF-004391,Ningbou New Site,29.383000,121.662000,0,0,0,0,0,0,0,0,pge:16605
PSF-004392,Nunarsuit- paramotor bay,60.823300,-47.990100,0,0,0,0,0,0,0,0,pge:16607
PSF-004393,Vesivehmä airfield,61.145100,25.699000,0,0,0,0,0,0,0,0,pge:16608
PSF-004394,Stoney Creek Airport,43.168700,-79.709500,0,0,0,0,0,0,0,0,pge:16610
PSF-004395,Petersburg Pass,42.724700,-73.276800,1,0,0,0,0,0,1,2,pge:16612
PSF-004396,Phandur Lake South,36.156900,72.955100,0,0,0,0,0,0,0,0,pge:16614
PSF-004397,Bicester Gliding Centre (Windrushers),51.924900,-1.138320,0,0,0,0,0,0,0,0,pge:16615
PSF-004398,Schuttannen,47.374300,9.750600,0,0,0,0,0,0,0,0,pge:16616
PSF-004399,Dali,35.013100,33.430200,0,0,0,0,0,0,0,0,pge:16617
PSF-004400,"Paradise Hill, Cankiri",40.957000,33.386500,0,0,0,0,0,0,0,0,pge:16618
PSF-004401,The Wrekin,52.669200,-2.551480,0,0,0,2,0,0,0,2,pge:16622
PSF-004402,Larslanda,56.969600,12.378300,0,0,0,0,0,0,0,0,pge:16626
PSF-004403,Papusa Top,45.324200,23.685500,0,0,0,0,0,0,0,0,pge:16627
PSF-004404,Ano Tiros,37.245300,22.836100,0,0,0,0,0,0,0,0,pge:16632
PSF-004405,Figo,39.050300,-9.234900,0,0,0,0,0,0,0,0,pge:16634
PSF-004406,Alto Caparaó,-20.481500,-41.858100,0,0,0,0,0,0,0,0,pge:16635
PSF-004407,Atenor,41.413300,-6.465780,0,0,0,0,0,0,0,0,pge:16636
PSF-004408,Colli di San Fermo (Casazza),45.742500,9.950000,0,0,0,0,0,2,0,0,pge:16637
PSF-004409,Tarouca,41.011100,-7.807550,0,2,1,0,0,0,0,0,pge:16638
PSF-004410,Pico das Águias,-19.182500,-41.842400,0,0,0,0,0,0,0,0,pge:16639
PSF-004411,Mönichwald,47.485800,15.881400,0,0,0,0,0,0,0,0,pge:16642
PSF-004412,Flat Top,-42.038000,172.545000,0,0,0,0,0,0,0,0,pge:16643
PSF-004413,Seeleiten,47.971700,13.527500,0,0,0,0,0,0,0,0,pge:16646
PSF-004414,Torra Bay,-20.327100,13.288600,0,0,0,0,0,0,0,0,pge:16647
PSF-004415,Flugplatz Segeletz,52.923100,12.428400,0,0,0,0,0,0,0,0,pge:16648
PSF-004416,Flugplatz Segeletz,52.819900,12.739000,0,0,0,0,0,0,0,0,pge:16649
PSF-004417,Tierra Negra,8.480370,-71.313500,0,0,0,0,0,0,0,0,pge:16652
PSF-004418,Büllsport 1,-24.150400,16.346200,0,0,0,0,0,0,0,0,pge:16653
PSF-004419,Habicht,47.039900,11.286500,0,0,0,0,0,0,0,0,pge:16656
PSF-004420,Agia  Triada,38.488900,22.319500,0,0,0,0,0,0,0,0,pge:16658
PSF-004421,Cerro del Aguila,39.993700,-3.900770,0,1,2,0,0,1,2,0,pge:16660
PSF-004422,Flugplatz Alsfeld,50.905400,9.353220,0,0,0,0,0,0,0,0,pge:16662
PSF-004423,Besiny,49.300200,13.298600,0,0,0,0,0,0,0,0,pge:16663
PSF-004424,King Eddy Baldy,50.203400,-119.154000,0,0,0,0,0,0,0,0,pge:16664
PSF-004425,Hovs Hallar,56.464100,12.697900,0,0,0,0,0,0,0,0,pge:16665
PSF-004426,Caldeirão,-28.410200,-49.072100,0,0,0,0,0,0,0,0,pge:16676
PSF-004427,Suhescun,43.254400,-1.178530,0,0,0,0,0,0,0,0,pge:16681
PSF-004428,Blackstrap Ridge / Saskatoon Ridge,51.773800,-106.452000,1,0,0,0,0,0,2,2,pge:16685
PSF-004429,Bank Hill,56.173900,-3.684800,0,0,0,2,2,1,0,0,pge:16687
PSF-004430,Saint Jean de Beugné,46.516000,-1.085300,1,0,1,2,1,0,1,2,pge:16688
PSF-004431,Pila - Plan Praz,45.699200,7.311100,1,1,2,1,1,1,0,1,pge:16691
PSF-004432,Pila - Chamole (Aosta),45.674600,7.324500,0,1,2,1,1,1,1,0,pge:16692
PSF-004433,La Grana Martos,37.722200,-3.926300,2,0,0,0,0,0,2,2,pge:16693
PSF-004434,Oberhaslach (pente ecole),48.558400,7.337500,0,0,1,2,0,0,0,0,pge:16694
PSF-004435,Grassendorf (pente ecole),48.806200,7.606260,0,0,0,0,0,0,2,1,pge:16695
PSF-004436,Shannakeela Mt.,53.472900,-9.618600,0,0,0,1,2,2,0,0,pge:16697
PSF-004437,Redeemed Siner,53.474200,-9.606700,0,0,0,1,2,2,0,0,pge:16698
PSF-004438,parvati,32.038000,77.369800,0,0,0,1,1,2,1,0,pge:16699
PSF-004439,Rampa da Usina-Ervalia,-20.912200,-42.653300,0,0,0,0,0,0,0,0,pge:16701
PSF-004440,Villonaco,-4.002200,-79.257000,0,1,2,1,0,0,0,0,pge:16702
PSF-004441,Macará,-4.338200,-79.907900,0,0,0,2,2,2,0,0,pge:16703
PSF-004442,Tour de Capigliolo,42.065600,8.723100,0,0,0,0,0,0,2,1,pge:16704
PSF-004443,Pindal,-4.104600,-80.101800,0,0,0,0,0,2,2,2,pge:16705
PSF-004444,Puy de Paillaret,45.508300,2.825500,0,0,0,1,2,2,2,0,pge:16706
PSF-004445,Blahodatnoe,47.896100,38.522200,2,0,0,1,2,1,0,1,pge:16707
PSF-004446,Kone,20.052500,73.530400,2,0,2,2,2,0,2,2,pge:16708
PSF-004447,Sladkoe,47.789600,37.413900,0,1,2,1,0,1,2,1,pge:16709
PSF-004448,Mospine,47.906800,38.053900,0,0,2,0,0,0,2,0,pge:16710
PSF-004449,Alcaudete-Caracolera,37.620900,-4.013000,2,2,0,0,0,0,0,1,pge:16711
PSF-004450,Mt Ripinski,59.264700,-135.516000,1,1,2,2,2,2,1,1,pge:16712
PSF-004451,Alcaudete-Ahillos-W,37.598800,-4.044800,0,0,0,0,0,2,2,1,pge:16713
PSF-004452,Medanoso Dune,-27.131100,-70.152500,0,0,0,0,0,2,0,0,pge:16716
PSF-004453,ferme st marie,46.084600,4.608600,0,0,1,2,1,0,0,0,pge:16718
PSF-004454,Croix de saburin,46.104200,4.623510,0,0,2,1,0,0,0,0,pge:16719
PSF-004455,Col des Frêtes,45.856400,6.246720,0,0,0,0,0,2,0,0,pge:16722
PSF-004456,Parang,45.389300,23.458900,1,0,0,0,1,2,2,2,pge:16723
PSF-004457,Parangul Mic,45.388600,23.490400,1,1,0,0,1,2,2,2,pge:16725
PSF-004458,Cavillore,43.729100,6.975280,0,0,0,1,2,1,0,0,pge:16728
PSF-004459,Nares Mountain,60.166600,-134.607000,0,0,0,0,0,0,0,0,pge:16730
PSF-004460,Mount Mac,60.622400,-135.144000,2,1,0,0,0,0,0,1,pge:16731
PSF-004461,Camping Ste Veronique,46.509700,-74.983400,0,0,0,0,0,0,2,0,pge:16734
PSF-004462,Mont-Blanc,46.100700,-74.491700,2,1,0,0,0,0,0,1,pge:16735
PSF-004463,Taupo Urban,-38.691800,176.073000,0,0,0,0,0,2,0,0,pge:16737
PSF-004464,Whakaipo Bay,-38.683700,175.966000,0,0,0,0,0,2,0,0,pge:16740
PSF-004465,Catamayo 1,-3.978890,-79.412400,0,0,2,0,0,0,0,0,pge:16742
PSF-004466,Zliechov,48.937800,18.447700,0,0,0,0,0,0,0,0,pge:16743
PSF-004467,Nadahini,59.694300,-136.630000,0,0,1,1,2,1,0,0,pge:16744
PSF-004468,Chernomorec,43.123000,27.928000,0,0,2,2,0,0,0,0,pge:16745
PSF-004469,Hunag Di,22.941500,120.548000,2,2,1,0,0,1,2,2,pge:16747
PSF-004470,Lednica,49.108200,18.227900,0,0,0,0,2,2,0,0,pge:16748
PSF-004471,Frenciugi,46.883500,27.497900,0,0,0,0,0,0,0,2,pge:16749
PSF-004472,Movila lui Burcel,46.845000,27.806800,0,0,0,0,0,2,1,0,pge:16750
PSF-004473,lion  mtn,22.980400,120.572000,0,0,0,0,2,2,2,2,pge:16751
PSF-004474,lion north,22.981900,120.575000,2,2,2,1,0,0,0,2,pge:16752
PSF-004475,Ptukh,37.009100,73.368400,0,0,1,2,1,1,0,0,pge:16753
PSF-004476,Iriki,31.812800,130.449000,0,0,0,0,0,1,2,1,pge:16756
PSF-004477,Teston Rd Vaughan,43.876300,-79.512300,0,0,0,0,0,1,2,0,pge:16757
PSF-004478,Caseppa,45.119100,7.913000,0,2,2,2,0,0,0,0,pge:16758
PSF-004479,Rivalba,45.118200,7.892200,0,0,0,1,2,1,0,0,pge:16759
PSF-004480,Colliano,40.700500,15.326400,0,0,0,1,2,1,0,0,pge:16760
PSF-004481,Oeillon Sud,45.388600,4.604300,0,0,0,1,2,1,0,0,pge:16761
PSF-004482,Prato Fiorito,44.054100,10.619900,0,0,0,1,2,2,1,0,pge:16764
PSF-004483,Gemmingen,49.144000,8.990200,0,0,0,0,0,0,0,0,pge:16765
PSF-004484,Winnebachsee,47.085800,11.070400,0,0,0,0,0,0,0,0,pge:16766
PSF-004485,Vila Oliva,-29.156100,-50.929900,0,0,0,0,0,0,0,0,pge:16767
PSF-004486,Esja,64.263700,-21.821300,0,0,0,0,0,0,0,0,pge:16768
PSF-004487,Ümit Tepesi,37.485100,36.867200,0,0,0,0,0,0,0,0,pge:16769
PSF-004488,Bai Nha - Ngoc Son,20.442000,105.384000,0,0,0,0,0,0,0,0,pge:16770
PSF-004489,Kaiskorb,51.026100,6.473080,0,0,0,0,0,0,0,0,pge:16773
PSF-004490,Russell County Airport,37.003100,-85.102600,0,0,0,0,0,0,0,0,pge:16775
PSF-004491,Dürnsricht,49.400000,11.812000,0,0,0,0,0,0,0,0,pge:16780
PSF-004492,Sile kumbaba,41.176500,29.546300,2,2,1,0,0,0,0,2,pge:16782
PSF-004493,Steinbach Staustufe,49.993000,9.577170,0,0,0,0,0,0,0,0,pge:16783
PSF-004494,Sky Shishiku,36.446300,136.647000,0,0,0,0,0,0,2,0,pge:16787
PSF-004495,Pic de Fourneuby,43.826500,6.892000,0,0,0,0,0,0,0,0,pge:16789
PSF-004496,Chincha,-13.331600,-76.236400,0,0,0,0,0,0,0,0,pge:16792
PSF-004497,Bananier,16.003600,-61.609100,0,0,0,0,0,0,0,0,pge:16793
PSF-004498,Motorgleitschirm Bönstadt,50.285500,8.869190,0,0,0,0,0,0,0,0,pge:16794
PSF-004499,THE RESQUILONES,43.397900,-4.831030,0,0,0,0,0,0,0,0,pge:16795
PSF-004500,Lafayette Regional Airport,36.514500,-86.058400,0,0,0,0,0,0,0,0,pge:16799
PSF-004501,spur above Bunji Jah,35.655900,74.690300,0,0,0,0,0,0,0,0,pge:16810
PSF-004502,Coll de la Creueta,42.296200,1.989100,0,0,0,0,0,0,0,0,pge:16811
PSF-004503,The Rock (Closed),32.872400,-116.754000,0,0,0,0,0,0,1,0,pge:16812
PSF-004504,Chełmsko Śląskie - Góra Róg,50.668900,16.101600,0,0,0,0,0,1,1,0,pge:16815
PSF-004505,Røsnæs - Golfbanen,55.717000,11.002400,0,0,0,0,0,2,0,0,pge:16816
PSF-004506,Hundested - Fyret,55.975500,11.854400,0,0,0,0,0,0,1,2,pge:16817
PSF-004507,The Cayu,43.322600,-5.336500,0,0,0,0,0,0,0,0,pge:16822
PSF-004508,Keiservarden,67.317300,14.485300,0,0,0,0,0,0,0,0,pge:16824
PSF-004509,Saana Mountain,69.045400,20.831700,0,0,0,0,0,0,0,0,pge:16826
PSF-004510,Alpenrod,50.638600,7.878800,0,0,0,0,0,0,0,0,pge:16827
PSF-004511,A Marufa,43.780000,-7.669550,1,2,0,0,0,0,0,0,pge:16829
PSF-004512,Black Bear Ridge,58.254400,-134.508000,0,0,0,1,2,2,2,1,pge:16830
PSF-004513,LA PANDERA,37.630600,-3.777500,0,0,0,0,0,0,0,0,pge:16831
PSF-004514,Denizli �?ameli Yaylacik Mountain,36.983000,29.316300,0,0,1,1,2,1,1,0,pge:16832
PSF-004515,Stary Lubin,51.385400,16.179800,0,0,0,0,0,0,0,0,pge:16834
PSF-004516,Airfield Nannhausen,49.969000,7.475900,0,0,0,0,0,0,0,0,pge:16835
PSF-004517,Irakli,42.742600,27.890200,0,1,2,0,0,0,0,0,pge:16836
PSF-004518,San Pablo,6.601720,-75.259200,0,0,0,0,0,0,0,0,pge:16837
PSF-004519,Potamos,40.381000,22.924800,0,0,0,0,0,0,0,0,pge:16838
PSF-004520,Balatli,39.357300,28.100700,1,1,0,0,0,0,0,1,pge:16839
PSF-004521,Lucas Launch,42.522200,-118.555000,0,0,0,0,0,0,0,0,pge:16848
PSF-004522,Asvestochori water tower kozi,40.632700,23.019000,0,0,0,0,0,0,0,0,pge:16849
PSF-004523,"Kurumcu Dagi, Camlidere Ankara",40.345800,32.385700,0,0,0,0,0,0,0,0,pge:16850
PSF-004524,Airfield N.Vrasna,40.680900,23.693000,0,0,0,0,0,0,0,0,pge:16851
PSF-004525,Monte Blum - Clusone,45.910600,9.979700,0,0,0,1,2,1,0,0,pge:16856
PSF-004526,Rebro,48.619200,20.773200,0,0,0,2,2,2,0,0,pge:16857
PSF-004527,Haj,48.629900,20.868100,0,0,0,2,2,1,0,0,pge:16858
PSF-004528,Kapusansky Hrad,49.054600,21.313500,0,0,0,0,0,0,0,0,pge:16859
PSF-004529,Hinterer Seelenkogel,46.808200,11.039600,0,0,0,0,0,0,0,0,pge:16860
PSF-004530,Alpe Cermis,46.243600,11.502400,0,0,0,0,0,0,0,0,pge:16862
PSF-004531,Lib,43.649800,17.311000,0,0,0,0,0,0,0,0,pge:16864
PSF-004532,casas de Millan,39.821800,-6.346280,0,0,0,0,0,0,0,0,pge:16866
PSF-004533,San Michele,37.249100,14.415600,0,0,0,0,0,0,0,0,pge:16867
PSF-004534,Jacobs Well,-27.774000,153.328000,0,0,0,0,0,0,0,0,pge:16868
PSF-004535,Eaglehawk Neck,-43.022300,147.925000,0,0,0,0,0,0,0,0,pge:16870
PSF-004536,"Peanut Launch, De Beque",39.408800,-108.159000,0,0,0,0,2,2,2,0,pge:16873
PSF-004537,Büllingen,50.416500,6.273280,0,0,0,0,0,0,0,0,pge:16874
PSF-004538,Nine Mile,35.850600,-117.972000,0,0,0,0,0,0,0,0,pge:16876
PSF-004539,St Catherines,50.598800,-1.305150,0,0,0,0,0,0,0,0,pge:16878
PSF-004540,sokarail,36.636600,23.012200,0,0,0,0,0,0,0,0,pge:16882
PSF-004541,masada,31.337000,35.387500,0,0,0,0,0,0,0,0,pge:16883
PSF-004542,Wadi Nahal Perazim,31.138800,35.368000,0,0,0,0,0,0,0,0,pge:16884
PSF-004543,ir ovot,30.812900,35.239500,0,0,0,0,0,0,0,0,pge:16885
PSF-004544,Santarém Aerodrome,39.211900,-8.684780,0,0,0,0,0,0,0,0,pge:16887
PSF-004545,Battlefields Country Lodge,-28.132400,30.285700,0,0,0,0,0,0,0,0,pge:16889
PSF-004546,ORTIGUERA LIGHTHOUSE,43.561900,-6.733750,0,0,0,0,0,0,0,0,pge:16891
PSF-004547,Centennial Ridge,41.287200,-106.165000,0,1,2,1,0,0,0,0,pge:16892
PSF-004548,Faher Mountain,51.909600,-9.845800,0,0,1,2,1,0,0,0,pge:16893
PSF-004549,Franson Peak,48.853400,-118.631000,0,0,0,0,0,0,0,0,pge:16896
PSF-004550,Vulcan,48.906300,-118.662000,0,0,0,0,0,0,0,0,pge:16897
PSF-004551,Witteberg Private Nature Reserve,-33.358500,20.499200,0,0,0,0,0,0,0,0,pge:16898
PSF-004552,Labrador Bay,50.485100,-3.514800,0,0,0,0,0,0,0,0,pge:16900
PSF-004553,Krepa Slupsk EPSR,54.409500,17.092000,0,0,0,0,0,0,0,0,pge:16901
PSF-004554,Hoek,51.329000,3.764480,1,1,1,1,1,1,1,1,pge:16904
PSF-004555,Issızca,37.129200,36.361800,0,0,0,0,0,1,2,1,pge:16907
PSF-004556,Guincho,38.723500,-9.477670,0,0,0,0,0,0,0,0,pge:16908
PSF-004557,Räuschenberg,51.807800,9.370070,0,0,0,0,0,0,0,0,pge:16909
PSF-004558,Luftsportgelände Hain Hain,51.437800,10.774400,0,0,0,0,0,0,0,0,pge:16910
PSF-004559,ergan daÄŸÄ± zirve,39.587200,39.497700,0,0,0,0,0,0,0,0,pge:16912
PSF-004560,LinZhou TO 2,36.031300,113.714000,0,0,0,0,0,0,0,0,pge:16915
PSF-004561,Paros,44.377600,3.510450,0,0,0,0,0,0,0,0,pge:16920
PSF-004562,Rüfispitze,47.193600,10.173400,0,0,0,0,0,0,0,0,pge:16923
PSF-004563,Psatha,38.130400,23.213000,0,0,0,0,0,0,0,0,pge:16924
PSF-004564,Monte Veneretta,37.869600,15.267600,0,1,2,2,2,2,0,0,pge:16926
PSF-004565,Fossato di Vico,43.280600,12.782500,0,0,0,0,0,0,0,0,pge:16928
PSF-004566,moedao,-20.350100,-43.595600,0,0,0,0,0,0,0,0,pge:16933
PSF-004567,Govedarnika,42.221900,23.163100,0,0,0,0,1,1,0,0,pge:16936
PSF-004568,Paniciste - Bekyara,42.266100,23.296400,1,2,0,0,0,0,0,0,pge:16937
PSF-004569,St léonard des bois,48.348200,-0.082500,0,0,2,0,0,0,0,0,pge:16938
PSF-004570,Teston Rd Vaughn 2nd site,43.870500,-79.505100,1,0,0,2,1,0,1,2,pge:16939
PSF-004571,Gedongsongo,-7.192400,110.347000,0,0,1,2,1,0,0,0,pge:16940
PSF-004572,Intrepid Park Whitby,43.852300,-78.879900,0,0,0,0,2,1,0,0,pge:16941
PSF-004573,Meteseh,-7.083500,110.480000,0,0,0,0,0,0,0,0,pge:16942
PSF-004574,Thickson Rd Whitby,43.848800,-78.899900,0,0,1,2,1,0,0,0,pge:16945
PSF-004575,Tarbela Dam Darwaza,34.085200,72.948600,0,0,1,2,2,2,1,0,pge:16946
PSF-004576,San Giacomo di Andrate,45.546000,7.875330,0,0,0,1,2,2,0,0,pge:16947
PSF-004577,Casa Piedra,-38.479200,-73.514700,0,0,0,0,0,2,2,1,pge:16948
PSF-004578,"Fly Hills Lower, Mid and Upper Launches.",50.686300,-119.412000,0,1,2,2,2,2,1,0,pge:16950
PSF-004579,Stribugliano,42.845100,11.477700,0,0,0,0,0,1,2,1,pge:16951
PSF-004580,Fly Hills north,50.691000,-119.387000,0,2,2,0,0,0,0,0,pge:16952
PSF-004581,Road 26 - East,22.270000,120.889000,0,2,2,2,0,0,0,0,pge:16953
PSF-004582,Prackovice,50.570300,14.013500,0,0,2,0,0,0,0,0,pge:16954
PSF-004583,Oblik,50.410700,13.806800,0,0,0,2,2,2,1,0,pge:16955
PSF-004584,Brna,50.635600,14.074000,0,0,0,0,2,0,0,0,pge:16956
PSF-004585,Jilove,50.753900,14.104300,0,2,0,0,0,0,0,0,pge:16957
PSF-004586,Dlouhy vrch,50.105200,13.138300,0,2,0,0,0,0,0,0,pge:16958
PSF-004587,Zadni Treban,49.916200,14.190300,2,0,0,0,0,0,0,0,pge:16959
PSF-004588,Koukolova hora,49.918100,14.008500,0,0,0,0,0,0,0,2,pge:16960
PSF-004589,Beroun,49.970800,14.056700,0,0,0,2,0,0,0,0,pge:16961
PSF-004590,Bitov,49.936100,14.064100,0,0,0,0,2,0,0,0,pge:16962
PSF-004591,Suchomasty,49.901000,14.061700,0,0,0,0,0,2,0,0,pge:16963
PSF-004592,Dobrichovice,49.942200,14.270400,0,0,0,2,0,0,0,0,pge:16964
PSF-004593,Hudlice,49.966000,14.000100,0,0,0,0,2,0,0,0,pge:16965
PSF-004594,Orlik,49.606500,14.198900,0,2,0,0,0,0,0,0,pge:16966
PSF-004595,Alakjin,38.709700,68.765300,0,1,1,2,2,2,1,1,pge:16967
PSF-004596,Dzhangalak,38.686600,68.773000,0,0,0,1,2,1,0,0,pge:16968
PSF-004597,La Pesse,45.767600,7.484900,0,0,0,1,2,1,0,0,pge:16969
PSF-004598,Torgnon,45.808900,7.562200,0,0,1,2,2,0,0,0,pge:16970
PSF-004599,Qinngorput. Nuuk,64.190900,-51.655400,0,0,0,0,0,0,2,2,pge:16972
PSF-004600,Kerpe,41.118300,30.228800,0,0,0,0,0,0,0,0,pge:16975
PSF-004601,Ioannina,39.717300,20.896000,0,0,0,0,0,0,0,0,pge:16977
PSF-004602,MONTE FARINHA,38.895100,-9.239300,0,0,0,0,0,0,0,0,pge:16978
PSF-004603,Ikusaka,36.421700,137.916000,0,2,0,0,0,0,0,0,pge:16986
PSF-004604,"Cerro de la Cruz, Salama",15.088600,-90.320800,0,0,0,0,0,0,0,0,pge:16988
PSF-004605,31km,43.151100,76.649800,0,0,0,0,0,0,0,0,pge:16989
PSF-004606,Moserberg,47.689500,12.411300,0,0,0,0,0,0,0,0,pge:16990
PSF-004607,CASIELLES (NAVA),43.330600,-5.462700,0,0,0,0,0,0,0,0,pge:16991
PSF-004608,Pikuj,48.874200,22.969100,0,0,0,0,0,0,0,0,pge:16994
PSF-004609,The Roaches,53.165000,-1.999480,0,0,0,0,0,2,2,0,pge:16996
PSF-004610,Carnarvon,-30.988100,22.131400,0,0,0,0,0,0,0,0,pge:17000
PSF-004611,Kranjska Gora,46.502800,13.794400,0,0,0,1,2,1,0,0,pge:17001
PSF-004612,Hownam Law,55.488800,-2.323720,0,0,0,0,0,0,0,0,pge:17002
PSF-004613,Wildspitze,46.884400,10.865400,0,0,0,0,0,0,0,0,pge:17003
PSF-004614,Buenos Aires,38.309500,-0.642867,0,0,0,0,0,0,0,0,pge:17005
PSF-004615,Eppeldorf,49.837000,6.244220,0,0,0,0,0,0,0,0,pge:17009
PSF-004616,Ancelle,44.630900,6.215070,0,0,0,0,2,2,1,0,pge:17010
PSF-004617,Menil,50.285900,5.840780,0,0,0,0,0,0,0,0,pge:17011
PSF-004618,GÃ¶bÃ¼ DoÄŸu,41.541400,31.970400,0,0,0,0,0,0,0,0,pge:17017
PSF-004619,Ã‡aycuma KayabaÅŸi,41.344300,32.066200,0,0,0,0,0,0,0,0,pge:17018
PSF-004620,Mazarrón,37.564700,-1.168300,0,0,0,0,1,2,0,0,pge:17019
PSF-004621,AKINCI ÃœSSÃœ YANI,40.072200,32.524400,0,0,0,0,0,0,0,0,pge:17020
PSF-004622,Ben Wee,53.654600,-9.551900,1,0,0,0,0,0,1,2,pge:17021
PSF-004623,Lion Mountain North Slope,22.805300,115.016000,0,0,0,0,0,0,0,0,pge:17023
PSF-004624,Taghia,31.800600,-6.070420,0,0,0,0,0,0,0,0,pge:17024
PSF-004625,çaycuma balat mounth,41.459300,32.068500,0,0,0,0,0,0,0,0,pge:17025
PSF-004626,Thornbjorn,63.867500,-22.430900,0,0,0,0,0,0,0,0,pge:17027
PSF-004627,Spur Tree South,17.986200,-77.564700,0,0,0,1,2,2,2,1,pge:17028
PSF-004628,Keltepe Beypazarı Ankara,40.254200,31.825600,0,0,0,0,0,0,0,0,pge:17029
PSF-004629,São Benedito,-4.055880,-40.839100,0,0,0,0,0,0,0,0,pge:17030
PSF-004630,Cerro El Carnero,15.169800,-90.296200,0,0,0,0,0,0,0,0,pge:17032
PSF-004631,SuRuCu,40.175200,29.005300,0,0,0,0,0,0,0,0,pge:17036
PSF-004632,Pimenta -Serra do Chapadao,-20.569100,-45.875100,2,2,2,2,0,0,2,0,pge:17046
PSF-004633,Márkó,47.108700,17.819900,2,2,0,0,0,0,0,0,pge:17048
PSF-004634,Bratislava-Devinska Kobyla,48.189200,16.995100,0,0,0,0,0,2,1,0,pge:17049
PSF-004635,Morro de Queimado (Santo Amaro de Imperatriz),-27.717500,-48.779800,0,2,2,2,1,0,0,0,pge:17050
PSF-004636,Rifugio Perugia,42.766500,13.177200,0,0,0,0,0,2,2,2,pge:17052
PSF-004637,Melås in Gjerstad,58.884700,8.997600,0,2,2,1,1,0,0,0,pge:17055
PSF-004638,Certaldo training hill,43.563300,11.050400,0,0,0,0,1,2,2,1,pge:17056
PSF-004639,Oakley (Kamas Valley),40.721500,-111.244000,0,0,0,0,0,2,2,2,pge:17058
PSF-004640,Ramian_Al Hadi,36.934900,55.154700,1,0,0,0,0,0,1,2,pge:17061
PSF-004641,Ramian_Pa Qale,36.920900,55.103900,0,0,2,2,1,0,0,0,pge:17062
PSF-004642,Kordkuy_Derazno,36.669900,54.150100,2,1,0,0,0,0,0,1,pge:17063
PSF-004643,Ramian_2,36.940800,55.138000,2,1,0,0,0,0,0,2,pge:17064
PSF-004644,Ramian_3,36.939700,55.146300,0,0,0,0,0,0,1,2,pge:17065
PSF-004645,alamner,56.229100,46.695900,2,1,0,0,0,1,1,0,pge:17066
PSF-004646,Cabogana,-2.838700,-79.055300,0,0,0,0,0,0,0,0,pge:17067
PSF-004647,Teno - San Isidro,-34.831400,-71.227500,0,0,0,0,2,2,1,0,pge:17073
PSF-004648,Alto Lucero,19.613500,-96.714700,1,2,2,1,0,0,0,0,pge:17074
PSF-004649,AirPort1 Digche (Gonbad),37.247700,55.100900,1,2,1,1,1,2,1,1,pge:17075
PSF-004650,AirPort2 Pashmak (Gonbad),37.200600,55.273400,1,1,2,1,1,1,2,1,pge:17077
PSF-004651,Son Tra Peninsula,16.117900,108.274000,0,0,2,2,2,2,0,0,pge:17078
PSF-004652,Nei Xr,22.300300,120.651000,0,0,0,0,2,2,2,2,pge:17079
PSF-004653,nei shr,22.300300,120.651000,0,0,0,0,2,2,2,2,pge:17080
PSF-004654,Monticchio,45.657800,8.043600,0,0,1,2,2,2,1,0,pge:17081
PSF-004655,pingway,22.300000,120.651000,0,0,0,0,2,2,2,2,pge:17082
PSF-004656,Ste Marguerite sur Mer,49.909100,0.937300,2,0,0,0,0,0,0,2,pge:17085
PSF-004657,Tenerife - Las Teresitas,28.510500,-16.187900,0,0,1,2,1,0,0,0,pge:17086
PSF-004658,Dapu,23.292800,120.602000,0,0,0,0,0,2,2,2,pge:17087
PSF-004659,Punta Chiquirrin,13.291900,-87.780200,0,0,0,0,2,2,0,0,pge:17088
PSF-004660,Gleninagh North,53.129000,-9.206400,2,2,0,0,0,0,0,0,pge:17089
PSF-004661,Vyazhi,53.014900,36.950000,2,2,2,0,2,2,2,2,pge:17090
PSF-004662,Enclusa,39.997400,4.004500,0,0,0,0,0,2,0,0,pge:17093
PSF-004663,Saputara Governor Hill,20.567200,73.745300,0,1,2,1,0,0,0,0,pge:17098
PSF-004664,Asker- Kraakholmen,59.823100,10.491600,1,2,2,2,2,1,1,1,pge:17099
PSF-004665,La Merquiere,43.649800,3.230030,0,2,2,2,0,0,0,0,pge:17101
PSF-004666,St Guiraud,43.682200,3.446600,0,0,0,0,0,0,2,2,pge:17102
PSF-004667,Putilovo,59.868700,31.432200,2,0,0,0,0,0,0,0,pge:17104
PSF-004668,Lebyazhye,59.970500,29.388300,2,1,0,0,0,0,0,0,pge:17105
PSF-004669,Nicolskoe (Bornitsy career),59.488100,29.938500,0,0,0,1,2,2,0,0,pge:17106
PSF-004670,Cliff Rd-Glover park,-36.845900,174.869000,2,2,0,0,0,0,0,0,pge:17108
PSF-004671,Ilmen,58.196800,30.976600,1,2,0,0,0,0,0,0,pge:17110
PSF-004672,Izborsk,57.717200,27.853600,1,2,2,0,0,0,0,0,pge:17111
PSF-004673,Palkino,57.562000,27.872000,0,0,0,0,1,2,0,2,pge:17112
PSF-004674,Roopmati Pavilion,22.309800,75.409600,1,1,1,2,2,2,1,1,pge:17114
PSF-004675,trynak,42.951500,27.171800,1,2,2,2,2,1,0,0,pge:17115
PSF-004676,Mui Ne,10.955300,108.337000,0,2,2,2,1,0,0,0,pge:17116
PSF-004677,Bagh Malek,31.567700,49.948400,0,0,0,0,1,2,1,0,pge:17117
PSF-004678,Spasskoe,48.655300,35.020900,2,0,0,0,0,0,0,0,pge:17118
PSF-004679,Bara,11.817200,107.000000,0,0,0,0,0,2,2,2,pge:17119
PSF-004680,Eshab-i Kehf,36.961000,34.799600,0,1,2,1,2,1,2,0,pge:17120
PSF-004681,Modolitsy,59.655100,29.464000,2,2,1,1,1,1,1,2,pge:17121
PSF-004682,Moloskovitsy,59.410800,29.043000,1,1,1,2,2,2,1,1,pge:17122
PSF-004683,Maillen,50.375200,4.926500,0,1,2,2,1,2,2,1,pge:17124
PSF-004684,Netoniai,54.940500,23.721800,0,0,0,0,2,0,0,0,pge:17125
PSF-004685,AB Mountain,59.501100,-135.306000,0,0,2,2,2,2,2,0,pge:17126
PSF-004686,Bokor,10.622900,104.024000,0,0,0,0,2,2,0,0,pge:17127
PSF-004687,Medovo,42.683500,27.572400,0,2,0,0,0,0,0,0,pge:17128
PSF-004688,Manzanillo,11.007300,-63.904700,0,0,0,0,0,0,0,0,pge:17129
PSF-004689,La Paz,-2.852200,-79.076000,1,0,2,0,0,0,0,0,pge:17130
PSF-004690,Vault Bay,50.230600,-4.801500,0,0,0,2,0,0,0,0,pge:17131
PSF-004691,St. Agnes,50.318300,-5.228900,2,2,0,0,0,0,0,2,pge:17132
PSF-004692,Ratnica,59.920300,31.878900,2,2,1,1,1,1,1,1,pge:17133
PSF-004693,mt bachelor,33.604900,-117.064000,0,0,0,0,2,2,1,0,pge:17134
PSF-004694,Breanlee (Hydro Road),52.015200,-9.781300,0,0,0,0,0,0,2,2,pge:17136
PSF-004695,Gap of Dunloe,52.038400,-9.647800,2,0,0,0,0,0,0,2,pge:17137
PSF-004696,Gougane Barra,51.843600,-9.324900,0,0,0,2,1,0,0,0,pge:17138
PSF-004697,Toté,-8.608600,-36.777500,0,0,0,2,0,0,0,0,pge:17139
PSF-004698,Skellig Michael,51.771400,-10.539400,1,0,0,2,0,0,0,2,pge:17141
PSF-004699,Parkana,51.843900,-9.428000,0,2,1,1,0,0,0,0,pge:17142
PSF-004700,Calfuco,-39.787100,-73.390500,0,0,0,0,0,2,2,2,pge:17143
PSF-004701,Ol'molog,-2.841000,37.148000,1,2,1,1,2,1,2,1,pge:17144
PSF-004702,Catamayo 2,-3.989860,-79.318000,0,0,0,0,0,2,2,2,pge:17160
PSF-004703,Buyukyenice Asar,39.431400,27.352200,2,2,0,0,0,0,0,2,pge:17171
PSF-004704,Mt Fox,-43.498000,170.009000,0,0,0,0,0,0,0,0,pge:17181
PSF-004705,Vryburg,-26.920200,24.704400,0,0,0,0,0,0,0,0,pge:17183
PSF-004706,'West' Arnissas,40.774700,21.870800,1,0,0,0,1,2,2,2,pge:17188
PSF-004707,Akçalar,40.374800,28.711700,0,0,0,0,0,0,0,0,pge:17191
PSF-004708,Pimpineles,-23.503600,-70.382400,0,0,0,0,0,0,0,0,pge:17196
PSF-004709,Baglum Keçiören,40.038300,32.837800,0,0,0,0,0,0,0,0,pge:17198
PSF-004710,Masito,-20.829000,-70.142200,0,0,0,0,0,0,0,0,pge:17200
PSF-004711,Aguazul,5.204080,-72.559700,0,0,0,0,0,0,0,0,pge:17201
PSF-004712,GAES,56.501100,38.209500,0,0,0,0,0,1,2,1,pge:17202
PSF-004713,Trentishoe Cliffs,51.218600,-3.970600,0,0,0,0,0,0,0,0,pge:17203
PSF-004714,Negresti,47.869200,23.484200,0,0,0,0,0,1,2,1,pge:17205
PSF-004715,Fanate,47.519700,23.762800,0,0,0,0,0,0,0,0,pge:17206
PSF-004716,ein yahav,30.623000,35.204700,0,0,0,0,0,0,0,0,pge:17207
PSF-004717,mishor amiaz,31.072100,35.358500,0,0,0,0,0,0,0,0,pge:17208
PSF-004718,Groblershoop Airfield,-28.912200,21.992900,0,0,0,0,0,0,0,0,pge:17213
PSF-004719,Montemor-o-Velho,40.176400,-8.653300,0,0,0,0,0,0,0,0,pge:17214
PSF-004720,Edessa,40.794200,22.045200,0,0,1,2,1,0,0,0,pge:17225
PSF-004721,Keçi Kalesi,40.811800,32.198900,0,0,0,0,0,0,0,0,pge:17226
PSF-004722,Garlaban,43.330800,5.554720,0,0,2,2,2,0,0,0,pge:17227
PSF-004723,Mt Fastness,-44.363800,168.797000,0,0,0,0,0,0,0,0,pge:17228
PSF-004724,mishmar hanegev,31.371100,34.698000,0,0,0,0,0,0,0,0,pge:17230
PSF-004725,Cabarita Point,-28.334000,153.572000,0,0,0,0,0,0,0,0,pge:17231
PSF-004726,Lemi NW-N-W,9.823700,38.897600,0,0,0,0,0,0,0,0,pge:17233
PSF-004727,Sannieshof,-26.452400,25.920600,0,0,0,0,0,0,0,0,pge:17234
PSF-004728,Saldanha,-33.012000,18.019600,0,0,0,0,0,2,0,0,pge:17235
PSF-004729,Dugem NE,9.779980,38.642000,0,0,0,0,0,0,0,0,pge:17236
PSF-004730,Concha Chinas,20.581000,-105.238000,0,0,0,1,1,2,0,0,pge:17238
PSF-004731,Kestel ugurlu takeoff,40.203400,29.265200,0,0,0,0,0,0,0,0,pge:17239
PSF-004732,Ohmkar,18.814700,73.669900,0,0,0,0,0,0,0,0,pge:17244
PSF-004733,Mailbox Peak,47.461700,-121.640000,0,0,0,0,0,0,0,0,pge:17245
PSF-004734,White Horse,-44.742700,171.008000,0,2,2,2,1,0,0,0,pge:17246
PSF-004735,MAU,34.762600,33.058400,0,0,0,0,0,0,0,0,pge:17247
PSF-004736,Ocean Beach,-41.372700,175.054000,0,0,0,0,0,0,0,0,pge:17248
PSF-004737,Bonelli's Point,18.847900,73.654000,0,0,0,0,0,0,0,0,pge:17249
PSF-004738,Ustka-Rowy,54.593300,16.898900,2,1,0,0,0,0,0,1,pge:17251
PSF-004739,LA VIORNA,43.141200,-4.647250,0,0,0,0,0,0,0,0,pge:17254
PSF-004740,SAN GLORIO,43.076500,-4.741770,0,0,0,0,0,0,0,0,pge:17255
PSF-004741,Sazlıdere,41.130200,28.706000,0,0,0,0,0,0,0,0,pge:17256
PSF-004742,Paquish,15.439000,-91.454700,0,0,0,0,0,0,0,0,pge:17258
PSF-004743,Mirador Cuchumatanes,15.400400,-91.440500,0,0,0,0,0,0,0,0,pge:17259
PSF-004744,Pedicino,41.740600,13.483500,0,0,0,0,0,0,0,0,pge:17260
PSF-004745,Lagunillas,-33.607000,-70.282300,0,0,0,0,0,0,0,0,pge:17263
PSF-004746,Collado Garcia,37.208800,-2.278780,0,0,0,2,2,2,0,0,pge:17265
PSF-004747,Megara,38.051900,23.320600,0,0,0,0,0,0,0,0,pge:17270
PSF-004748,Sarisu,41.139900,30.144800,0,0,0,0,0,0,0,0,pge:17271
PSF-004749,Albaricoques,36.857700,-2.092200,0,0,0,0,0,2,0,0,pge:17273
PSF-004750,Garbh Beinn,56.688000,-5.393370,0,0,0,0,0,0,0,0,pge:17274
PSF-004751,Seven winds,44.726200,37.866200,0,0,0,0,0,0,0,0,pge:17276
PSF-004752,The Grasshoppers,53.977800,-6.169520,0,0,0,0,0,0,0,0,pge:17279
PSF-004753,Winde Lutzmannsburg,47.472000,16.661600,0,0,0,0,0,0,0,0,pge:17281
PSF-004754,Guna WNW,11.782000,38.198300,0,0,0,0,0,0,0,0,pge:17283
PSF-004755,Pliegue Tumbado,-49.354800,-72.960800,0,0,0,0,0,0,0,0,pge:17285
PSF-004756,Cleta Hornos,-29.608200,-71.287400,0,0,0,0,0,0,0,0,pge:17286
PSF-004757,Duna Escuela frente brillador,-29.838800,-71.244000,0,0,0,0,0,0,0,0,pge:17287
PSF-004758,Dinmore,-27.590000,152.822000,0,0,0,0,0,0,0,0,pge:17288
PSF-004759,Degania1,32.221100,35.489900,0,0,0,0,0,0,0,0,pge:17290
PSF-004760,Konaszewski,54.473200,16.953100,2,2,2,2,2,2,2,2,pge:17291
PSF-004761,AKSARAY-AKHÄ°SAR KÃ–YÃœ,38.312300,34.098900,0,0,0,0,0,0,0,0,pge:17293
PSF-004762,Acatenango Volcano,14.502700,-90.871800,0,0,0,0,0,0,0,0,pge:17294
PSF-004763,Manyara South,-3.792720,35.675700,0,0,0,0,0,0,0,0,pge:17296
PSF-004764,Yayladalı,40.392400,36.520600,0,0,0,0,0,0,0,0,pge:17300
PSF-004765,Los Caballos,10.116200,-63.717400,0,0,0,0,0,0,0,0,pge:17301
PSF-004766,San Fernando,10.299900,-63.918900,0,0,0,0,0,0,0,0,pge:17302
PSF-004767,La Cascada,9.701530,-63.151300,0,0,0,0,0,0,0,0,pge:17304
PSF-004768,Laguna,9.688920,-63.246800,0,0,0,0,0,0,0,0,pge:17305
PSF-004769,Langstrand Dunes,-22.768500,14.543400,0,0,0,0,0,0,0,0,pge:17307
PSF-004770,Kella NE,8.289930,38.483200,0,0,0,0,0,0,0,0,pge:17308
PSF-004771,Quick sand,24.758200,51.472500,0,0,0,0,0,0,0,0,pge:17313
PSF-004772,Pluto Plateau,-44.585700,168.377000,0,0,0,0,0,0,0,0,pge:17318
PSF-004773,Sugarloaf Spur,-44.688000,168.262000,0,0,0,0,0,0,0,0,pge:17319
PSF-004774,Mappleton,53.880100,-0.136483,0,0,0,0,0,0,0,0,pge:17320
PSF-004775,Groenberg 1,-33.587000,19.045600,0,0,0,0,0,0,0,0,pge:17321
PSF-004776,Lengai Volcano SE,-2.770180,35.936500,0,0,0,0,0,0,0,0,pge:17324
PSF-004777,Engare Sero,-2.617370,35.867500,0,0,0,0,0,0,0,0,pge:17325
PSF-004778,Mandredhunga,28.269400,83.921000,0,0,0,1,2,1,0,0,pge:17326
PSF-004779,Las Negras,36.875100,-2.005150,0,2,2,2,0,0,0,0,pge:17327
PSF-004780,Discovery Park,47.657000,-122.424000,0,0,0,0,0,0,0,0,pge:17328
PSF-004781,Ol-joro,-3.442700,36.604300,0,0,0,0,0,0,0,0,pge:17332
PSF-004782,Ilopango,13.707800,-89.060600,0,0,0,0,0,0,0,0,pge:17333
PSF-004783,Serra da Piedade,-19.821400,-43.669900,0,0,0,0,0,0,0,0,pge:17334
PSF-004784,Avcilar Kampus,40.999400,28.727600,0,0,0,0,0,0,0,0,pge:17336
PSF-004785,Garrobillo,37.508400,-1.474730,0,0,0,0,0,0,0,0,pge:17338
PSF-004786,Hesk Fell,54.340600,-3.266050,0,0,0,0,0,0,0,0,pge:17342
PSF-004787,Königsheide Startplatz,49.962800,11.724900,0,0,0,0,0,0,0,0,pge:17343
PSF-004788,Sao Bernardo,-26.746600,-49.302400,0,0,0,0,0,0,0,0,pge:17344
PSF-004789,Unstad,68.262700,13.563200,0,0,0,0,0,0,0,0,pge:17347
PSF-004790,Vig Rik,56.821100,8.249550,0,0,0,0,0,0,0,0,pge:17350
PSF-004791,Barra do Turvo,-24.794700,-48.499100,0,0,0,0,0,0,0,0,pge:17351
PSF-004792,Noli,44.196100,8.410560,0,2,0,0,0,0,0,0,pge:17354
PSF-004793,Rampa São José,-13.744700,-41.247200,0,0,0,0,0,0,0,0,pge:17360
PSF-004794,Serra da Viuva,-19.378900,-42.580100,0,0,0,0,0,0,0,0,pge:17366
PSF-004795,Guarajuba,-12.534600,-37.980000,0,0,0,0,0,0,0,0,pge:17369
PSF-004796,Taipus de,-13.945300,-38.929700,0,0,0,0,0,0,0,0,pge:17370
PSF-004797,Morro do Mirim,-28.251800,-48.688300,0,0,0,2,2,1,0,0,pge:17371
PSF-004798,Serra do Rio do Rastro,-28.389200,-49.543200,0,0,0,0,0,0,0,0,pge:17382
PSF-004799,Morro de Lages - Oeste,-27.823300,-50.283600,0,0,0,0,0,0,0,0,pge:17383
PSF-004800,La Chapelle saint-Antoine,43.188900,-1.002380,0,0,0,0,0,0,0,0,pge:17384
PSF-004801,Qi'ao island No. 2,22.432300,113.659000,2,0,0,0,0,0,0,2,pge:17390
PSF-004802,Qi'ao island No. 1,22.435000,113.645000,2,2,0,0,0,0,0,2,pge:17391
PSF-004803,Qi'ao island No. 3,22.420400,113.653000,0,2,2,0,0,0,0,0,pge:17392
PSF-004804,Qi'ao island No. 4,22.413600,113.648000,0,0,0,2,2,2,0,0,pge:17393
PSF-004805,Bamianshan,28.836400,109.254000,2,2,2,2,2,2,2,2,pge:17394
PSF-004806,Cha Ding,22.907400,120.596000,2,2,2,2,2,2,2,2,pge:17395
PSF-004807,NaoBei Mountain,22.109400,113.525000,0,0,0,2,2,0,0,0,pge:17398
PSF-004808,Hebao island No. 1,21.860200,113.160000,0,0,0,2,2,2,0,0,pge:17399
PSF-004809,Mt. Katsuragi,34.454900,135.682000,0,1,2,1,1,2,1,0,pge:17400
PSF-004810,Hebao island No. 2,21.860500,113.172000,0,0,0,2,2,2,0,0,pge:17401
PSF-004811,Madman's Seat,51.991500,-9.635500,0,0,0,1,2,1,0,0,pge:17404
PSF-004812,Fatianovka,54.413200,40.428000,0,0,0,0,0,1,2,1,pge:17405
PSF-004813,Hautacam Argeles-Gazost,42.968900,-0.002500,2,2,2,0,0,0,2,2,pge:17406
PSF-004814,Minister's Fall (Tomies Wood),52.026800,-9.572000,2,1,2,1,0,0,0,1,pge:17407
PSF-004815,Triskbeg (Kerry Head),52.405200,-9.892800,0,0,0,2,2,1,0,0,pge:17408
PSF-004816,Maulin Mtn (Kerry Head,52.416000,-9.860800,0,2,0,0,0,0,0,0,pge:17409
PSF-004817,Kerry Head (West),52.412200,-9.942900,0,0,0,0,0,1,2,1,pge:17410
PSF-004818,Kerry Head (NW-N),52.430000,-9.913900,2,1,0,0,0,0,0,2,pge:17411
PSF-004819,Kerry Head (Northeast),52.427900,-9.871400,1,2,0,0,0,0,0,0,pge:17412
PSF-004820,Ballyheigue,52.392600,-9.854500,0,0,0,0,2,1,0,0,pge:17413
PSF-004821,Fakiusagi,37.023900,36.236400,0,0,0,0,0,0,0,0,pge:17414
PSF-004822,Caccamo Lake,43.123900,13.194600,2,2,1,0,0,0,0,0,pge:17417
PSF-004823,Billiemi,37.997400,13.125900,0,0,0,0,0,0,0,0,pge:17421
PSF-004824,Morro das Antenas,-27.921100,-49.853800,0,0,0,0,0,0,0,0,pge:17424
PSF-004825,Col Bione,45.078100,7.278500,0,0,0,1,2,0,0,0,pge:17426
PSF-004826,Pirulo,10.599700,-66.841200,2,2,2,2,0,0,2,2,pge:17427
PSF-004827,Mweelin N-E,51.895800,-9.271000,2,2,2,1,0,0,0,0,pge:17430
PSF-004828,Sillaherdane,51.898500,-9.318900,0,0,0,0,0,0,2,2,pge:17431
PSF-004829,Knockboy (Caoinkeen),51.824700,-9.425100,2,2,2,0,0,0,0,1,pge:17432
PSF-004830,Priest's Leap,51.835400,-9.383000,0,0,0,2,2,0,0,0,pge:17433
PSF-004831,Caum,51.901800,-8.883700,0,0,0,0,2,0,0,0,pge:17434
PSF-004832,Stookeen,52.034000,-9.144600,1,2,0,0,0,0,0,0,pge:17435
PSF-004833,Top of Bealach (Millstreet),52.041300,-9.112600,2,0,0,0,0,0,1,2,pge:17436
PSF-004834,Rossacroo,52.032400,-9.316700,1,2,0,0,0,0,0,2,pge:17437
PSF-004835,The Paps,52.015400,-9.275000,2,2,0,1,1,2,2,2,pge:17438
PSF-004836,The Paps (Southwest site),52.003300,-9.273100,0,0,1,2,1,0,0,0,pge:17439
PSF-004837,Knocknabro,52.013500,-9.232300,0,0,0,1,2,1,0,2,pge:17440
PSF-004838,Knocknagowan,52.011000,-9.184700,0,0,1,2,1,0,1,0,pge:17441
PSF-004839,Killeen,51.989100,-9.313500,0,0,0,2,2,1,2,0,pge:17442
PSF-004840,Coolcurtoga,51.996700,-9.314500,2,0,0,0,0,0,1,0,pge:17443
PSF-004841,Crohane,51.991100,-9.382900,2,2,0,2,0,2,0,2,pge:17444
PSF-004842,Torc,51.998200,-9.521500,2,2,0,1,2,0,0,2,pge:17445
PSF-004843,Rosbeigh Dunes,52.064200,-9.973500,0,0,0,0,0,1,2,1,pge:17446
PSF-004844,Bentee,51.935600,-10.217300,2,2,0,0,2,2,1,2,pge:17447
PSF-004845,Aghatubride,51.904000,-10.174700,2,2,0,1,2,2,0,2,pge:17448
PSF-004846,Knockavahaun,51.922800,-10.115300,0,1,2,2,2,2,2,2,pge:17449
PSF-004847,Coomduff,51.956200,-10.136600,0,0,0,0,0,2,2,0,pge:17450
PSF-004848,Kilkeaveragh,51.868000,-10.332600,2,0,0,2,1,0,0,2,pge:17451
PSF-004849,Coonanaspig,51.856900,-10.380600,0,0,0,0,0,0,2,2,pge:17452
PSF-004850,Foilnageragh,51.872200,-10.386800,0,0,0,0,0,2,2,0,pge:17453
PSF-004851,Connor Pass,52.180900,-10.206300,2,2,0,0,0,0,0,1,pge:17454
PSF-004852,Payas,36.764100,36.288400,0,0,0,0,0,2,2,2,pge:17455
PSF-004853,Kapıdag,40.412400,27.928300,0,0,0,0,0,0,0,0,pge:17456
PSF-004854,Boschpoort,-26.602800,26.158500,0,0,0,0,0,0,0,0,pge:17457
PSF-004855,Piekernierskloof Pass,-32.634600,18.946300,0,0,0,0,0,0,2,0,pge:17461
PSF-004856,RIA DE VILLAVICIOSA,43.511700,-5.431420,0,0,0,0,0,0,0,0,pge:17462
PSF-004857,Sanxian,41.942700,-8.878180,0,0,0,0,0,0,0,0,pge:17463
PSF-004858,Düziçi,37.278700,36.522500,0,0,0,0,0,2,1,1,pge:17469
PSF-004859,Malaya Volcha,50.376200,37.295200,0,0,0,2,2,0,0,0,pge:17471
PSF-004860,Mirandela - S/SE,41.462300,-7.290610,0,0,1,2,2,0,0,0,pge:17472
PSF-004861,Rampa dos Bastiões,-5.861850,-38.390400,0,2,2,1,0,0,0,0,pge:17473
PSF-004862,Daikanbo,32.996500,131.067000,0,0,0,1,1,1,2,1,pge:17474
PSF-004863,Hohenberg,49.202700,8.005130,1,0,0,0,0,0,1,2,pge:17475
PSF-004864,KA4,57.673800,11.852100,0,0,0,0,0,0,2,2,pge:17476
PSF-004865,Yedi Kuyular,37.628200,37.018600,0,0,0,0,0,0,0,0,pge:17477
PSF-004866,Brudarebacken,57.699400,12.052500,0,2,2,0,0,0,0,0,pge:17478
PSF-004867,Näset,57.616600,11.901400,0,0,0,0,0,2,2,0,pge:17479
PSF-004868,Sandsjöbacka,57.593600,11.993000,0,0,0,0,0,0,0,0,pge:17480
PSF-004869,Fiskebäck,57.643200,11.862800,2,0,0,0,2,2,2,2,pge:17481
PSF-004870,Ramberget,57.715000,11.936000,0,0,0,0,2,2,0,0,pge:17482
PSF-004871,Blixered,57.499200,12.025900,0,0,0,2,2,0,0,0,pge:17483
PSF-004872,Aleklätten,57.903500,12.017000,0,0,0,0,2,2,2,0,pge:17484
PSF-004873,Leonpolis,55.208400,24.702300,0,0,0,0,1,2,1,0,pge:17487
PSF-004874,Oulja,33.964600,-6.762000,2,0,0,0,0,0,1,2,pge:17488
PSF-004875,Plage des nations (Plage),34.147700,-6.735590,1,0,0,0,0,0,1,2,pge:17489
PSF-004876,Plage des nations (Grande Dune),34.160800,-6.726110,2,0,0,0,0,0,1,2,pge:17490
PSF-004877,Moulay Bousselham (Plage),34.896300,-6.288320,1,0,0,0,0,0,1,2,pge:17491
PSF-004878,Moulay Bousselham (Grande Dune),34.867800,-6.297640,2,1,0,0,0,0,0,1,pge:17492
PSF-004879,Les villard de Macot,45.538700,6.673100,0,0,0,0,0,1,2,1,pge:17493
PSF-004880,Hogsback Mtn,58.690300,-134.885000,0,0,0,0,0,2,2,0,pge:17494
PSF-004881,Kosariska,48.663200,17.607500,2,2,0,0,0,0,0,0,pge:17495
PSF-004882,MTERBA,33.800600,-4.742200,2,0,0,0,0,0,2,2,pge:17496
PSF-004883,Sološnica,48.458800,17.251100,0,0,0,0,0,0,0,2,pge:17497
PSF-004884,Lake Elizabeth,34.673100,-118.406000,0,0,0,2,2,2,0,0,pge:17498
PSF-004885,Monte venere,44.236200,11.257700,0,1,2,1,0,0,0,0,pge:17500
PSF-004886,Tasca,46.901600,26.009000,0,0,1,2,1,0,0,0,pge:17504
PSF-004887,Hohe Winde,47.343000,7.579700,2,2,0,0,0,0,0,2,pge:17505
PSF-004888,Gardunha - Norte,40.105900,-7.501500,2,2,1,0,0,0,1,2,pge:17506
PSF-004889,Mweelrea,53.637300,-9.831600,0,0,0,0,0,0,2,2,pge:17507
PSF-004890,Mweelrea Mt. North,53.638800,-9.828200,2,0,0,0,0,0,2,2,pge:17508
PSF-004891,Sarlota,45.968900,21.500900,1,0,1,2,2,0,2,2,pge:17509
PSF-004892,Drocourt,50.405900,2.933860,0,0,0,1,2,1,0,0,pge:17511
PSF-004893,Panchgani,17.933800,73.804300,2,0,0,0,2,2,0,0,pge:17512
PSF-004894,Fochriw,51.735000,-3.306670,0,0,0,0,0,1,2,1,pge:17513
PSF-004895,Gualdo Tadino,43.239300,12.814200,0,0,0,0,0,2,0,0,pge:17514
PSF-004896,Empire Bluff,44.800700,-86.071300,0,0,0,0,0,1,2,2,pge:17515
PSF-004897,Lough Bray Upper,53.172900,-6.300000,2,2,2,0,0,0,0,0,pge:17516
PSF-004898,Shahid Safabakhsh Gotvand,32.311900,48.792900,2,0,0,2,2,2,0,0,pge:17518
PSF-004899,Rogoznica,50.998500,16.303500,0,0,0,0,0,0,0,2,pge:17520
PSF-004900,Sonnwendstein,47.628500,15.856700,0,0,0,0,0,0,0,0,pge:17521
PSF-004901,Kahuku Motocross Launch (KMX),21.685000,-158.022000,0,0,0,0,0,0,0,0,pge:17523
PSF-004902,PAÅžA YAYLASI,36.760700,36.202500,0,0,0,0,0,0,0,0,pge:17524
PSF-004903,UMÄ°T TEPE,36.589800,36.170300,0,0,0,0,0,0,0,0,pge:17525
PSF-004904,Tenerife - Mesa del Mar,28.498100,-16.422300,0,0,0,0,0,0,2,0,pge:17526
PSF-004905,Brilon-Poppenberg,51.379000,8.567920,0,0,0,0,0,0,0,0,pge:17528
PSF-004906,Camden Park,-34.068000,150.709000,0,0,0,0,0,0,0,0,pge:17529
PSF-004907,Prospect Reservoir,-33.820200,150.922000,0,0,0,0,0,0,0,0,pge:17530
PSF-004908,Monte Perdigão,39.706200,-7.746420,0,0,0,0,0,0,0,0,pge:17532
PSF-004909,Padea,44.035300,23.871900,0,0,0,0,0,0,0,0,pge:17534
PSF-004910,"Hinova, Drobeta Turnu Severin",44.545600,22.783100,0,0,0,0,0,0,0,0,pge:17535
PSF-004911,Kızılfırla Hill,39.396600,28.158000,0,0,0,0,0,0,0,0,pge:17536
PSF-004912,rize tea takeoff,41.024100,40.560800,0,0,0,0,0,0,0,0,pge:17539
PSF-004913,atatürk tepe takeoff,39.798800,39.508800,0,0,0,0,0,0,0,0,pge:17540
PSF-004914,Goat Hill,-31.796500,150.829000,0,0,0,0,0,0,0,0,pge:17541
PSF-004915,Gerdau,-26.469000,26.065800,0,0,0,0,0,0,0,0,pge:17542
PSF-004916,Vilela ENE,43.751300,-7.702820,0,0,0,0,0,0,0,0,pge:17543
PSF-004917,Cerro de los Cristales,-50.565900,-72.781400,0,0,0,0,0,0,0,0,pge:17546
PSF-004918,Guanzate,45.711700,9.018180,0,0,0,0,0,0,0,0,pge:17548
PSF-004919,Henson Gap - JustFly - SVS,35.348600,-85.332600,2,1,0,0,0,1,2,2,pge:17549
PSF-004920,cabeço montachique,38.897200,-9.174230,0,0,0,0,0,0,0,0,pge:17553
PSF-004921,Siegbart,51.609600,9.401550,0,0,0,0,0,0,0,0,pge:17555
PSF-004922,Mont Vial,43.894900,7.145920,0,0,0,0,0,0,0,0,pge:17556
PSF-004923,Turkish a,40.969600,28.844700,0,0,0,0,0,0,0,0,pge:17557
PSF-004924,Greyton,-34.062500,19.603400,0,0,0,0,0,0,0,0,pge:17559
PSF-004925,Les antennes de Grasse,43.693000,6.893870,0,0,0,0,0,0,0,0,pge:17561
PSF-004926,Alamo Lake Tow Road,34.214500,-113.425000,0,0,0,0,0,0,0,0,pge:17562
PSF-004927,La Caletta - Siniscola,40.611700,9.738470,0,0,0,0,2,0,0,0,pge:17563
PSF-004928,Cala Gonone,40.275400,9.595330,0,0,2,2,0,0,0,0,pge:17564
PSF-004929,"Barreiros, Monte Comado",43.527300,-7.170300,1,2,0,0,0,0,0,0,pge:17566
PSF-004930,Meckelsheimer-Reitling,49.305900,8.658600,0,0,0,0,0,0,0,0,pge:17567
PSF-004931,Bolela,-29.913200,29.732500,0,0,0,0,0,0,0,0,pge:17568
PSF-004932,Segelflugplatz Vielist,53.593600,12.704100,0,0,0,0,0,0,0,0,pge:17571
PSF-004933,Arnoldshain,50.254900,8.446830,0,0,0,0,0,0,0,0,pge:17572
PSF-004934,RÃ¶ÃŸberg Startplatz,51.205400,8.594700,0,0,0,0,0,0,0,0,pge:17573
PSF-004935,Szwejkówko,53.778300,21.895100,0,0,0,0,0,0,0,0,pge:17576
PSF-004936,"Monte San Pedro, A Coruña",43.378900,-8.438220,2,2,0,0,0,0,0,1,pge:17578
PSF-004937,OssewaKop-wakkerstroom,-27.391100,30.148800,2,2,2,2,0,2,2,2,pge:17581
PSF-004938,Maanhaarrand,-25.870500,27.436700,0,0,0,0,0,0,0,0,pge:17582
PSF-004939,Amasra,41.734100,32.400600,0,0,0,0,0,0,0,0,pge:17587
PSF-004940,Uludag Orhaniye Peak,40.100900,29.246700,0,0,0,0,0,0,0,0,pge:17589
PSF-004941,"Ilgaz Mountain Tower, Cankiri",41.042200,33.704700,0,0,0,0,0,0,0,0,pge:17590
PSF-004942,Aksu Isparta,37.841500,31.052300,0,0,0,0,0,0,0,0,pge:17591
PSF-004943,abalı,38.256000,43.211300,0,0,0,0,0,0,0,0,pge:17592
PSF-004944,Mittelfischach-UL,49.031600,9.866270,0,0,0,0,0,0,0,0,pge:17593
PSF-004945,ÃœÃ‡ HÄ°LAL,39.726400,39.706500,0,0,0,0,0,0,0,0,pge:17594
PSF-004946,Homer Spit,59.631100,-151.495000,0,0,0,0,0,0,0,0,pge:17595
PSF-004947,OWL,45.804100,-123.928000,0,0,0,0,0,0,0,0,pge:17602
PSF-004948,Sophienhöhe,50.939800,6.473100,0,0,0,0,0,0,0,0,pge:17603
PSF-004949,Berghaupten,48.413700,7.966050,0,1,2,1,0,0,0,0,pge:17604
PSF-004950,Uebersbach,47.019200,16.042200,0,0,0,0,0,0,0,0,pge:17605
PSF-004951,Kogl,47.937600,13.465000,0,0,0,0,0,0,0,0,pge:17607
PSF-004952,Schöneberg,50.655000,7.604020,0,0,0,0,0,0,0,0,pge:17608
PSF-004953,Schäfersfeld,49.853800,7.163320,0,0,0,0,0,0,0,0,pge:17609
PSF-004954,Hayingen-Airfield,48.286800,9.462230,0,0,0,0,0,0,0,0,pge:17610
PSF-004955,Plankenstein,48.022100,15.289200,1,2,1,0,0,0,0,0,pge:17611
PSF-004956,Skyway Ridge,59.693100,-151.429000,0,0,0,0,0,0,0,0,pge:17613
PSF-004957,Serra do Cristo - Campos Gerais,-21.206100,-45.743700,0,0,0,0,0,0,0,0,pge:17616
PSF-004958,Mérvelier,47.351600,7.510830,0,0,0,0,0,0,0,0,pge:17619
PSF-004959,Serra do Cabral/Joaquim Felício-MG,-17.751300,-44.187500,0,0,0,0,0,0,0,0,pge:17622
PSF-004960,Açude do Bezerro,-4.769530,-42.608600,0,0,0,0,0,0,0,0,pge:17625
PSF-004961,Plage CAP de L'HOMY (40),44.037900,-1.341050,0,0,0,0,0,0,0,0,pge:17626
PSF-004962,Belchou,43.151000,-1.050470,0,0,0,0,0,0,0,0,pge:17634
PSF-004963,Isingero; Felix and Robert's place,-0.269000,30.516000,0,1,2,2,1,0,0,0,pge:17641
PSF-004964,Los caballos,10.083800,-63.741500,1,0,0,0,2,0,0,0,pge:17651
PSF-004965,Zojiro,32.483700,131.409000,0,0,1,2,1,1,0,0,pge:17652
PSF-004966,Morro da Cruz,-27.834400,-50.328500,2,2,0,0,0,0,0,0,pge:17654
PSF-004967,Toirano,44.132000,8.187270,0,0,1,2,2,1,0,0,pge:17655
PSF-004968,Aarlanderveen ZN,52.141300,4.757850,2,1,1,1,2,1,1,1,pge:17656
PSF-004969,Aarlanderveen OW,52.140900,4.738820,1,1,2,1,1,1,2,1,pge:17657
PSF-004970,Puy Marmant,45.706300,3.189800,2,2,1,0,0,0,1,2,pge:17658
PSF-004971,Mt McGinnis,58.442500,-134.590000,0,0,0,1,1,2,2,2,pge:17661
PSF-004972,Tharps Peak,36.401000,-118.945000,0,0,0,0,0,0,0,0,pge:17662
PSF-004973,Elandskloof,-32.632700,19.148500,0,0,0,0,0,0,0,0,pge:17664
PSF-004974,Indian House Mountain,60.994300,-149.542000,0,0,0,0,0,0,0,0,pge:17665
PSF-004975,Government Peak,61.722100,-149.300000,0,0,0,0,0,0,0,0,pge:17666
PSF-004976,Gunsight Mountain,61.840000,-147.441000,0,0,0,0,0,0,0,0,pge:17667
PSF-004977,Rainbow,61.008700,-149.667000,0,0,0,0,0,0,0,0,pge:17668
PSF-004978,Pepper Peak,61.421000,-149.125000,0,0,0,0,0,0,0,0,pge:17669
PSF-004979,ÅŸimÅŸit kÃ¶yÃ¼,39.932000,32.588200,0,0,0,0,0,0,0,0,pge:17670
PSF-004980,Beutelsbach - Schönbühl,48.798800,9.402500,0,0,0,0,0,0,0,0,pge:17671
PSF-004981,Giggelberg,46.685700,11.047100,0,0,0,0,0,0,0,0,pge:17672
PSF-004982,Yahyali,38.156200,35.401400,0,0,0,0,0,0,0,0,pge:17675
PSF-004983,Vellnairalm,46.571400,10.565300,0,0,0,0,0,0,0,0,pge:17678
PSF-004984,Mateus Leme - Serra do Elefante,-19.957400,-44.422900,0,0,0,0,0,0,0,0,pge:17681
PSF-004985,Hundfjället,61.168600,12.981100,2,2,0,0,0,0,0,0,pge:17684
PSF-004986,Krustpils air field,56.534800,25.888600,0,0,0,0,0,0,0,0,pge:17685
PSF-004987,Brandon Mtn,52.247900,-10.260700,0,0,0,0,0,0,1,2,pge:17688
PSF-004988,Boree Creek,-35.127800,146.612000,2,2,2,2,2,2,2,2,pge:17691
PSF-004989,Leeton Gliding Club,-34.497900,146.449000,2,2,2,2,2,2,2,2,pge:17692
PSF-004990,ÄŒiÄmany,48.946100,18.530600,2,1,0,0,0,0,0,1,pge:17693
PSF-004991,Hot Springs,34.573100,-93.367000,2,0,0,0,0,0,0,1,pge:17694
PSF-004992,Blowhard I,-41.752000,173.095000,2,2,0,0,0,0,2,2,pge:17695
PSF-004993,imaihama flying school,34.794400,138.994000,0,1,2,2,2,1,0,0,pge:17696
PSF-004994,Deerfield Beach,26.321900,-80.074800,0,1,2,1,0,0,0,0,pge:17697
PSF-004995,Elca,44.885400,22.513600,0,0,0,0,0,0,0,0,pge:17701
PSF-004996,Deal Halanga,44.671300,22.709000,0,0,0,0,0,0,0,0,pge:17702
PSF-004997,Koetschach - Vorhegg,46.680900,12.978600,0,0,0,0,0,0,0,0,pge:17704
PSF-004998,Punitz Flugplatz,47.150800,16.312700,0,0,0,0,0,0,0,0,pge:17705
PSF-004999,Escondray,43.314500,-1.432180,0,0,0,0,0,0,0,2,pge:17707
PSF-005000,Lovers Leap,17.869000,-77.661200,0,0,1,2,2,1,0,0,pge:17711
PSF-005001,Stoanamandl,46.833500,11.600000,0,2,2,2,1,0,0,0,pge:17715
PSF-005002,Gaisjoch Handyempfänger,46.854100,11.644700,0,0,0,0,1,2,2,2,pge:17716
PSF-005003,Mt. Stukel,42.094400,-121.633000,0,0,0,0,1,2,1,0,pge:17717
PSF-005004,JunkiFly Zamurito,10.472500,-67.034300,0,0,2,2,2,2,2,0,pge:17718
PSF-005005,Tête de Clappe,44.594000,5.952200,0,0,0,2,2,0,0,0,pge:17719
PSF-005006,Rabou,44.594100,6.025800,0,0,0,0,0,1,2,1,pge:17720
PSF-005007,Croagh Sceirde,52.174100,-10.175200,0,0,1,2,2,0,0,0,pge:17721
PSF-005008,aljadah,18.659100,42.225700,0,0,0,0,0,2,2,0,pge:17724
PSF-005009,ALHORIDAH,17.770400,41.919900,0,0,0,0,0,0,0,0,pge:17725
PSF-005010,Givoletto,45.175300,7.487900,0,1,1,2,2,0,0,0,pge:17726
PSF-005011,Gorna Malina SW site 1,42.690300,23.690200,0,0,0,0,2,2,2,0,pge:17727
PSF-005012,Mubarak Village,24.857800,66.678200,0,0,1,2,1,0,0,0,pge:17728
PSF-005013,Kartepe Kayacık Manisa,38.915900,28.162500,0,0,0,0,0,0,0,0,pge:17732
PSF-005014,Sahinkaya Kayacik Manisa,38.896900,28.117100,0,0,0,0,0,0,0,0,pge:17733
PSF-005015,Batı Park,41.322900,36.325300,0,0,0,0,0,0,0,0,pge:17735
PSF-005016,Yamaçlar Takeoff,38.199000,39.675300,0,0,0,0,0,0,0,0,pge:17736
PSF-005017,The monastery of Virgin Mary,40.274300,38.511000,0,0,0,0,0,0,0,0,pge:17737
PSF-005018,Balveurche,48.056800,6.997870,0,0,0,0,0,1,1,0,pge:17738
PSF-005019,Kodobay,38.478600,42.295300,0,0,0,0,0,0,0,0,pge:17739
PSF-005020,"Nemrut Mt, Bitlis",38.594000,42.279000,0,0,0,0,0,0,0,0,pge:17740
PSF-005021,Drajna Cross,45.236300,26.059500,0,0,0,0,0,0,0,0,pge:17741
PSF-005022,Kumludoruk,40.017900,32.364000,0,0,0,0,0,0,0,0,pge:17742
PSF-005023,Dua Tepe,39.613100,32.063700,0,0,0,0,0,0,0,0,pge:17743
PSF-005024,Hazarbaba,38.420500,39.314800,0,0,0,0,0,0,0,0,pge:17744
PSF-005025,Eptingen Quelle,47.383000,7.794850,0,0,0,0,0,0,0,0,pge:17746
PSF-005026,5 mile Road,28.481500,-81.708900,0,0,0,0,0,0,0,0,pge:17748
PSF-005027,Minnie Waters (Nth Beach),-29.588900,153.332000,0,0,2,2,0,0,0,0,pge:17750
PSF-005028,Gatton,-27.415400,152.411000,0,0,0,0,0,0,0,0,pge:17751
PSF-005029,Minnie Waters (South),-29.765000,153.296000,0,0,0,2,0,0,0,0,pge:17753
PSF-005030,Silyon,36.990700,30.990700,0,0,0,0,0,0,0,0,pge:17755
PSF-005031,Deniztepesi,36.981600,31.121200,0,0,0,0,0,0,0,0,pge:17756
PSF-005032,Hohe Kugel,47.336000,9.716120,0,0,0,0,0,0,0,0,pge:17761
PSF-005033,Bessemer Airport (EKY),33.309800,-86.927100,0,0,0,0,0,0,0,0,pge:17762
PSF-005034,Pico da Torre,32.651600,-16.974900,0,0,0,0,0,0,0,0,pge:17763
PSF-005035,Segelfluggelände Montabaur,50.412500,7.970650,0,0,0,0,0,0,0,0,pge:17767
PSF-005036,Segelfluggelände Riedlingen,48.143500,9.465620,0,0,0,0,0,0,0,0,pge:17768
PSF-005037,Menzingen,49.145500,8.754550,0,0,0,0,0,0,0,0,pge:17769
PSF-005038,Gschnitzer Tribulaun,46.991800,11.342300,0,0,0,0,0,0,0,0,pge:17771
PSF-005039,Ayazmana,37.741000,30.582600,0,0,0,0,0,0,0,0,pge:17772
PSF-005040,Anderson Rd,41.387100,-83.571800,0,0,0,0,0,0,0,0,pge:17773
PSF-005041,Noreia,47.022200,14.527900,0,0,0,0,0,0,0,0,pge:17775
PSF-005042,Bauschlott,48.963500,8.746000,0,0,0,0,0,0,0,0,pge:17779
PSF-005043,Hoover Ridge,44.721600,-122.167000,0,0,0,0,0,0,0,0,pge:17781
PSF-005044,Kong,22.157200,-159.327000,0,0,0,0,0,0,0,0,pge:17782
PSF-005045,O Xistral,43.462100,-7.594620,0,0,0,0,0,0,0,0,pge:17786
PSF-005046,Fundão - Sul,40.121400,-7.415620,0,0,0,0,0,0,0,0,pge:17788
PSF-005047,"Cleveland, AL Tow Field",33.979000,-86.590000,0,0,0,0,0,0,0,0,pge:17789
PSF-005048,"Tut, Adiyaman",37.816200,37.912800,0,0,0,0,0,0,0,0,pge:17791
PSF-005049,Ćwilin,49.685600,20.192700,0,0,1,1,1,0,0,0,pge:17792
PSF-005050,Kepirli,36.948600,34.560300,0,0,0,0,0,0,0,0,pge:17793
PSF-005051,Serra do Xistral,43.491900,-7.648480,0,0,0,0,0,0,0,0,pge:17795
PSF-005052,Balomir,45.924200,23.358400,1,2,2,2,1,2,2,2,pge:17797
PSF-005053,Dedeboynu Ã‡ukurbaÄŸ,36.585700,32.591900,0,0,0,0,0,0,0,0,pge:17799
PSF-005054,Steiner Alm,47.244400,11.865100,0,0,0,0,0,0,0,0,pge:17803
PSF-005055,Halver - Hohenplanken,51.179100,7.441950,0,0,0,0,0,0,0,0,pge:17804
PSF-005056,Oylarandoy,43.153600,-1.333380,0,0,0,0,0,0,0,0,pge:17809
PSF-005057,Budeasa,44.921500,24.835900,0,0,0,0,1,2,1,0,pge:17825
PSF-005058,TALISKER plage,57.295000,-6.434220,0,0,0,0,0,2,2,0,pge:17826
PSF-005059,Salgado II,39.546300,-9.102000,1,0,0,0,0,0,1,2,pge:17827
PSF-005060,Bridges,-36.492900,174.476000,0,0,0,2,0,0,0,0,pge:17828
PSF-005061,Mszana Paryj,49.510700,21.653400,0,0,0,0,1,2,0,0,pge:17829
PSF-005062,eagle's nest,22.574700,120.649000,1,0,0,0,1,2,2,2,pge:17830
PSF-005063,"Ulsteinvik, Hestelegda",62.325300,5.889440,1,1,0,0,0,0,1,2,pge:17831
PSF-005064,Hochsteinberg,48.070700,15.344600,0,0,0,0,0,0,2,2,pge:17832
PSF-005065,St.Jean-Monclar (Dormillouse),44.402900,6.371560,0,0,0,0,0,0,2,2,pge:17833
PSF-005066,plop V-NV Takeoff,46.655900,28.076300,0,0,0,0,0,0,2,1,pge:17835
PSF-005067,Madares - Kastro,35.302800,24.117100,1,1,1,0,0,1,1,0,pge:17839
PSF-005068,Oingt rhone,45.957100,4.592400,0,0,0,0,0,1,2,0,pge:17842
PSF-005069,Shumen South,43.251400,26.925100,0,0,0,0,2,0,0,0,pge:17846
PSF-005070,Gonça (Aterro),41.511800,-8.271740,1,1,0,0,0,1,2,1,pge:17848
PSF-005071,Abidar 2,35.302700,46.954700,2,2,2,1,1,0,1,2,pge:17849
PSF-005072,ABIDAR 1,35.314300,46.925000,1,2,2,0,1,0,0,0,pge:17850
PSF-005073,Corralco,-38.386200,-71.569200,0,0,0,1,2,2,0,0,pge:17852
PSF-005074,Lo Riondè,45.959500,7.643400,1,1,1,2,2,2,1,1,pge:17853
PSF-005075,Euthal,47.093600,8.823270,2,0,0,0,0,0,0,2,pge:17854
PSF-005076,Deco Est 1,18.112400,-63.021300,0,0,2,2,0,0,0,0,pge:17856
PSF-005077,Deco Est3,18.112300,-63.022000,0,0,2,0,0,0,0,0,pge:17857
PSF-005078,Anguilla - Deco sud est,18.121500,-63.020200,0,0,0,2,2,0,0,0,pge:17858
PSF-005079,Letjelište Daruvar,45.584200,17.212900,2,2,2,2,2,2,2,2,pge:17859
PSF-005080,deco sud 1,18.111100,-63.023300,0,0,0,0,2,0,0,0,pge:17860
PSF-005081,Anguilla -deco sud2,18.112000,-63.023800,0,0,0,0,2,0,0,0,pge:17861
PSF-005082,South Point,40.490200,49.191000,0,0,0,0,2,1,0,0,pge:17862
PSF-005083,Prickles Hill 1,40.507500,49.354600,1,2,1,1,2,0,0,0,pge:17863
PSF-005084,Prickles Hill 2,40.505500,49.342000,0,0,0,1,2,1,0,0,pge:17864
PSF-005085,Camden Park,-34.044800,150.686000,0,0,0,0,0,0,0,0,pge:17867
PSF-005086,Houeville,48.372200,5.803910,0,2,0,0,0,0,0,0,pge:17870
PSF-005087,Gersbach Skilift,47.686800,7.931270,0,0,0,0,0,0,0,0,pge:17872
PSF-005088,Hill,53.539100,-9.790070,0,0,0,0,0,0,0,0,pge:17875
PSF-005089,Schwalbenwand,47.365200,12.863400,0,0,0,0,0,0,0,0,pge:17881
PSF-005090,The Ranges,-32.394900,23.841400,0,0,0,0,0,0,0,0,pge:17884
PSF-005091,Babia Hora,49.571500,19.528600,0,0,0,2,2,2,1,0,pge:17885
PSF-005092,Gloucester Airfield,-32.052700,151.976000,0,0,0,0,0,0,0,0,pge:17886
PSF-005093,Jondaryan,-27.451700,151.562000,0,0,0,0,0,0,0,0,pge:17887
PSF-005094,Mazagon,37.110900,-6.769720,0,0,0,0,0,0,0,0,pge:17891
PSF-005095,Landies,-29.746200,29.955500,0,0,0,0,0,0,0,0,pge:17892
PSF-005096,Marterle,46.880000,12.946200,0,0,0,0,0,0,0,0,pge:17893
PSF-005097,Mount Werner,40.453000,-106.752000,0,0,0,0,0,0,0,0,pge:17894
PSF-005098,Mark's Launch,42.513100,-120.233000,0,0,0,0,0,0,0,0,pge:17896
PSF-005099,Ciaculli(Pa),38.059900,13.410100,0,0,0,0,0,0,0,0,pge:17898
PSF-005100,Warmbaths airfield,-24.909700,28.309200,0,0,0,0,0,0,0,0,pge:17899
PSF-005101,Petrani,46.685500,22.257800,0,0,0,0,0,0,0,0,pge:17903
PSF-005102,Baleal,39.360200,-9.355330,0,0,0,0,0,0,0,0,pge:17906
PSF-005103,Klein Matterhorn,45.935100,7.732350,0,0,0,0,0,0,0,0,pge:17907
PSF-005104,Mahya DaÄŸ Kel Tepe,41.766000,27.630600,0,0,0,0,0,0,0,0,pge:17910
PSF-005105,volkma,51.442200,9.087770,0,0,0,0,0,0,0,0,pge:17911
PSF-005106,One Tree Hill,-28.309400,152.290000,0,0,0,0,0,0,0,0,pge:17912
PSF-005107,ÅžanlÄ±urfa Karababa,37.334100,38.691700,0,0,0,0,0,0,0,0,pge:17915
PSF-005108,Livezile,44.519900,22.878600,0,0,0,0,0,0,0,0,pge:17920
PSF-005109,POISON 3,52.821900,-7.007370,0,0,0,0,0,0,0,0,pge:17921
PSF-005110,Jeizinen,46.324700,7.719850,0,0,0,0,0,0,0,0,pge:17922
PSF-005111,Drummin Double Dysza,53.058400,-6.298730,0,0,0,0,0,0,0,0,pge:17923
PSF-005112,Sommet des Cluots,44.045300,7.001770,0,0,0,0,0,0,0,0,pge:17924
PSF-005113,Rusty Gate,-34.032200,19.369600,0,0,0,0,0,0,0,0,pge:17925
PSF-005114,Parski,53.525200,18.763400,0,0,0,0,0,0,1,2,pge:17926
PSF-005115,oule,44.512400,5.831670,0,0,0,0,0,0,0,0,pge:17929
PSF-005116,Pelado,-26.844500,-49.071100,0,0,0,0,0,0,0,0,pge:17961
PSF-005117,Mubarak Village II,24.853300,66.672600,0,0,0,0,2,2,1,0,pge:17967
PSF-005118,Prariond,45.536400,6.672700,0,0,0,0,0,0,0,0,pge:17969
PSF-005119,Osiyan dune,26.724000,72.898500,2,2,0,0,0,0,0,0,pge:17970
PSF-005120,Nicostarten,59.176000,6.147200,0,0,0,0,0,1,2,1,pge:17972
PSF-005121,Bassano - Stella Alpina,45.819300,11.763500,0,0,0,2,2,2,0,0,pge:17973
PSF-005122,Petite neigette,48.446800,-68.300800,2,1,0,0,0,1,2,2,pge:17975
PSF-005123,Tulancingo,20.145600,-98.303600,0,2,2,0,0,0,0,0,pge:17976
PSF-005124,Mali Kalnik,46.120600,16.411400,0,0,0,2,2,2,0,0,pge:17977
PSF-005125,Kalnik - E,46.131300,16.455400,0,0,0,2,2,0,0,0,pge:17978
PSF-005126,Xkogel,47.000000,14.000000,1,0,0,2,2,1,0,0,pge:17979
PSF-005127,Tuili,39.729600,8.978550,0,0,0,2,2,2,0,0,pge:17980
PSF-005128,Buggeru,39.410900,8.425370,0,0,0,0,0,0,2,2,pge:17984
PSF-005129,Littigheddu,40.880700,8.785740,2,0,0,0,0,0,0,2,pge:17986
PSF-005130,Muros,40.678900,8.611200,0,2,2,0,0,0,0,0,pge:17987
PSF-005131,Baunei Golgo,40.034400,9.665000,0,2,2,2,0,0,0,0,pge:17988
PSF-005132,Villanova Tulo Sadali Lago Flumendosa,39.776900,9.214800,0,0,0,0,2,2,2,0,pge:17989
PSF-005133,Gonnos,39.480700,8.675800,2,0,0,0,0,0,0,2,pge:17990
PSF-005134,Setzu,39.730000,8.960800,0,0,0,0,2,0,0,0,pge:17991
PSF-005135,Villacidro,39.438000,8.724600,0,0,0,2,2,0,0,0,pge:17992
PSF-005136,Gonnosfanadiga,39.483700,8.681000,0,0,0,0,0,0,0,2,pge:17993
PSF-005137,Nebida,39.296600,8.436500,0,0,0,0,0,2,2,2,pge:17994
PSF-005138,Setzu la Jara,39.735800,8.952400,0,0,0,2,2,0,0,0,pge:17995
PSF-005139,Siliqua,39.205000,8.771700,0,0,2,2,0,0,0,0,pge:17997
PSF-005140,Pauli,39.683700,8.939000,0,0,0,0,0,0,2,0,pge:17998
PSF-005141,Porto Palmas,40.758000,8.164300,0,0,0,0,0,0,2,0,pge:17999
PSF-005142,Argentiera,40.757600,8.161200,0,0,0,0,0,0,2,2,pge:18000
PSF-005143,Sinnai,39.342100,9.243600,0,0,0,2,2,0,0,0,pge:18001
PSF-005144,Grighine,39.904000,8.822100,0,0,0,0,2,0,0,0,pge:18002
PSF-005145,Balai,40.831000,8.430400,2,2,0,0,0,0,0,2,pge:18003
PSF-005146,Villasalto,39.478100,9.431300,0,0,2,0,0,0,0,0,pge:18004
PSF-005147,Guasila,39.606900,9.038900,0,0,0,0,0,2,2,2,pge:18005
PSF-005148,Gentilis,39.657800,8.518900,2,2,0,0,0,0,0,0,pge:18006
PSF-005149,Monte Ortobene,40.322400,9.375000,0,0,0,2,2,0,0,0,pge:18007
PSF-005150,Iglesias Marganai,39.339900,8.577000,0,0,0,0,2,0,0,0,pge:18008
PSF-005151,Domusnovas,39.329600,8.620800,0,0,0,2,2,2,0,0,pge:18009
PSF-005152,Fontanamare,39.293900,8.439700,0,0,0,0,2,2,0,0,pge:18010
PSF-005153,Ploaghe,40.687200,8.748000,0,0,0,0,0,1,2,0,pge:18011
PSF-005154,Monte Arci,39.810100,8.727000,0,0,0,0,0,0,2,0,pge:18012
PSF-005155,Solanas,39.130900,9.435400,0,0,0,0,0,2,2,0,pge:18013
PSF-005156,Guspini,39.651800,8.532100,2,2,0,0,0,0,0,2,pge:18014
PSF-005157,Genuri,39.743400,8.940700,0,0,0,0,2,2,0,0,pge:18015
PSF-005158,Montellano,37.005400,-5.546930,0,2,0,0,0,0,0,0,pge:18016
PSF-005159,Bathurst Bash,-33.476000,149.565000,0,0,0,0,0,0,0,0,pge:18019
PSF-005160,Dee's Tow Site,-31.232300,150.574000,0,0,0,0,0,0,0,0,pge:18021
PSF-005161,Spring Ridge Tow Site,-31.332700,150.186000,0,0,0,0,0,0,0,0,pge:18022
PSF-005162,Tamna,44.613500,23.087900,0,0,0,0,0,0,0,0,pge:18023
PSF-005163,Genevilla,42.635800,-2.389310,0,0,0,0,0,0,1,2,pge:18026
PSF-005164,Las Mazorras,42.819500,-3.587170,0,2,0,0,0,0,0,0,pge:18027
PSF-005165,Mehadia,44.938600,22.342500,0,0,0,0,0,0,0,0,pge:18035
PSF-005166,Lookout Mountain Flight Park,34.898200,-85.445300,2,1,0,0,0,0,0,2,pge:18038
PSF-005167,Alabama Hills,36.660800,-118.130000,2,0,0,0,0,0,0,0,pge:18039
PSF-005168,MARIUS,52.653700,-6.702080,0,0,0,0,0,0,0,0,pge:18040
PSF-005169,"Bagli Village Red Hill, Aksaray",38.246800,34.062200,0,0,0,0,0,0,0,0,pge:18044
PSF-005170,kengerli,37.045900,36.358000,0,0,0,0,0,0,0,0,pge:18046
PSF-005171,Sancho Abarca,42.020300,-1.321170,0,0,0,0,0,0,0,0,pge:18048
PSF-005172,Laredo Valverde,43.411000,-3.368400,0,0,0,0,0,0,0,0,pge:18049
PSF-005173,Monte Candiano,43.356600,-3.443770,0,0,0,0,0,0,0,0,pge:18050
PSF-005174,"Acadia Bluffs, MI",44.537000,-86.224300,0,0,0,0,0,0,0,0,pge:18052
PSF-005175,Mount Leona,48.766700,-118.477000,0,0,0,0,0,0,0,0,pge:18057
PSF-005176,Leuwkop airstrip,-26.867000,28.073200,0,0,0,0,0,0,0,0,pge:18062
PSF-005177,Aerodrom Drobeta,44.577800,22.843000,0,0,0,0,0,0,0,0,pge:18065
PSF-005178,Kilyos,41.245800,29.012800,0,0,0,0,0,0,0,0,pge:18066
PSF-005179,uludaÄŸ gÃ¼neye kalkÄ±ÅŸ 2030m,40.087200,29.133000,0,0,0,0,0,0,0,0,pge:18067
PSF-005180,ser-dal mountain 2,39.375400,29.966100,0,0,0,0,0,0,0,0,pge:18068
PSF-005181,WESTONIA tow paddock,-31.166500,118.671000,0,0,0,0,0,0,0,0,pge:18075
PSF-005182,Serra da Cruz,-22.202700,-42.009800,2,2,2,1,1,0,0,1,pge:18083
PSF-005183,SERRA DA CORUJA,-16.534100,-41.529400,0,0,0,0,0,0,0,0,pge:18084
PSF-005184,Monte Santo,-10.429600,-39.338000,0,0,0,0,0,0,0,0,pge:18086
PSF-005185,Point Possesion Bluffs,60.989600,-150.315000,0,2,2,0,0,0,0,0,pge:18090
PSF-005186,"Golgothas, Arnissa Keraies",40.766100,21.824400,0,2,2,2,0,0,0,0,pge:18091
PSF-005187,Lara Bay,34.965800,32.313500,0,0,0,0,0,1,1,0,pge:18092
PSF-005188,Storojevoe,51.212900,39.197700,2,2,0,0,0,0,0,0,pge:18094
PSF-005189,Uçmakdere 250,40.810800,27.392600,0,0,1,2,2,1,0,0,pge:18095
PSF-005190,Uçmakdere 550,40.814500,27.383300,0,0,2,0,0,0,0,0,pge:18096
PSF-005191,mont Moiran,47.622000,6.349450,0,1,2,0,0,0,0,0,pge:18098
PSF-005192,Paragon,40.526000,49.295100,0,0,1,2,2,2,0,0,pge:18099
PSF-005193,Belltall,41.491100,1.198900,0,0,0,1,2,1,0,0,pge:18100
PSF-005194,Kreminne,48.477900,27.603500,0,0,0,0,0,0,1,2,pge:18101
PSF-005195,Cazan,44.968700,25.453200,0,0,0,0,0,1,0,0,pge:18102
PSF-005196,doftana negrasu,45.325900,25.756900,0,0,0,0,0,2,2,2,pge:18103
PSF-005197,posada,45.315000,25.616900,0,0,0,0,2,2,2,1,pge:18104
PSF-005198,Plesuva,45.271000,25.593000,0,0,0,2,2,2,0,0,pge:18105
PSF-005199,COTA 2000,45.362400,25.494800,0,0,2,2,0,0,0,0,pge:18106
PSF-005200,Dealul Frumos,45.194800,25.396400,0,0,0,1,2,2,0,0,pge:18107
PSF-005201,San Bernardo di Mendatica,44.089300,7.792400,0,1,1,2,1,1,0,0,pge:18108
PSF-005202,The Hags' Teeth,52.015300,-9.725300,2,2,0,0,0,0,0,0,pge:18109
PSF-005203,The Windy Gap,52.032100,-9.931400,2,0,1,2,1,0,2,2,pge:18110
PSF-005204,Kozliv,48.497200,27.513600,0,0,0,0,0,2,1,0,pge:18111
PSF-005205,Le Colombier,45.644400,6.118700,0,0,0,0,1,2,2,1,pge:18112
PSF-005206,Rutovu,-3.909100,29.846200,0,1,2,1,0,0,0,0,pge:18113
PSF-005207,Mutumba,-3.612700,29.371000,1,0,0,0,1,2,2,1,pge:18114
PSF-005208,Kabezi,-3.503200,29.349000,0,0,0,0,1,2,2,1,pge:18115
PSF-005209,Tulum,20.209800,-87.430400,0,0,2,2,0,0,0,0,pge:18116
PSF-005210,Boca Paila Dune,20.089300,-87.475300,0,0,2,2,0,0,0,0,pge:18117
PSF-005211,Pizzo Cane,37.953500,13.556600,0,0,0,0,0,0,0,0,pge:18120
PSF-005212,Strandfontein,-31.743700,18.223000,0,0,0,0,0,0,0,0,pge:18127
PSF-005213,"Boztepe, Erzincan",39.648500,39.521900,0,0,0,0,0,0,0,0,pge:18131
PSF-005214,BOAL,43.424000,-6.839130,0,0,0,0,0,0,0,0,pge:18134
PSF-005215,Malomicka,51.414000,16.214900,0,0,0,0,0,0,0,0,pge:18137
PSF-005216,Finestrelle,37.803700,12.915100,0,0,0,0,0,0,0,0,pge:18142
PSF-005217,Suadiye Istanbul paramotor take off,40.955400,29.081600,0,0,0,0,0,0,0,0,pge:18143
PSF-005218,Mount Rankin,-33.322320,149.509570,0,0,1,1,0,0,0,0,pge:18145;siteguide_au:143-256
PSF-005219,Koko Crater,21.289700,-157.677000,0,0,0,0,0,0,0,0,pge:18147
PSF-005220,Wasdale,54.419900,-3.312730,0,0,0,0,0,0,0,0,pge:18151
PSF-005221,Watzel,49.528900,8.510070,0,0,0,0,0,0,0,0,pge:18153
PSF-005222,Rampa Portal da Lua,-20.525000,-41.897200,0,0,0,0,0,0,0,0,pge:18162
PSF-005223,Kroczewo,52.473200,20.537700,2,2,2,2,2,2,2,2,pge:18168
PSF-005224,Tsupivka,50.259500,36.152600,0,1,2,1,0,0,0,0,pge:18169
PSF-005225,Pedana Delta 3,42.359300,12.147800,0,0,0,0,2,0,0,0,pge:18171
PSF-005226,Orekhovaya gora (Avrora),59.692400,30.118600,0,0,0,1,2,1,0,0,pge:18172
PSF-005227,Vrgorac,43.209300,17.358200,1,1,0,1,2,1,0,1,pge:18173
PSF-005228,yedi gez,36.000000,45.000000,2,2,0,0,0,0,0,0,pge:18174
PSF-005229,Ocean Grove,-38.271340,144.522430,0,0,0,0,1,0,0,0,pge:18176;siteguide_au:157-87
PSF-005230,Rishon LeZion,32.001100,34.733900,0,0,0,0,0,0,2,0,pge:18177
PSF-005231,Geno Navy,27.362200,56.162800,0,0,0,1,2,2,1,0,pge:18181
PSF-005232,Mount Rennie,-28.660900,114.742500,0,0,0,0,1,0,0,0,pge:18186;siteguide_au:47-129
PSF-005233,Rooty Hill Sports Fields,-33.775400,150.862000,0,0,0,0,0,0,0,0,pge:18189
PSF-005234,Beigua,44.427800,8.598980,0,0,0,1,2,1,0,0,pge:18191
PSF-005235,Red Screes,54.468100,-2.933070,0,0,0,0,0,0,0,0,pge:18194
PSF-005236,Border End,54.406100,-3.194330,0,0,0,0,0,0,0,0,pge:18195
PSF-005237,Bleansley,54.291200,-3.222650,0,0,0,0,0,0,0,0,pge:18196
PSF-005238,Le Prorel,44.900500,6.584850,2,0,2,0,2,0,0,0,pge:18197
PSF-005239,Corney Fell,54.322900,-3.323270,0,0,0,0,0,0,0,0,pge:18198
PSF-005240,Rovine S. Cosmo,37.964300,13.207200,0,0,0,0,0,0,0,0,pge:18203
PSF-005241,Rocca Vautero (Roletto),44.934200,7.313750,0,0,0,0,0,0,0,0,pge:18218
PSF-005242,North Stradbroke- Mainbeach,-27.487500,153.516000,0,0,0,0,0,0,0,0,pge:18220
PSF-005243,RUDNA PPG,51.522100,16.267200,0,0,0,0,0,0,0,0,pge:18221
PSF-005244,"Ghayabari Tea Garden, Kurseong",26.855900,88.311400,0,2,0,1,0,0,0,0,pge:18240
PSF-005245,Balj,42.742900,19.820200,0,0,0,0,2,2,2,0,pge:18241
PSF-005246,Patakino,56.260100,40.921300,0,0,0,1,2,1,0,0,pge:18242
PSF-005247,Rainbow Valley - West Patterson,33.188900,-112.416000,0,2,2,2,0,0,0,0,pge:18245
PSF-005248,Rainbow Valley - North Bullard,33.215100,-112.375000,0,0,0,2,2,2,0,0,pge:18246
PSF-005249,Rainbow Valley - South Bullard,33.175700,-112.375000,2,2,0,0,0,0,0,2,pge:18247
PSF-005250,Marros,51.741800,-4.608800,0,0,0,1,1,1,0,0,pge:18250
PSF-005251,Karnobat,42.645200,27.008700,2,1,0,0,0,0,0,0,pge:18252
PSF-005252,Delfin,42.107200,27.918500,0,2,1,0,0,0,0,0,pge:18253
PSF-005253,Kraimorie,42.453400,27.484500,0,2,0,0,0,0,0,0,pge:18254
PSF-005254,Veselie,42.329400,27.635000,0,0,0,0,0,2,0,0,pge:18255
PSF-005255,Juno,26.879000,-80.052200,0,0,0,0,0,0,0,0,pge:18263
PSF-005256,Isverna Sud,44.985800,22.665000,0,0,0,0,0,0,0,0,pge:18264
PSF-005257,"Karaisali, Adana",37.251100,35.045700,0,0,0,0,0,0,0,0,pge:18265
PSF-005258,Mönchsheide,50.509000,7.251170,0,0,0,0,0,0,0,0,pge:18266
PSF-005259,Puntallana,28.745800,-17.743900,0,2,1,0,0,0,0,0,pge:18267
PSF-005260,alayunt,39.394400,30.108700,0,0,0,0,0,0,0,0,pge:18268
PSF-005261,Pascal,42.761500,24.208900,0,0,0,0,0,0,0,0,pge:18269
PSF-005262,Fethiye,39.760400,27.912900,0,0,0,1,1,1,0,0,pge:18270
PSF-005263,Nundle,-31.458600,151.113000,0,0,0,0,0,0,0,0,pge:18271
PSF-005264,"Dagbeli North, Antalya",37.188000,30.530000,0,0,0,0,0,0,0,0,pge:18275
PSF-005265,Güzelce,41.006700,28.512000,0,0,0,0,0,0,0,0,pge:18276
PSF-005266,Portland - Bishops Rock / Shelly Beach,-38.359700,141.443500,0,0,0,0,1,0,0,0,pge:18280;siteguide_au:158-97
PSF-005267,West Sydney Uni,-33.768500,150.730000,0,0,0,0,0,0,0,0,pge:18282
PSF-005268,"Gali Tepesi, Ã‡aycuma",41.515000,32.048500,0,0,0,0,0,0,0,0,pge:18283
PSF-005269,Kaena Point - SW launch,21.572100,-158.273000,0,0,0,0,0,0,0,0,pge:18284
PSF-005270,Diamond Head,21.255100,-157.809000,0,0,0,0,0,0,0,0,pge:18285
PSF-005271,Glacis,-32.221200,27.376700,0,0,0,0,0,0,0,0,pge:18286
PSF-005272,EÄŸerce SÃ¼rÃ¼cÃ¼ Tepe,40.366200,28.609000,0,0,0,0,0,0,0,0,pge:18287
PSF-005273,Puerto Naos,28.586900,-17.902300,0,0,0,0,1,2,2,1,pge:18292
PSF-005274,Krutaja Hara (Anoshki),54.085000,27.874000,1,0,0,0,0,0,2,2,pge:18314
PSF-005275,Varonickae Balota (Viezhy),53.310000,27.670000,2,2,2,2,2,2,2,2,pge:18315
PSF-005276,Col du Sapenay 'Le Belvedere',45.810900,5.864260,0,0,0,0,0,1,2,1,pge:18316
PSF-005277,Agras,40.820600,21.982200,0,0,0,0,0,2,2,2,pge:18320
PSF-005278,Casarabuonela (Sierra Prieta),36.787500,-4.858050,0,0,0,2,2,0,0,0,pge:18323
PSF-005279,Almagarinos,42.672900,-6.242890,0,0,0,0,0,0,1,1,pge:18324
PSF-005280,El Barranco,42.383100,-2.455300,0,0,0,0,0,0,2,2,pge:18325
PSF-005281,Canamero,39.366900,-5.370090,0,0,0,0,1,2,1,0,pge:18327
PSF-005282,Berge,59.661700,6.014720,0,0,0,0,0,0,2,2,pge:18329
PSF-005283,Chiaramonti,40.750700,8.817000,2,0,0,0,0,0,0,0,pge:18332
PSF-005284,Bambi,-25.493800,30.299300,1,2,2,1,0,0,0,0,pge:18333
PSF-005285,morlaca,46.866900,22.915000,1,2,2,1,1,0,0,0,pge:18339
PSF-005286,Rampa do Unhudo,-22.475400,-48.430600,0,1,2,1,0,0,0,0,pge:18340
PSF-005287,Coopers ('Thermal Rise'),50.285600,-118.986000,0,2,2,2,2,0,0,0,pge:18342
PSF-005288,Pajariel,42.535000,-6.616100,2,0,0,0,0,0,0,2,pge:18343
PSF-005289,San Pedro de Troones,42.375500,-6.783600,2,0,0,0,0,0,0,2,pge:18344
PSF-005290,Plan du fou,46.140900,7.295330,0,0,2,0,0,0,1,0,pge:18345
PSF-005291,Faleza Cernatesti,45.253300,26.745700,0,1,2,1,0,0,0,0,pge:18346
PSF-005292,Monte Ossoni,40.908100,8.763600,1,2,0,0,0,0,0,0,pge:18348
PSF-005293,Takayama East,34.059500,133.929000,0,2,2,2,0,0,0,0,pge:18351
PSF-005294,Pech de Fusil,44.498800,1.047900,0,0,2,2,1,0,0,0,pge:18352
PSF-005295,Le Grand Morne,46.137300,-71.100100,0,0,0,0,0,1,2,1,pge:18354
PSF-005296,Bukit Batu Reput,6.605000,100.277000,2,2,2,0,0,0,2,0,pge:18358
PSF-005297,Podkonické pleše,48.816400,19.243800,0,0,0,0,2,0,0,0,pge:18373
PSF-005298,Dawson - Sunnydale,64.055700,-139.461000,0,0,2,1,0,0,0,0,pge:18377
PSF-005299,KILIÃ‡KAYA,40.487600,30.436200,0,0,0,1,2,2,2,2,pge:18383
PSF-005300,Kustilj,45.042100,21.395400,0,0,0,2,1,0,0,0,pge:18384
PSF-005301,Djakov vrh,45.121900,21.347200,0,0,0,0,2,0,0,0,pge:18385
PSF-005302,Monte Littu,40.562000,8.997900,0,0,0,0,0,0,2,0,pge:18386
PSF-005303,La croupe de charance,44.568600,6.019800,0,0,0,1,2,2,0,0,pge:18387
PSF-005304,Fragkokastello,35.212800,24.240300,0,0,1,2,2,2,1,0,pge:18388
PSF-005305,Mum,53.518000,-9.535600,0,0,0,0,0,2,0,0,pge:18389
PSF-005306,Hoskote Lake Bed,13.070400,77.768800,0,0,1,1,0,0,1,1,pge:18391
PSF-005307,Captain Hill Yadamadu,12.737300,77.502500,0,0,2,2,0,0,2,2,pge:18392
PSF-005308,Raghav Hill,12.219000,78.020100,0,0,2,2,0,0,0,0,pge:18393
PSF-005309,Ball Pass,-43.638600,170.166000,0,0,0,0,0,0,0,0,pge:18398
PSF-005310,Koko Head,21.261800,-157.704000,0,0,0,0,0,0,0,0,pge:18414
PSF-005311,Davraz,37.773800,30.753000,0,0,0,0,0,0,0,0,pge:18415
PSF-005312,Mumford Tow Field,33.476800,-85.962200,0,0,0,0,0,0,0,0,pge:18421
PSF-005313,Pizzo Gallinaro,37.633000,13.351300,0,0,0,0,0,0,0,0,pge:18426
PSF-005314,S.Antonio - Costa del Mito,40.016900,15.349500,0,0,2,1,1,2,2,0,pge:18428
PSF-005315,Veselie,42.328700,27.633900,0,0,0,0,0,0,0,0,pge:18429
PSF-005316,Beer Head,50.686600,-3.106120,0,0,0,0,0,0,0,0,pge:18433
PSF-005317,Hochälpele,47.402800,9.814350,0,0,0,0,0,0,0,0,pge:18443
PSF-005318,Dad Saulgau Airfield EDTU,48.023700,9.515130,0,0,0,0,0,0,0,0,pge:18446
PSF-005319,Antbear Lodge North-West,-29.151900,29.822800,0,0,0,0,0,0,0,0,pge:18447
PSF-005320,Il Monte,38.021300,13.960600,0,0,0,0,0,0,0,0,pge:18448
PSF-005321,Malolaczniak,49.236300,19.917800,0,0,0,0,0,0,0,0,pge:18451
PSF-005322,Westonia Tow Paddock,-31.155600,118.637000,0,0,0,0,0,0,0,0,pge:18452
PSF-005323,St-Bonnet-de-Chirac,44.513000,3.288780,0,0,0,0,0,0,0,0,pge:18456
PSF-005324,Bué,47.313600,2.781520,0,0,2,0,0,0,0,0,pge:18459
PSF-005325,Area B,46.174100,-123.978000,0,0,0,0,0,0,0,0,pge:18464
PSF-005326,Glo,42.965000,24.152900,0,0,0,0,0,0,0,0,pge:18466
PSF-005327,Mt Awful,-44.140600,169.066000,0,0,0,0,0,0,0,0,pge:18467
PSF-005328,Pria,47.010300,22.905500,0,0,0,0,0,0,0,0,pge:18469
PSF-005329,Hurricane Flag Launch,37.091600,-113.302000,0,0,0,0,0,0,0,0,pge:18471
PSF-005330,Ostra mogila,42.451900,25.459400,0,0,0,0,0,0,0,0,pge:18482
PSF-005331,Debrzno,53.524200,17.256500,0,0,0,0,0,0,0,0,pge:18483
PSF-005332,Pipson Spur,-44.058600,169.409000,0,0,0,0,0,0,0,0,pge:18484
PSF-005333,Col de Baure,45.283900,5.839700,0,0,0,0,0,0,0,0,pge:18485
PSF-005334,Horse Heaven,39.490700,-111.832000,0,0,0,0,2,2,1,1,pge:18494
PSF-005335,Comeragh N-NE,52.262700,-7.509400,0,0,0,0,0,0,0,0,pge:18502
PSF-005336,Yoke,54.452800,-2.861950,0,0,0,0,0,0,0,0,pge:18507
PSF-005337,Kizilkum,41.597300,32.126700,0,0,0,0,0,0,0,0,pge:18511
PSF-005338,Suadiye Istanbul paramotor take off,40.923700,29.121800,0,0,0,0,0,0,0,0,pge:18512
PSF-005339,Eagle's nest,6.082400,-75.193200,0,0,0,0,0,0,0,0,pge:18513
PSF-005340,Lisie,53.516300,18.864300,0,0,0,0,0,0,0,0,pge:18514
PSF-005341,Kadibuku,41.188500,32.886300,0,0,0,0,0,0,0,0,pge:18517
PSF-005342,Günzene,46.681800,7.603200,0,0,0,0,0,0,0,0,pge:18520
PSF-005343,Patea Beach,-39.767900,174.481000,0,0,0,0,0,0,0,0,pge:18521
PSF-005344,Klausenlift take-off,49.966800,11.845800,0,0,0,0,0,0,0,0,pge:18523
PSF-005345,Szukalowy Garb,49.482800,22.650100,0,0,0,0,0,0,0,0,pge:18524
PSF-005346,Chudow,50.212100,18.789600,0,0,0,0,0,0,0,0,pge:18525
PSF-005347,Harp Mountain,61.219400,-149.410000,0,0,0,0,0,0,0,0,pge:18526
PSF-005348,Lazy Mountain,61.617500,-148.972000,0,0,0,0,0,0,0,0,pge:18527
PSF-005349,Binowo,53.293000,14.656600,0,0,0,0,0,0,0,0,pge:18532
PSF-005350,Falkenfluh,46.825800,7.632750,0,0,0,0,0,0,0,0,pge:18535
PSF-005351,Simmering,47.283700,10.867700,0,0,0,0,0,0,0,0,pge:18536
PSF-005352,La Caquerelle/ Boécourt,47.362300,7.207230,0,0,0,0,0,0,0,0,pge:18545
PSF-005353,Auchmithie Cliffs,56.589700,-2.520170,0,0,0,0,0,0,0,0,pge:18547
PSF-005354,Morro do Toco,-28.216700,-48.776400,0,0,0,0,0,0,0,0,pge:18554
PSF-005355,Buraquinhos,-12.882500,-38.280900,0,0,0,0,0,0,0,0,pge:18559
PSF-005356,Pico do gavião Rio de Contas,-13.595300,-41.837200,0,0,0,0,0,0,0,0,pge:18577
PSF-005357,Iparla,43.239900,-1.372230,0,0,0,0,0,0,0,0,pge:18589
PSF-005358,Rampa Ipanema Raul Fonseca,-19.749100,-41.734800,0,0,0,0,0,0,0,0,pge:18590
PSF-005359,Krajno,50.896400,20.820700,2,2,0,0,0,0,0,2,pge:18606
PSF-005360,Rutovu - Ouest,-3.944950,29.868700,0,0,0,0,0,1,2,1,pge:18608
PSF-005361,Banga,-3.107300,29.607300,0,1,1,2,1,0,0,0,pge:18609
PSF-005362,Kabezi 2,-3.509700,29.395100,0,0,0,0,1,2,1,1,pge:18610
PSF-005363,Imsouane,30.835200,-9.800300,0,0,0,0,0,2,1,1,pge:18611
PSF-005364,Deniz Tepe,44.999200,28.690800,0,1,2,1,0,0,0,0,pge:18612
PSF-005365,Cheoc-Van Beach,22.116400,113.561000,0,0,0,1,2,1,0,0,pge:18613
PSF-005366,Broome Cable Beach,-17.929500,122.210000,0,0,0,0,0,1,2,1,pge:18616
PSF-005367,Kanemi-dake,31.662900,131.079000,1,0,0,0,0,0,1,2,pge:18617
PSF-005368,Aoshima,31.784600,131.487000,0,1,2,1,0,0,0,0,pge:18618
PSF-005369,Diefenbaker Training Hill,49.005400,-123.074000,2,2,2,2,2,0,0,0,pge:18620
PSF-005370,Yallingup - Rabbit Hill,-33.634000,115.029500,0,0,0,0,0,0,1,0,pge:18622;siteguide_au:58-139
PSF-005371,Lough Navar,54.463100,-7.928700,2,1,0,0,0,0,0,2,pge:18623
PSF-005372,Koźlice,51.452300,16.236400,0,0,0,0,0,0,0,0,pge:18625
PSF-005373,Meyrik,37.301600,37.168900,0,0,0,0,0,0,0,0,pge:18626
PSF-005374,Wehingen take-off,49.455200,6.507530,0,0,0,0,0,0,0,0,pge:18627
PSF-005375,S. Rosalia,37.621300,13.521500,0,0,0,0,0,0,0,0,pge:18629
PSF-005376,Bosneka,42.503900,23.188700,0,0,0,0,0,0,0,0,pge:18630
PSF-005377,Agris / Ciurila,46.597100,23.545500,2,1,0,0,0,0,0,1,pge:18631
PSF-005378,Busot,38.483700,-0.413983,0,0,1,2,1,0,0,0,pge:18632
PSF-005379,O'malley Peak,61.099300,-149.586000,0,0,0,0,0,0,0,0,pge:18634
PSF-005380,Pioneer Peak Ridge,61.454700,-148.996000,0,0,0,0,0,0,0,0,pge:18635
PSF-005381,Giresun Karagol,40.553700,38.144100,0,0,0,0,0,0,0,0,pge:18636
PSF-005382,Mondalindo,40.875100,-3.695250,0,0,0,0,1,2,0,0,pge:18637
PSF-005383,Karatepe,41.121700,27.739700,0,0,1,2,2,1,0,0,pge:18642
PSF-005384,Challow,51.609900,-1.479020,0,0,0,0,0,0,0,0,pge:18643
PSF-005385,Bullion Peak,61.768000,-149.385000,0,0,0,0,0,0,0,0,pge:18644
PSF-005386,Keltepe,40.177500,32.921100,0,0,0,0,0,0,0,0,pge:18645
PSF-005387,Kanisfluh,47.332300,9.922300,0,0,0,0,0,0,0,0,pge:18646
PSF-005388,Solden Hill,52.163300,-1.263220,0,0,0,0,0,0,0,0,pge:18647
PSF-005389,Buzovgrad,42.573400,25.380600,0,0,0,0,0,0,0,0,pge:18648
PSF-005390,ST AUBAN,44.055300,5.989100,0,0,0,0,0,0,0,0,pge:18649
PSF-005391,Miami Beach,25.842200,-80.119600,0,0,0,0,0,0,0,0,pge:18650
PSF-005392,Abington (Site Closed!),55.512200,-3.677500,0,0,0,0,0,1,2,1,pge:18651
PSF-005393,Creag Ruadh - Strathconon,57.546000,-4.873880,0,0,0,0,0,0,0,0,pge:18652
PSF-005394,Jaworzyna Krynicka,49.413300,20.899300,1,1,2,2,1,0,0,0,pge:18656
PSF-005395,murwillumbah,-28.332000,153.413000,0,0,0,0,0,0,0,0,pge:18657
PSF-005396,Mount Belles/Radomir,41.326900,23.115200,2,2,0,2,2,2,0,2,pge:18660
PSF-005397,"Gokcebag, Ayas, Ankara",40.085800,32.345900,0,0,0,0,0,0,0,0,pge:18662
PSF-005398,Tokio West,47.333500,-118.264000,0,0,0,0,0,0,0,0,pge:18663
PSF-005399,Edenfield,53.656400,-2.270330,0,0,0,0,0,0,0,0,pge:18664
PSF-005400,Silivri Falezler,41.068100,28.251100,0,0,0,1,2,1,0,0,pge:18666
PSF-005401,Scnellskop,-23.794600,29.955600,0,0,0,0,0,0,0,0,pge:18668
PSF-005402,Oeventrop Segelflugplatz,51.396300,8.144930,0,0,0,0,0,0,0,0,pge:18669
PSF-005403,Ciglio - Cardile,40.272100,15.259300,0,0,1,2,2,2,2,1,pge:18670
PSF-005404,Norwell,-27.755200,153.269000,0,0,0,0,0,0,0,0,pge:18672
PSF-005405,Edith's Gap,38.725100,-78.508900,0,0,1,2,1,0,0,0,pge:18673
PSF-005406,Trzebielino,54.208400,17.072300,0,0,0,0,0,0,0,0,pge:18674
PSF-005407,Sa Plana Bisquerra,39.797200,2.947170,0,0,0,0,0,0,0,0,pge:18675
PSF-005408,Winteregg,46.769000,7.670620,0,0,0,0,0,0,0,0,pge:18676
PSF-005409,Airport Waldsee Reute,47.917900,9.707120,0,0,0,0,0,0,0,0,pge:18678
PSF-005410,Quinns,-31.663200,115.689000,0,0,0,0,0,2,1,0,pge:18680
PSF-005411,montelago,43.137000,12.992000,1,2,2,0,0,0,0,0,pge:18684
PSF-005412,Conto Springs,-34.082100,115.006600,0,0,0,0,0,0,1,0,pge:18686;siteguide_au:61-142
PSF-005413,Mombarone,45.584400,7.894230,0,0,1,1,2,2,0,0,pge:18687
PSF-005414,Carosello 3000 (Livigno),46.516400,10.091000,1,2,2,2,1,0,0,0,pge:18688
PSF-005415,Carn Liath,56.801800,-3.749770,0,0,0,2,2,2,0,0,pge:18690
PSF-005416,Creag Meaghaidh,56.954700,-4.534070,0,0,2,2,2,0,0,0,pge:18691
PSF-005417,Herif,36.439600,50.271400,2,2,0,0,0,0,0,2,pge:18692
PSF-005418,Abyek,36.031600,50.555700,0,0,2,2,2,2,2,0,pge:18693
PSF-005419,Na Cnapanan,56.965800,-4.507860,0,0,0,2,2,2,0,0,pge:18694
PSF-005420,Bruthach nan Uamh,57.165800,-4.993370,0,2,2,2,0,0,0,0,pge:18695
PSF-005421,Soggy Bottom,50.798400,-3.082900,0,0,0,0,0,0,0,0,pge:18696
PSF-005422,Imbabura volcano,0.268250,-78.153400,1,2,1,0,0,0,0,0,pge:18698
PSF-005423,Maleny Mezzanine,-26.779500,152.921000,0,0,0,0,0,0,0,2,pge:18699
PSF-005424,Parque Ecológico,-9.623700,-35.698700,0,0,0,2,1,0,0,0,pge:18700
PSF-005425,Palamaggio,41.130700,14.318100,1,0,0,0,0,2,2,2,pge:18701
PSF-005426,Ambás,43.537300,-5.795150,0,0,0,0,0,0,0,0,pge:18703
PSF-005427,Yosemite (Glacier point)  (no PG),37.730100,-119.571000,0,0,0,0,0,0,0,0,pge:18706
PSF-005428,Safford AZ,32.893100,-109.581000,0,0,0,0,0,0,0,0,pge:18707
PSF-005429,Ã‡atalca-Elbasan,41.154600,28.441200,1,2,1,0,0,0,0,0,pge:18708
PSF-005430,Hirzenhain,50.804200,8.377080,0,0,0,0,0,0,0,0,pge:18709
PSF-005431,Shillelagh,52.782300,-6.555680,0,0,0,0,0,0,0,0,pge:18710
PSF-005432,"Galtymore  Anteny NW,N",52.313700,-8.309700,0,0,0,0,0,0,0,0,pge:18712
PSF-005433,Blackstones Edge,53.642800,-2.051600,0,0,0,0,0,0,0,0,pge:18714
PSF-005434,Igoda,-33.101000,27.776900,0,0,0,0,0,0,0,0,pge:18716
PSF-005435,Turnalık Yaylası,40.659900,37.932700,0,0,0,0,0,0,0,0,pge:18718
PSF-005436,Bilal hill,40.128300,35.262100,0,0,0,0,0,0,0,0,pge:18719
PSF-005437,Oyuktepe,39.405700,38.124000,0,0,0,0,0,0,0,0,pge:18721
PSF-005438,"Galtymore NE ,N",52.373100,-8.169280,0,0,0,0,0,0,0,0,pge:18722
PSF-005439,"Kılıçkaya, Yangın Kulesi",40.498100,30.473000,0,0,0,0,0,0,0,0,pge:18725
PSF-005440,Jhonny Cadena,6.633650,-73.228700,0,0,0,0,0,0,0,0,pge:18726
PSF-005441,Marbriere tower,43.678000,6.928820,0,0,0,0,0,0,0,0,pge:18727
PSF-005442,Pleherel-Plage,48.656400,-2.368230,0,0,0,0,0,0,0,0,pge:18728
PSF-005443,"Comeragh S, SE",52.223000,-7.552370,0,0,0,0,0,0,0,0,pge:18729
PSF-005444,Farrandalouge,52.237800,-10.127600,0,0,0,0,0,0,0,0,pge:18731
PSF-005445,Rafal's Marius ESE,52.721700,-7.028530,0,0,0,0,0,0,0,0,pge:18732
PSF-005446,Donville,48.845400,-1.590320,2,0,0,0,0,0,0,2,pge:18735
PSF-005447,Cran Aux Oeufs,50.847400,1.584080,0,0,0,0,0,0,0,0,pge:18736
PSF-005448,Flugplatz Brilon,51.404400,8.645950,0,0,0,0,0,0,0,0,pge:18737
PSF-005449,Rampa do Corujão,-13.961500,-40.184200,0,0,0,0,0,0,0,0,pge:18756
PSF-005450,Praia Ponta do Mel,-4.957430,-36.879300,0,0,0,0,0,0,0,0,pge:18758
PSF-005451,Faro Gorliz,43.432100,-2.936170,0,0,0,0,0,0,0,0,pge:18765
PSF-005452,Alagoa Grande (PB),-7.045370,-35.645000,0,0,2,2,2,0,0,0,pge:18772
PSF-005453,Bonamanzi Lodge,-25.158400,29.828100,0,0,2,2,0,0,2,0,pge:18774
PSF-005454,Morrote dos Paim,-22.859600,-44.851000,0,0,2,2,2,2,1,0,pge:18775
PSF-005455,"Hijauan Heights, Pedas",2.653550,102.046000,0,0,0,1,2,2,2,0,pge:18776
PSF-005456,Haeckel Hill,60.747900,-135.233000,0,0,0,2,2,2,1,0,pge:18777
PSF-005457,Schwatka Lake,60.694000,-135.031000,0,0,0,0,1,2,0,0,pge:18778
PSF-005458,Long Reef SE,-33.742320,151.312970,0,0,0,1,1,0,0,0,pge:18779;siteguide_au:130-35
PSF-005459,Nadbugskoe,47.001200,31.859300,0,2,2,0,0,0,0,0,pge:18780
PSF-005460,Havelock,45.986500,-65.296100,2,2,2,0,2,2,2,2,pge:18781
PSF-005461,Lensamansstarten,59.170900,6.203300,0,0,1,2,2,2,1,0,pge:18782
PSF-005462,Cariacica - Rampa Rancho Pedra Negra (ES),-20.235800,-40.470300,1,2,2,2,1,0,0,0,pge:18783
PSF-005463,Kuala Kubu Bharu,3.558800,101.678000,0,0,0,0,2,2,1,0,pge:18784
PSF-005464,Voinesti,47.058400,27.429200,2,0,0,0,0,0,0,1,pge:18785
PSF-005465,Margone,46.080400,10.958300,2,0,0,0,2,0,0,0,pge:18786
PSF-005466,Hagelstein (Upper Klamath Lake),42.393200,-121.815000,0,0,0,0,0,1,2,1,pge:18788
PSF-005467,brizon,46.052800,6.442600,0,0,0,0,0,2,0,0,pge:18789
PSF-005468,LHDK Dunakeszi,47.614000,19.145000,1,1,1,0,0,1,1,2,pge:18790
PSF-005469,Les Gypières,43.280300,5.669720,0,0,2,2,2,0,0,0,pge:18791
PSF-005470,Pey gros,43.271700,5.669440,0,0,2,2,2,2,0,0,pge:18792
PSF-005471,Cuges Est,43.277800,5.666110,0,0,2,0,0,0,0,0,pge:18793
PSF-005472,Cuges South West,43.282200,5.694550,0,0,0,0,0,2,2,0,pge:18795
PSF-005473,Goat Peak (Mazama),48.618700,-120.412000,0,0,0,0,2,2,0,0,pge:18798
PSF-005474,NFC-2 Winch Site,31.354900,74.149600,1,1,1,1,1,1,1,1,pge:18801
PSF-005475,Flying Paradise Tin Tin,37.605100,23.150300,0,0,0,0,0,0,0,0,pge:18802
PSF-005476,Dezize,46.912900,4.663930,0,0,0,1,2,1,0,0,pge:18803
PSF-005477,Nine Stones,52.639400,-6.801700,2,2,0,0,0,0,0,2,pge:18807
PSF-005478,Mont Dardon,46.677500,4.036110,2,0,0,0,0,0,0,2,pge:18808
PSF-005479,étampes,48.424200,2.153000,0,0,0,0,0,0,0,2,pge:18809
PSF-005480,Dong Cao,21.410400,106.892000,0,0,2,2,2,0,0,0,pge:18810
PSF-005481,Collet de Tat - Superdevoluy,44.689100,5.915800,0,0,0,0,0,0,2,2,pge:18811
PSF-005482,hiketa,34.202500,134.439000,2,0,0,0,0,0,1,2,pge:18813
PSF-005483,nio,34.178700,133.666000,0,0,0,0,0,2,2,1,pge:18814
PSF-005484,Tyler's Bay,46.232500,-64.250900,2,2,0,0,0,0,0,2,pge:18815
PSF-005485,Morro do Cal,-25.386600,-49.552500,2,2,1,1,1,1,1,2,pge:18816
PSF-005486,sora_park,34.668300,137.186000,1,0,0,0,0,0,1,2,pge:18817
PSF-005487,Campo Cecina,44.115500,10.113400,0,0,0,0,0,0,2,0,pge:18819
PSF-005488,Monsummano Alto,43.871800,10.827300,0,0,0,0,1,2,2,1,pge:18820
PSF-005489,Sumbra,44.078200,10.276500,2,1,0,0,0,0,0,0,pge:18821
PSF-005490,Praglia,44.515500,8.818200,0,1,2,2,1,0,0,0,pge:18822
PSF-005491,Jil Lae,35.219200,128.744000,1,2,2,0,0,0,0,0,pge:18823
PSF-005492,Reyniès,43.928800,1.431120,0,0,0,1,2,2,2,1,pge:18824
PSF-005493,kayalar,35.354000,33.076000,1,2,1,0,0,0,0,1,pge:18825
PSF-005494,karpaz golden beach,35.644000,34.560000,0,0,0,1,2,2,0,0,pge:18826
PSF-005495,Tatlısu,35.384000,33.750000,1,1,2,0,0,0,2,1,pge:18827
PSF-005496,The Gondola (Christchurch),-43.588700,172.718000,2,1,0,0,0,0,0,0,pge:18828
PSF-005497,Llico Bajo,-41.303600,-73.842800,0,0,0,0,0,2,2,2,pge:18829
PSF-005498,panvel uran road,18.975800,73.084900,0,0,1,0,0,2,2,2,pge:18830
PSF-005499,Candi Dasa (Bali),-8.513700,115.584000,0,0,0,2,1,0,0,0,pge:18831
PSF-005500,goule,47.262600,6.818820,0,0,0,0,0,0,0,2,pge:18833
PSF-005501,Kharman Kooh,29.177500,53.588800,0,0,0,2,2,2,0,0,pge:18834
PSF-005502,Hammers,61.170600,10.111800,0,1,2,1,0,0,0,0,pge:18835
PSF-005503,shekooh,29.227300,52.932600,2,2,0,0,0,0,0,2,pge:18836
PSF-005504,Goyler,40.454200,48.667000,0,0,0,1,2,2,1,0,pge:18837
PSF-005505,Burmarrad,35.931300,14.407300,0,0,2,0,0,0,0,0,pge:18838
PSF-005506,Mtahleb,35.881000,14.347100,0,0,0,0,2,1,0,0,pge:18839
PSF-005507,Zaozerje,54.175900,27.871900,0,0,0,0,2,2,0,0,pge:18840
PSF-005508,Morovis,18.296100,-66.446100,1,2,2,0,0,0,0,0,pge:18841
PSF-005509,Rancho Guayama,18.004200,-66.212500,0,0,0,1,2,1,0,0,pge:18842
PSF-005510,Salinas,18.054700,-66.225400,0,0,0,1,2,1,0,0,pge:18844
PSF-005511,Caguas,18.267400,-66.026400,0,0,0,0,2,0,0,0,pge:18845
PSF-005512,La casita,18.275400,-65.933200,0,0,0,1,2,1,0,0,pge:18846
PSF-005513,Pajaros,18.213200,-65.833400,1,2,1,0,0,0,0,0,pge:18847
PSF-005514,Ruen,42.861000,22.579300,0,0,0,2,2,2,0,0,pge:18848
PSF-005515,Skiveren,57.620200,10.275000,1,0,0,0,0,0,1,2,pge:18849
PSF-005516,Cruz de Hierro - Aldeavieja,40.721500,-4.480900,2,2,0,0,0,0,0,2,pge:18850
PSF-005517,Zarzalejo,40.544900,-4.196800,0,0,1,2,1,0,0,0,pge:18851
PSF-005518,katsuura,33.957600,134.504000,0,0,1,2,2,2,1,0,pge:18852
PSF-005519,Bielmonte oasi zegna,45.660500,8.075660,0,0,0,2,2,2,0,0,pge:18854
PSF-005520,alhbalh club,18.040400,42.848700,0,2,2,1,0,2,2,1,pge:18855
PSF-005521,Orgiano-Polveriera,45.369200,11.463700,0,1,2,1,0,0,0,0,pge:18856
PSF-005522,Romitello,38.040500,13.168100,0,0,0,0,0,0,2,2,pge:18857
PSF-005523,Cefalù,38.018600,14.009500,2,2,0,0,0,0,0,2,pge:18858
PSF-005524,BallyMac.@Seven Heads Bay,51.598000,-8.702500,0,0,1,2,0,0,0,0,pge:18859
PSF-005525,Coolim Cliffs @ Seven HEads Bay,51.603100,-8.695000,0,1,2,2,1,0,0,0,pge:18860
PSF-005526,Gunung Jerai,5.813310,100.440000,2,0,0,0,0,0,2,2,pge:18861
PSF-005527,Mzedra-Est,33.799700,-4.736600,1,2,2,0,0,0,0,0,pge:18862
PSF-005528,Honeymoon,37.001300,-113.298000,0,0,0,0,0,0,2,2,pge:18863
PSF-005529,Hoch-Ybrig,46.999500,8.801800,2,2,0,0,0,0,0,2,pge:18864
PSF-005530,Teghut / Haghartsin,40.830800,44.945800,0,0,0,2,2,0,0,0,pge:18865
PSF-005531,Logrosan,39.373300,-5.460740,0,0,0,1,2,1,0,0,pge:18866
PSF-005532,SamcheonPo,34.957300,128.056000,1,2,0,0,1,2,0,0,pge:18868
PSF-005533,Samsangro,34.954400,128.098000,0,0,0,1,2,1,0,0,pge:18869
PSF-005534,Trap,43.047800,23.047200,0,0,0,2,2,2,0,0,pge:18870
PSF-005535,Mona Vale,-33.675100,151.319000,0,0,0,2,2,0,0,0,pge:18871
PSF-005536,Molak antena,43.040100,23.013900,0,0,0,2,2,2,0,0,pge:18872
PSF-005537,Hudlevo,48.598700,22.496500,0,0,0,2,2,2,0,0,pge:18873
PSF-005538,Newport,-33.649000,151.324800,0,0,0,1,1,0,0,0,pge:18874;siteguide_au:124-29
PSF-005539,Shopki,49.739700,24.520300,0,0,0,0,0,1,2,1,pge:18875
PSF-005540,Lagodiv,49.724600,24.497800,2,1,0,0,0,0,0,1,pge:18876
PSF-005541,Farim,36.195900,53.261200,0,0,0,2,2,2,1,0,pge:18877
PSF-005542,MTERBA-West,33.800100,-4.743100,0,0,0,0,0,0,2,2,pge:18878
PSF-005543,Tornimparte,42.314600,13.248800,0,2,2,1,0,0,0,0,pge:18879
PSF-005544,Fasa Fly,28.838200,53.732500,0,0,0,0,0,0,0,0,pge:18880
PSF-005545,Zalagh,34.105500,-4.967900,1,0,1,2,1,0,1,2,pge:18883
PSF-005546,"Park City, UT (PC hill)",40.674200,-111.486000,0,0,0,0,0,1,2,1,pge:18885
PSF-005547,Ellinopirgos,39.410000,21.730000,2,2,1,0,0,0,2,2,pge:18886
PSF-005548,Mouzaki,39.425800,21.636200,2,2,2,2,1,0,0,0,pge:18887
PSF-005549,Halde Norddeutschland Schlepp,51.458500,6.567800,2,2,2,2,2,2,2,2,pge:18888
PSF-005550,Serino-Santo Stefano del Sole,40.884700,14.879000,0,0,0,0,2,2,2,0,pge:18889
PSF-005551,misuji,34.804700,138.996000,2,2,2,2,2,1,0,0,pge:18890
PSF-005552,"Vf,CururbÄƒta Mare",46.441000,22.689000,1,2,1,0,1,2,0,0,pge:18891
PSF-005553,Myskhako,44.653700,37.745600,0,0,0,1,2,0,0,0,pge:18892
PSF-005554,Fazayah Bay,16.831000,53.665400,0,0,0,2,2,2,0,0,pge:18893
PSF-005555,Eftalquot Beach,16.896300,53.864100,0,0,0,2,2,2,0,0,pge:18894
PSF-005556,kerhornou,48.407000,-4.775500,0,0,0,0,0,2,1,0,pge:18896
PSF-005557,Corsen,48.413500,-4.792600,0,0,0,0,2,2,0,0,pge:18897
PSF-005558,Langeni Pass,-31.472200,28.447500,0,0,0,0,0,0,0,0,pge:18920
PSF-005559,MARIUS,45.306900,23.263400,0,0,0,0,0,0,0,0,pge:18924
PSF-005560,Steinbruch-Halbestwig,51.330600,8.389830,0,0,0,0,0,0,0,0,pge:18931
PSF-005561,Pevani,42.024000,8.687220,0,0,0,0,0,0,0,0,pge:19006
PSF-005562,Cap Blanc-Nez,50.920400,1.700730,0,0,0,0,0,0,0,0,pge:19014
PSF-005563,Telegraph Hill,58.492100,-4.397520,0,0,0,0,0,0,0,0,pge:19015
PSF-005564,Green's Peak,34.109200,-109.573000,0,0,0,0,0,0,0,0,pge:19016
PSF-005565,Glenmore Park,-33.787100,150.692000,0,0,0,0,0,0,0,0,pge:19018
PSF-005566,Bealy Range,-44.001700,169.489000,0,0,0,0,0,0,0,0,pge:19039
PSF-005567,Emler zirve - AladaÄŸlar - NiÄŸde,37.805400,35.149400,0,0,0,0,0,0,0,0,pge:19044
PSF-005568,Herlisberg,47.198300,8.233070,0,2,1,0,0,0,0,0,pge:19045
PSF-005569,Saussemare,49.893200,0.865033,0,0,0,0,0,0,0,0,pge:19061
PSF-005570,Toledo San Jorge,38.694200,-28.157900,0,0,0,0,0,0,0,0,pge:19063
PSF-005571,Holica,49.406200,22.543800,0,0,0,0,0,0,0,0,pge:19071
PSF-005572,Pelican Butte,42.514200,-122.146000,0,2,2,1,0,0,0,0,pge:19074
PSF-005573,Punta San Matteo,46.378300,10.564800,0,0,0,0,0,0,0,0,pge:19075
PSF-005574,Prestons,-33.951900,150.877000,0,0,0,0,0,0,0,0,pge:19088
PSF-005575,Stromboli,38.793600,15.216700,0,0,0,0,0,0,0,0,pge:19101
PSF-005576,Valwiger Berg (Jeiersberg) take-off,50.148800,7.229170,0,0,0,0,0,0,0,0,pge:19108
PSF-005577,Pratap Nagar,30.451100,78.489400,0,0,0,0,0,0,0,0,pge:19128
PSF-005578,Makua,21.521900,-158.225000,0,0,0,0,0,0,0,0,pge:19131
PSF-005579,Orhi,42.985600,-1.006130,0,0,0,0,0,0,0,0,pge:19155
PSF-005580,Puigmal,42.375800,2.097500,0,0,0,0,0,0,0,0,pge:19157
PSF-005581,Capu d'Ortu,42.237700,8.698930,0,0,0,0,0,0,0,0,pge:19163
PSF-005582,Pleis,46.269000,10.439500,0,0,0,0,0,0,0,0,pge:19164
PSF-005583,Amrum Satteldüne Strand,54.641300,8.329770,0,0,0,0,0,0,0,0,pge:19168
PSF-005584,Amrum Strand Norddorf,54.690700,8.326370,0,0,0,0,0,0,0,0,pge:19169
PSF-005585,Oberöberst/Riffian,46.723300,11.173900,0,0,0,0,0,0,0,0,pge:19170
PSF-005586,trez hir,48.350000,-4.701200,0,0,0,2,0,0,0,0,pge:19190
PSF-005587,Saint Pabu,48.574900,-4.625600,2,2,1,0,0,0,0,0,pge:19191
PSF-005588,Beg ar Fry,48.703900,-3.720800,2,1,0,0,0,0,0,0,pge:19192
PSF-005589,Alto,44.121900,7.986490,0,0,1,1,1,1,0,0,pge:19195
PSF-005590,Arroyo Piedra,10.620700,-75.439600,2,1,0,0,0,0,0,0,pge:19196
PSF-005591,Haman,35.291500,128.457000,1,0,0,0,0,0,0,2,pge:19197
PSF-005592,ardabi-meshkin-savalan-goy dag,38.338300,47.710100,0,0,0,0,0,0,0,0,pge:19198
PSF-005593,ardabil-savalan-alvares,38.237600,47.839400,0,0,0,0,0,0,0,0,pge:19199
PSF-005594,sardabe,38.289700,48.034100,0,0,0,0,0,0,0,0,pge:19200
PSF-005595,ardabil-meshkin-goy dag,38.338600,47.710700,0,0,0,0,0,0,0,0,pge:19202
PSF-005596,ardabil-gardane heyran,38.423800,48.572900,0,0,0,0,0,0,0,0,pge:19203
PSF-005597,ardabil-meshkin-samanlu,38.220200,47.542000,0,0,0,0,0,0,0,0,pge:19205
PSF-005598,Venna,40.987000,25.514600,2,2,2,0,0,0,2,1,pge:19206
PSF-005599,Florida,3.327300,-76.182900,1,0,0,0,1,2,2,2,pge:19207
PSF-005600,Edeler,37.418600,37.221800,0,0,0,0,0,0,0,0,pge:19210
PSF-005601,Los Verdes,-20.426800,-70.127600,1,0,0,0,0,2,2,2,pge:19212
PSF-005602,Giallonardo,37.320500,13.416300,0,0,0,0,0,0,0,0,pge:19217
PSF-005603,Alpha,18.874400,73.639200,0,0,0,0,0,0,0,0,pge:19219
PSF-005604,Serre di Ciminna,37.883000,13.542100,0,0,0,0,0,0,0,0,pge:19220
PSF-005605,Cobija Beach,-22.587400,-70.247800,0,0,0,0,0,0,0,0,pge:19223
PSF-005606,Alto Caleta Buena North,-19.868800,-70.118000,0,0,0,0,0,0,0,0,pge:19224
PSF-005607,Lalazar Naran,34.915500,73.758000,0,0,0,0,0,0,0,0,pge:19228
PSF-005608,Novogafarovo,51.633100,56.678300,0,0,0,0,0,1,2,1,pge:19229
PSF-005609,Favor,52.200000,55.291400,0,0,2,1,0,0,0,0,pge:19230
PSF-005610,Imangulovo (Anatolevka),52.143200,55.388300,0,0,0,0,0,2,2,1,pge:19231
PSF-005611,Pravouta,45.311200,5.835400,0,0,1,1,2,2,2,1,pge:19232
PSF-005612,Giryal,51.468400,56.464700,0,0,2,1,0,0,0,0,pge:19233
PSF-005613,Puy de la Tourte Ouest,45.119200,2.669400,0,0,0,0,0,1,2,1,pge:19234
PSF-005614,Grebeny,51.941300,55.279700,0,0,0,0,0,0,0,2,pge:19235
PSF-005615,Mayachnaya,51.391200,56.683900,0,2,0,0,0,0,0,0,pge:19236
PSF-005616,Bulanovo,52.451700,55.196900,0,0,0,0,0,2,0,0,pge:19237
PSF-005617,Andreevka,51.977700,56.687300,0,0,0,2,2,2,0,0,pge:19238
PSF-005618,Tazlarovo,52.141200,56.723300,0,0,2,0,0,2,2,0,pge:19239
PSF-005619,Kondurovka,51.551200,56.719900,0,1,2,1,0,0,0,0,pge:19240
PSF-005620,Pokurley,51.886400,56.446400,0,0,0,2,0,0,0,0,pge:19241
PSF-005621,"Kuvandyk, Ski resort 'Dolina'",51.507400,57.338400,0,0,0,2,0,0,0,0,pge:19242
PSF-005622,Lysica,48.835400,17.816700,0,0,0,2,2,1,0,0,pge:19243
PSF-005623,varipetro,35.451000,23.975900,2,1,0,0,0,0,0,2,pge:19244
PSF-005624,Südalan,40.480800,30.405300,0,0,0,2,1,1,0,0,pge:19245
PSF-005625,Marevka,52.259800,55.279500,0,0,0,0,2,0,0,0,pge:19246
PSF-005626,Musick Point,-36.849200,174.903000,0,2,2,0,0,0,0,0,pge:19247
PSF-005627,Yanari,-16.706200,-68.029300,1,2,1,0,0,0,0,0,pge:19248
PSF-005628,Bisan-Seto,34.373600,133.823000,0,0,0,0,0,0,0,0,pge:19249
PSF-005629,Bradesti,46.350700,25.369500,0,0,0,1,1,1,2,2,pge:19252
PSF-005630,Goyja,35.576900,45.487600,0,0,0,0,1,2,2,0,pge:19253
PSF-005631,Azmar,35.580300,45.495900,0,0,0,0,0,0,0,0,pge:19254
PSF-005632,Nai Harn Beach,7.770200,98.306200,0,0,0,0,0,0,2,0,pge:19255
PSF-005633,"Madonnina Capo di Serra, aka Bacheca",42.344800,13.784800,0,0,0,0,1,2,2,1,pge:19256
PSF-005634,Haman 2,35.291500,128.457000,2,0,0,0,0,0,0,2,pge:19260
PSF-005635,Ioanella,42.677500,13.621300,0,0,0,2,2,0,0,0,pge:19263
PSF-005636,Monte Piselli,42.779900,13.584500,0,0,0,0,0,1,2,1,pge:19264
PSF-005637,Tognola,46.238100,11.777800,1,1,2,2,2,1,0,1,pge:19265
PSF-005638,Cima Agnelezza - Lago Calaita,46.212400,11.776500,0,0,1,2,2,1,0,0,pge:19266
PSF-005639,Palamonda - Colverde - San Martino di Castrozza,46.278300,11.815900,0,0,0,0,2,2,2,0,pge:19267
PSF-005640,Moscher,47.423000,14.477700,2,2,0,0,0,0,2,2,pge:19269
PSF-005641,Paldiski,59.381800,24.036300,0,0,0,0,0,1,2,1,pge:19271
PSF-005642,Turisalu,59.420800,24.323800,1,0,0,0,0,0,0,2,pge:19272
PSF-005643,Pyramid,-20.425200,57.383800,0,0,0,0,0,1,2,2,pge:19274
PSF-005644,Old Military Air Base Neubiberg,48.072000,11.635000,0,1,2,1,0,1,2,1,pge:19277
PSF-005645,The Heat,53.065500,-7.206000,2,2,2,2,2,2,2,2,pge:19278
PSF-005646,Doi Pha-Phueng,18.839500,99.177300,0,0,0,0,1,2,1,0,pge:19279
PSF-005647,Chelgerd,32.449900,50.114700,1,1,0,0,0,0,0,1,pge:19285
PSF-005648,DEYLAMAN,36.921200,49.911000,0,0,0,2,2,2,0,0,pge:19291
PSF-005649,Abchalaki,37.161200,50.138200,1,1,0,0,0,0,0,1,pge:19292
PSF-005650,Nuten,59.447800,5.280560,0,0,0,0,0,0,0,0,pge:19293
PSF-005651,Dorfak South,36.888500,49.703000,0,0,0,1,1,1,0,0,pge:19296
PSF-005652,"Bom Retiro (SC), Morro da Cruz",-27.829000,-49.473800,2,2,0,0,1,2,2,0,pge:19297
PSF-005653,"Bom Retiro (SC), Costao do Frade",-27.728600,-49.473100,2,1,0,0,0,0,0,1,pge:19298
PSF-005654,"Bom Retiro (SC), Morro Do Claudio 2",-27.830200,-49.509700,2,2,0,0,0,1,1,2,pge:19299
PSF-005655,Marcillia,12.004500,120.326000,1,2,2,0,0,0,0,0,pge:19300
PSF-005656,Soleyman Tangeh Dam,36.678400,53.717300,0,0,0,2,2,2,0,0,pge:19301
PSF-005657,Limetree,53.114200,-7.244600,2,2,2,2,2,2,2,2,pge:19302
PSF-005658,rex lookout,-16.641500,145.563000,0,0,2,2,0,0,0,0,pge:19303
PSF-005659,Marvdasht Paramotor,29.924800,52.862500,1,2,2,2,2,2,2,1,pge:19304
PSF-005660,St Nicholas valley,12.077100,120.182000,2,2,1,0,0,0,1,2,pge:19306
PSF-005661,Los Pinos,-26.815600,-65.364200,0,1,2,2,1,0,0,0,pge:19307
PSF-005662,saint denis de vaux,46.792300,4.704470,0,0,0,0,0,0,0,2,pge:19309
PSF-005663,Le Pont-Vallée de Joux,46.661000,6.335300,0,0,0,0,0,2,0,0,pge:19311
PSF-005664,Golica,42.932300,27.572300,0,0,0,2,2,1,0,0,pge:19312
PSF-005665,Nechranice,50.345600,13.415900,1,1,2,2,2,2,1,1,pge:19313
PSF-005666,Tharahalpana Kanda (Para Adventure),7.196140,80.730800,0,2,2,2,1,0,0,0,pge:19314
PSF-005667,dakal stahban,29.161200,54.048600,0,0,0,1,1,0,0,0,pge:19316
PSF-005668,Little Nic,49.190000,-122.147000,0,0,0,0,2,2,2,0,pge:19317
PSF-005669,Klisura,42.016500,22.916800,0,1,2,2,2,2,2,1,pge:19318
PSF-005670,Rostamabad,36.932100,49.478800,0,0,1,1,1,0,0,0,pge:19319
PSF-005671,Damash,36.742000,49.771300,1,1,0,0,0,0,0,1,pge:19320
PSF-005672,Delir,36.341400,51.116000,0,0,0,1,1,1,0,0,pge:19321
PSF-005673,Kelardasht-Bsim,36.540000,51.245200,0,0,0,0,0,1,1,1,pge:19322
PSF-005674,Maranjab,34.319000,51.883500,0,0,0,0,0,1,1,1,pge:19323
PSF-005675,Londinières,49.849600,1.410500,0,0,0,2,1,0,0,0,pge:19325
PSF-005676,Taeh Bukit,-0.131940,100.614000,1,1,0,0,0,2,2,2,pge:19326
PSF-005677,Fasa groundhanding,28.921100,53.635400,0,0,0,0,0,0,0,0,pge:19327
PSF-005678,Sahra rood,28.868900,53.681300,0,0,0,0,1,1,0,0,pge:19328
PSF-005679,alkhomra dune,24.329900,38.933900,1,0,0,0,1,2,2,2,pge:19329
PSF-005680,Agia Efthimia,38.494800,22.338600,1,2,2,2,1,0,0,0,pge:19330
PSF-005681,Freimstølen - Odda,60.063300,6.582600,1,0,0,0,0,2,2,2,pge:19331
PSF-005682,Kløve - Øvre Eidfjord,60.425600,7.098500,0,1,2,1,0,0,0,0,pge:19332
PSF-005683,Green Mountain,39.708400,-105.179000,1,2,1,0,0,0,0,0,pge:19333
PSF-005684,Scafa,42.236500,14.001700,2,2,0,0,0,0,0,0,pge:19335
PSF-005685,Rettenstein,47.448900,13.572700,0,0,1,2,1,0,0,0,pge:19336
PSF-005686,Corso,36.768200,3.439100,2,1,0,0,0,0,0,1,pge:19339
PSF-005687,Aiit Ziki,36.562100,4.476000,1,1,0,0,0,0,1,2,pge:19341
PSF-005688,Aokas,36.620600,5.247700,1,2,0,0,0,0,0,0,pge:19342
PSF-005689,Montemale,44.431700,7.361900,0,1,2,1,0,0,0,0,pge:19345
PSF-005690,Ara della Regina,42.244400,11.807400,0,0,0,0,0,1,2,2,pge:19347
PSF-005691,Brejani,41.848300,23.168600,2,0,0,0,0,0,1,2,pge:19349
PSF-005692,"Bom Retiro (SC), Morro Do Opa",-27.811700,-49.472000,2,2,0,0,0,0,0,1,pge:19350
PSF-005693,Big M Mound,42.763900,-90.406300,0,0,0,0,2,2,2,0,pge:19353
PSF-005694,moroges,46.738900,4.667640,2,2,0,0,0,0,0,0,pge:19354
PSF-005695,vaux en prés,46.629200,4.586440,0,2,2,0,0,0,0,0,pge:19355
PSF-005696,Silivri Dogu Kumsali,41.064100,28.280600,0,0,0,2,2,2,0,0,pge:19356
PSF-005697,Sarak-Kaya,45.101200,34.546200,0,0,0,2,2,0,0,0,pge:19357
PSF-005698,Herndleck,47.928300,14.328400,2,0,2,0,0,0,0,0,pge:19358
PSF-005699,Vogelberg,-23.057000,14.986000,2,1,0,1,2,2,2,2,pge:19359
PSF-005700,Seljalandvoss,63.616200,-19.987100,0,0,0,0,0,1,2,1,pge:19360
PSF-005701,900 To'a Rotu Rahi,-17.621800,-149.579000,1,0,0,0,1,1,2,1,pge:19363
PSF-005702,Imamzadeh Esmaeil,36.518300,50.170600,2,2,0,0,0,0,0,2,pge:19365
PSF-005703,Monte San Giacomo - Breccanecca,44.326400,9.385840,0,0,0,1,2,2,0,0,pge:19366
PSF-005704,Doornkloof,-26.396500,27.580900,2,0,0,0,0,0,1,1,pge:19368
PSF-005705,Guarabira -Rampa Memorial Frei Damiao (PB),-6.831520,-35.493900,0,0,1,2,1,0,0,0,pge:19370
PSF-005706,Sierra de Pejines,39.710900,-4.161300,2,2,2,0,0,2,2,2,pge:19371
PSF-005707,Cerro de la Nava,39.644100,-4.986600,0,0,0,0,0,2,2,2,pge:19373
PSF-005708,Shahrestaneh,34.724100,48.413300,0,0,0,0,1,2,1,0,pge:19374
PSF-005709,Xuxarrido,43.778100,-7.684600,0,0,0,0,0,0,2,2,pge:19375
PSF-005710,Jabon,9.812550,-70.120300,1,2,2,0,0,0,0,0,pge:19376
PSF-005711,Shusha,39.749400,46.751600,0,0,1,2,2,2,1,0,pge:19380
PSF-005712,Talca-Pencahue,-35.362500,-71.727300,1,1,1,2,2,2,1,1,pge:19382
PSF-005713,Aydos Tepe,40.944200,29.250200,0,0,0,0,0,1,2,1,pge:19383
PSF-005714,Frumusani,44.311700,26.392600,0,1,2,0,0,0,0,0,pge:19384
PSF-005715,Urlati,44.994600,26.203300,0,0,2,0,0,0,0,0,pge:19385
PSF-005716,Chiodo fisso - Passo del Chiodo,44.517000,9.502270,0,0,2,2,0,0,0,0,pge:19387
PSF-005717,The Bozeman 'M',45.714700,-110.973000,0,0,0,1,2,1,0,0,pge:19388
PSF-005718,Bukit Bidong,5.498800,102.952000,0,1,2,1,0,0,0,0,pge:19389
PSF-005719,Ubo,20.964900,105.455000,0,0,2,0,0,0,0,0,pge:19390
PSF-005720,Morkvashi,53.432100,49.547800,0,0,0,0,0,0,0,0,pge:19391
PSF-005721,Yagodnoe,53.596200,49.023200,0,0,0,0,0,2,2,2,pge:19392
PSF-005722,Mendocino,39.313100,-123.801000,1,0,0,0,0,0,1,2,pge:19393
PSF-005723,Shehy Mtn,52.019600,-9.574600,2,2,2,1,0,0,0,2,pge:19394
PSF-005724,Chassenoud,45.489600,4.705700,2,1,0,0,0,0,0,1,pge:19395
PSF-005725,Libinje,44.290000,15.570300,0,0,0,0,1,2,1,0,pge:19396
PSF-005726,Exanthia,38.758200,20.616500,0,0,0,0,0,1,2,1,pge:19397
PSF-005727,Lower Ripley - CLOSED DO NOT FLY,49.251000,-119.608000,0,1,2,1,0,0,0,0,pge:19398
PSF-005728,Stella,50.485000,1.576100,0,0,0,0,0,0,2,0,pge:19400
PSF-005729,pente ecole,45.709200,1.324500,0,2,2,2,0,0,0,0,pge:19401
PSF-005730,"Exanthia, Lefkada",38.758000,20.616500,0,0,0,0,0,1,2,1,pge:19402
PSF-005731,Saptashrungi,20.410700,73.916400,1,2,1,1,1,1,1,2,pge:19403
PSF-005732,Nechranice - dam,50.351200,13.418600,0,0,2,0,0,0,0,0,pge:19404
PSF-005733,Uhost,50.364900,13.239000,2,1,0,0,0,0,1,1,pge:19405
PSF-005734,la ermita de aldea san miguel,41.435600,-4.625300,1,1,0,0,0,0,0,1,pge:19408
PSF-005735,Okamidake (Ogami),37.217800,138.497000,1,0,0,0,1,2,2,2,pge:19409
PSF-005736,Mont Ste-Marie (MSM) South,45.927500,-75.880600,0,0,0,0,2,2,1,0,pge:19410
PSF-005737,Plaka,40.886100,25.745500,0,0,0,2,2,2,0,0,pge:19411
PSF-005738,Golden Ball,51.373100,-1.820380,0,0,0,1,2,0,0,0,pge:19412
PSF-005739,Geria,41.555200,-4.903000,0,0,2,0,0,0,0,0,pge:19415
PSF-005740,Secchieta,43.720500,11.565600,0,0,0,0,2,2,2,0,pge:19416
PSF-005741,Grzes,49.236200,19.766500,0,0,2,1,0,1,2,0,pge:19417
PSF-005742,Gubalowka,49.306700,19.935600,0,0,0,2,2,0,0,0,pge:19418
PSF-005743,Nosal,49.278000,19.988500,2,2,0,0,0,0,0,2,pge:19419
PSF-005744,Harenda,49.324800,19.975900,0,0,0,2,2,0,0,0,pge:19420
PSF-005745,Piombino,42.921100,10.532800,0,0,0,2,2,0,0,0,pge:19422
PSF-005746,Gavorrano,42.914600,10.902000,0,0,0,0,0,1,2,2,pge:19423
PSF-005747,Pilis - East,47.686800,18.874200,0,1,2,1,0,0,0,0,pge:19424
PSF-005748,Pilis - Southwest,47.686500,18.870300,0,0,0,0,1,2,1,0,pge:19425
PSF-005749,Nagy-Gete,47.706700,18.694000,0,0,0,1,2,1,0,0,pge:19426
PSF-005750,Castelmauro - NorthEast,41.831300,14.695100,0,2,2,1,1,0,0,0,pge:19428
PSF-005751,Mogyorós-orom,47.916400,19.940900,0,0,2,0,0,0,0,0,pge:19429
PSF-005752,Jakab-hegy,46.097200,18.127200,0,0,0,0,1,2,1,0,pge:19430
PSF-005753,Castelmauro - South,41.838200,14.683300,0,0,0,1,2,1,0,0,pge:19431
PSF-005754,Bérceli-hegy,47.889100,19.414300,0,0,0,0,0,2,0,0,pge:19432
PSF-005755,Le Cornate,43.161000,10.950100,0,0,0,0,0,1,2,0,pge:19434
PSF-005756,nima,39.204700,48.059500,2,2,2,1,1,1,1,0,pge:19435
PSF-005757,Falésia da Lagoa dos Lençois,-19.310700,-40.124400,0,2,2,2,0,0,0,0,pge:19436
PSF-005758,Puerto Boniato Monte,20.098500,-75.804400,0,0,0,2,2,2,0,0,pge:19437
PSF-005759,Zlatibor Tornik,43.654600,19.637700,0,0,0,0,2,2,0,0,pge:19439
PSF-005760,Bodesbeck Law,55.380300,-3.311800,0,0,0,0,1,0,1,2,pge:19440
PSF-005761,Kastania HG,40.170900,22.032400,2,2,0,0,0,0,2,2,pge:19441
PSF-005762,Levadi,40.150700,22.097100,0,0,0,2,2,2,0,0,pge:19442
PSF-005763,Hjallafjall,63.934700,-21.325800,0,0,0,2,0,0,0,0,pge:19443
PSF-005764,Madrisa nord-ost,46.904500,9.877970,0,0,1,2,2,2,1,0,pge:19444
PSF-005765,Kreuzeck,47.452900,11.069700,0,2,0,0,0,0,0,0,pge:19445
PSF-005766,Balberget SW (Harahemberget),63.943300,19.046100,0,0,0,0,1,2,1,0,pge:19447
PSF-005767,Kojor,36.402100,51.725600,0,0,0,1,2,1,0,0,pge:19448
PSF-005768,Ajin Dojin,36.009400,50.821100,0,1,2,1,0,0,0,0,pge:19449
PSF-005769,Sopa,35.931900,50.879900,0,0,0,1,2,1,0,0,pge:19450
PSF-005770,Valasht,36.553200,51.300100,0,0,0,0,2,0,0,0,pge:19451
PSF-005771,Chionochori,41.122500,23.647000,0,0,0,2,2,0,0,0,pge:19452
PSF-005772,Monte Lesima,44.683200,9.256860,0,2,0,0,0,0,0,0,pge:19453
PSF-005773,Arroo,54.414900,-8.243500,2,0,0,0,0,0,0,0,pge:19454
PSF-005774,Eagle Butte,46.189000,-119.338000,0,0,0,0,1,2,1,0,pge:19455
PSF-005775,le bus,48.671900,-3.573890,1,0,0,0,0,0,0,2,pge:19456
PSF-005776,treompan,48.571600,-4.662400,1,2,0,0,0,0,0,0,pge:19457
PSF-005777,Miranda,41.638500,14.268000,0,0,0,0,0,2,0,0,pge:19458
PSF-005778,Agh OV Lar,37.867100,48.630000,0,0,0,1,2,1,0,0,pge:19459
PSF-005779,Limeira -Morro Azul (SP),-22.537200,-47.464800,0,0,0,2,2,0,0,0,pge:19460
PSF-005780,Falésia da Lagoa Jesuina - RB,-19.225000,-40.201100,0,2,2,2,0,0,0,0,pge:19461
PSF-005781,Bandla,31.333100,76.781300,0,0,0,0,0,0,0,0,pge:19465
PSF-005782,CanFly Lokbatan,40.327600,49.684400,0,0,0,1,2,1,0,0,pge:19466
PSF-005783,Balovnoe,47.062900,31.898200,0,0,0,0,0,0,0,2,pge:19467
PSF-005784,Konstantinovka 2,47.107400,31.902300,0,0,0,0,0,2,0,0,pge:19468
PSF-005785,Los Arcos,42.540200,-2.107300,0,2,2,0,0,0,0,0,pge:19469
PSF-005786,Pote (RJ),-22.415400,-41.969000,1,2,2,1,0,0,0,1,pge:19470
PSF-005787,Nortmoor,53.258400,7.567200,2,2,0,0,2,2,0,0,pge:19471
PSF-005788,Rampa de Lavras,-21.324400,-45.009700,2,2,0,0,0,0,0,2,pge:19473
PSF-005789,Seaham,54.850400,-1.343000,0,2,2,0,0,0,0,0,pge:19476
PSF-005790,Lysa hora NW,49.547100,18.447800,0,0,0,0,0,0,0,2,pge:19479
PSF-005791,Lysa hora SW,49.544000,18.446800,0,0,0,0,0,2,0,0,pge:19480
PSF-005792,San Juan - Punta Alegre,22.377300,-78.833200,2,1,0,0,0,0,0,0,pge:19481
PSF-005793,Paramotor And Ground Handing,29.456200,52.723500,2,2,2,2,2,2,2,2,pge:19482
PSF-005794,Corranabinnia,53.959500,-9.684300,0,0,0,0,2,2,2,0,pge:19483
PSF-005795,Matantimali,-0.948883,119.816000,2,2,1,0,0,0,0,0,pge:19485
PSF-005796,Blov,50.335200,13.291000,0,0,1,2,1,0,0,0,pge:19486
PSF-005797,Stremosice,49.886300,16.082000,0,0,0,0,0,2,0,0,pge:19487
PSF-005798,Giles2,28.124400,-15.463800,2,0,0,0,0,0,0,2,pge:19488
PSF-005799,Oncala,41.962800,-2.346700,0,2,0,0,0,0,0,0,pge:19489
PSF-005800,El Cerro (Soria),41.887500,-2.433200,2,0,0,0,0,2,2,2,pge:19491
PSF-005801,Santa Maria,41.771900,-3.129600,0,0,0,0,0,0,2,0,pge:19492
PSF-005802,Kord-mahale,36.514900,51.147500,0,1,2,1,0,0,0,0,pge:19493
PSF-005803,Lancia (leon),42.539900,-5.425400,0,0,0,0,0,0,2,2,pge:19495
PSF-005804,seddouk,36.511400,4.743900,2,0,0,0,0,0,0,2,pge:19496
PSF-005805,Dupkite,43.111900,23.152400,2,1,0,1,2,1,0,0,pge:19501
PSF-005806,Razzano,41.224800,14.179300,0,0,0,0,0,2,2,2,pge:19504
PSF-005807,Ã„rjÃ¤nsaari,64.268300,27.347900,0,0,0,0,2,2,0,0,pge:19505
PSF-005808,Vene Rosse di San Giacomo,42.812600,13.589300,0,0,2,2,0,0,0,0,pge:19506
PSF-005809,Pardal top,38.029200,-2.909070,0,0,2,0,1,2,2,0,pge:19509
PSF-005810,Hjelle,60.000000,6.000000,1,2,0,0,0,0,0,1,pge:19511
PSF-005811,Point of the Mountain - North Side,40.473500,-111.893000,2,0,0,0,0,0,0,2,pge:19513
PSF-005812,Safronova,40.504900,49.283300,0,0,0,1,2,1,0,0,pge:19515
PSF-005813,Hedley,49.351500,-120.035000,0,0,0,1,2,2,1,0,pge:19516
PSF-005814,Cawston,49.185400,-119.699000,0,0,0,0,1,2,2,1,pge:19517
PSF-005815,Spinoasa_V,47.281400,27.183400,0,0,0,0,0,2,2,0,pge:19518
PSF-005816,prabalmachi,18.964100,73.214500,0,0,0,0,0,2,2,2,pge:19519
PSF-005817,kagthu,29.915500,78.786000,0,0,0,0,2,2,2,0,pge:19520
PSF-005818,Pauri,30.153700,78.760000,0,0,0,0,0,1,1,0,pge:19521
PSF-005819,simar khal,29.965900,78.839500,0,0,0,0,0,2,2,0,pge:19522
PSF-005820,gawani,29.958400,78.945200,0,0,0,0,0,0,0,0,pge:19523
PSF-005821,bhairon garhi,29.924000,78.665300,0,0,0,0,0,0,0,0,pge:19524
PSF-005822,Bear Canyon Bozeman Learning Hill,45.625700,-110.940000,1,0,0,0,0,0,1,2,pge:19527
PSF-005823,Matts Bowl,37.558400,27.381900,0,0,0,0,0,0,1,0,pge:19528
PSF-005824,Leosti-Valeni,46.607500,28.067300,0,0,0,0,0,2,0,0,pge:19529
PSF-005825,plop NE takeoff,46.653300,28.063600,0,2,0,0,0,0,0,0,pge:19530
PSF-005826,Spirit,40.472000,49.274400,2,2,0,0,0,0,0,0,pge:19531
PSF-005827,Ganj Ali Shah,32.813100,73.108100,2,2,0,0,0,0,0,1,pge:19532
PSF-005828,Aricanga,-19.822300,-40.333900,0,0,0,2,2,2,0,0,pge:19533
PSF-005829,Luhoviki (uncle Tolya's North),50.256200,32.795300,2,1,0,0,0,0,0,0,pge:19534
PSF-005830,Ortega,20.229200,-76.469400,1,2,1,0,0,0,0,0,pge:19535
PSF-005831,Mount Ovens,-33.416520,149.777620,0,0,0,0,0,0,1,0,pge:19536;siteguide_au:139-252
PSF-005832,Visitor,42.601800,19.894200,2,1,1,0,0,0,1,2,pge:19537
PSF-005833,Katydid,42.029500,-76.639300,0,0,0,0,0,2,0,0,pge:19538
PSF-005834,Zaqatali Forest,41.630700,46.786300,0,0,0,0,0,0,0,0,pge:19539
PSF-005835,Zaqatali,41.642100,46.805800,0,0,0,1,1,1,0,0,pge:19540
PSF-005836,Villaciervos (Soria),41.772400,-2.609100,0,0,0,1,2,0,0,0,pge:19541
PSF-005837,West Beach,29.086500,-95.111300,0,0,2,2,2,2,0,0,pge:19542
PSF-005838,East Beach,29.329500,-94.738900,0,0,2,2,2,0,0,0,pge:19543
PSF-005839,Texas City Levee,29.403400,-94.888300,2,2,2,2,0,0,0,0,pge:19544
PSF-005840,El Jardin Park,29.597200,-94.987300,0,0,2,2,2,0,0,0,pge:19545
PSF-005841,High Island,29.552300,-94.379600,0,0,2,2,2,0,0,0,pge:19547
PSF-005842,Old Settlers Park,30.537300,-97.631600,1,1,2,2,2,2,1,1,pge:19548
PSF-005843,Mont Ste-Marie (MSM) West,45.934400,-75.876700,0,0,0,0,0,1,2,1,pge:19550
PSF-005844,Gallina,36.951500,15.150700,0,0,0,2,2,0,0,0,pge:19553
PSF-005845,Ploski,41.643000,23.256000,0,0,0,1,2,2,1,0,pge:19554
PSF-005846,Azna,33.425500,48.575400,0,0,0,2,2,2,2,0,pge:19555
PSF-005847,"Puro island, Tablas,",12.144600,122.041000,0,1,2,1,0,0,0,0,pge:19558
PSF-005848,Conaripe,-39.518800,-72.034200,0,0,0,0,2,2,2,2,pge:19559
PSF-005849,"Wangliaoling, Hailing island",21.566800,111.830000,0,0,2,2,2,2,0,0,pge:19560
PSF-005850,Qiguling,22.074600,111.587000,0,2,2,2,0,0,0,0,pge:19561
PSF-005851,Goujiding,22.181100,111.601000,0,0,2,2,2,0,0,0,pge:19562
PSF-005852,Boistea,47.189300,26.440800,0,0,0,2,0,0,0,0,pge:19563
PSF-005853,Grammont,46.357500,6.821100,0,0,0,0,2,0,0,0,pge:19564
PSF-005854,Zaomushan,22.720800,112.776000,2,2,2,2,2,2,2,2,pge:19565
PSF-005855,Playa Santa Isabel,-43.414000,-65.070300,0,0,1,2,0,0,0,0,pge:19567
PSF-005856,HAIXIHAI －1,26.297700,99.957700,0,0,0,0,0,0,0,0,pge:19569
PSF-005857,Nambucca Heads,-30.635600,153.014000,0,2,0,0,0,0,0,0,pge:19570
PSF-005858,Buachaille Etive Mor,56.645800,-4.900850,2,0,2,2,1,0,0,2,pge:19571
PSF-005859,Bam-e Khorramabad,33.463500,48.378200,2,2,2,0,0,0,2,2,pge:19572
PSF-005860,Dunes Soaring Half Moon,26.159200,50.075400,0,0,1,2,2,2,0,0,pge:19573
PSF-005861,NOAH flysite,17.433200,120.455000,0,0,0,0,0,0,0,0,pge:19574
PSF-005862,pente ecole Marennes,45.614100,4.903200,2,2,0,0,0,0,0,2,pge:19576
PSF-005863,Smetovi spomenik,44.244900,17.959300,0,0,0,0,0,0,0,0,pge:19578
PSF-005864,Rada Tilly,-45.946000,-67.559100,1,2,1,0,0,0,0,0,pge:19579
PSF-005865,La Dôle,46.425200,6.099890,0,0,2,1,0,0,1,2,pge:19582
PSF-005866,Kalateh,33.416600,48.511800,0,0,0,0,0,0,0,0,pge:19583
PSF-005867,emam zade ebrahim,29.166900,51.346100,0,0,0,0,0,0,0,0,pge:19585
PSF-005868,Rocca Calascio - Pinetina,42.325500,13.709200,0,0,0,2,2,2,0,0,pge:19586
PSF-005869,Butte St Michel,48.294200,-2.932000,0,2,0,0,0,0,0,0,pge:19588
PSF-005870,Kremenets (Sokolyna Gora),50.061900,25.636200,0,0,0,0,0,0,0,0,pge:19589
PSF-005871,Shakespear Regional South,-36.612100,174.827000,0,0,0,0,2,2,0,0,pge:19591
PSF-005872,Roksolany,46.159000,30.482100,0,0,0,0,0,2,0,0,pge:19592
PSF-005873,Khau Pha,21.755300,104.265000,1,1,1,0,0,0,1,1,pge:19593
PSF-005874,Ferz,40.524700,48.999600,0,0,1,2,2,2,0,0,pge:19595
PSF-005875,Festina Lente,40.529600,49.032500,0,0,0,2,2,2,0,0,pge:19596
PSF-005876,Pic de Vissou EST,43.599100,3.358100,0,0,2,0,0,0,0,0,pge:19599
PSF-005877,Miltolandia,-17.263600,-52.738700,2,2,0,0,0,0,0,2,pge:19602
PSF-005878,EDXT,54.069300,10.744200,0,2,0,0,0,2,0,0,pge:19603
PSF-005879,Kato Vasiliki,38.365300,21.639800,0,0,0,0,1,2,2,1,pge:19606
PSF-005880,Bunyola Do Not Land,39.691300,2.701520,0,0,0,0,0,0,0,0,pge:19607
PSF-005881,MÃ¼hlberg Ãœbungshang,50.860600,10.849800,0,0,0,0,2,2,0,0,pge:19609
PSF-005882,Phu Sing,18.253700,103.812000,1,2,1,1,0,0,0,0,pge:19610
PSF-005883,Pha Tak Suea,18.037200,102.309000,1,1,0,0,1,1,1,2,pge:19611
PSF-005884,Soratopia (aka Ashio / Ashio-san),36.275300,140.146000,2,1,2,1,2,0,0,1,pge:19612
PSF-005885,El Toro Bull Hill,19.500000,-104.190000,0,0,0,0,2,2,2,0,pge:19616
PSF-005886,Omaya mountain,15.027000,120.197000,1,2,2,2,1,1,1,1,pge:19617
PSF-005887,Labney Grassy mountain,15.575600,120.275000,0,2,2,2,1,0,0,0,pge:19618
PSF-005888,Labney jungle start,15.565200,120.313000,0,0,0,0,0,2,2,2,pge:19619
PSF-005889,Brimont,49.344200,4.010600,2,0,0,0,0,0,0,2,pge:19620
PSF-005890,Canang Hill,5.000000,116.000000,0,2,2,2,0,0,0,0,pge:19621
PSF-005891,Tiogon Hill,5.000000,116.000000,2,2,1,0,0,0,0,0,pge:19622
PSF-005892,Rock Island Training Hill,35.192300,-94.542800,0,0,0,2,2,1,0,0,pge:19623
PSF-005893,Red Oak Training Hill,34.942000,-95.090100,2,0,0,0,0,0,0,1,pge:19624
PSF-005894,Green Dragons Airsports Pilgrims Farm,51.285300,0.029300,0,0,0,2,2,1,0,0,pge:19625
PSF-005895,Green Dragons Airsports - Sticks Bowl,51.288300,-0.010300,0,0,0,0,0,0,2,2,pge:19626
PSF-005896,El Setero,13.100300,101.048000,0,0,0,0,2,2,1,0,pge:19627
PSF-005897,Paratopia (Goryu),36.661400,137.816000,2,2,2,2,2,0,0,0,pge:19628
PSF-005898,Sursko-Mikhailovka,48.269000,34.699800,2,2,2,0,0,0,0,0,pge:19629
PSF-005899,Mlinok,48.870500,33.644600,0,0,0,0,0,2,2,2,pge:19630
PSF-005900,Jyotiba Dongar,16.797300,74.181900,1,0,1,2,1,2,1,0,pge:19633
PSF-005901,Smetovi sjever,44.247800,17.966300,2,2,2,0,0,0,0,0,pge:19634
PSF-005902,Toripani,28.259100,83.934300,0,0,0,1,2,1,0,0,pge:19635
PSF-005903,'Baharan',35.030400,49.814800,2,2,2,2,0,0,0,0,pge:19639
PSF-005904,Gudauri (skyatlantida.com),42.497300,44.507300,0,0,1,2,2,2,2,1,pge:19641
PSF-005905,Gomera - La Mérica,28.104400,-17.338100,0,0,0,2,2,2,0,0,pge:19644
PSF-005906,Mambajao,9.226200,124.707000,2,0,0,0,0,0,0,0,pge:19646
PSF-005907,Garaio,42.911400,-2.543310,0,0,0,0,2,2,2,0,pge:19647
PSF-005908,Tiedra,41.650000,-5.277900,0,0,0,0,0,0,2,0,pge:19649
PSF-005909,Gangan Kiria,10.065200,-12.888700,0,2,2,0,0,0,0,0,pge:19651
PSF-005910,Valoria Sur,41.819200,-4.482000,0,0,0,0,2,0,0,0,pge:19653
PSF-005911,Shahid Babaee 1,34.755600,50.702200,0,2,2,2,0,0,0,0,pge:19655
PSF-005912,Petropolis - Simeria,-22.546100,-43.203000,0,0,0,2,2,2,0,0,pge:19656
PSF-005913,Santa Rita de Ibitipoca (MG),-21.620300,-43.923500,0,0,2,2,2,2,0,0,pge:19657
PSF-005914,Constanza,18.877900,-70.708200,2,2,0,0,0,0,0,1,pge:19658
PSF-005915,Mont-Megantic,45.447600,-71.119500,0,1,2,1,0,0,0,0,pge:19659
PSF-005916,Chinarkot,34.021800,72.776300,0,0,0,2,2,2,0,0,pge:19660
PSF-005917,El Cerro Poas,10.052200,-84.255500,0,0,1,2,1,0,0,0,pge:19665
PSF-005918,Lapale,-9.678100,119.422000,0,0,0,1,2,0,0,0,pge:19666
PSF-005919,Nam Khê,21.031900,106.819000,0,0,2,2,2,2,2,0,pge:19667
PSF-005920,Bình Liêu,21.507100,107.491000,0,0,0,2,2,2,0,0,pge:19668
PSF-005921,Playa Paraná,-42.793000,-64.949900,0,1,2,0,0,0,0,0,pge:19671
PSF-005922,Mardi Himal - High Camp,28.432900,83.867600,0,0,1,2,1,0,0,0,pge:19674
PSF-005923,"Roc de Frausa, Les Salines",42.422500,2.730200,0,0,0,2,2,2,0,0,pge:19675
PSF-005924,Morne Gommier,14.465000,-60.899000,0,0,0,0,0,0,0,0,pge:19676
PSF-005925,CHAPURO,2.836350,-75.167300,1,0,0,0,0,2,2,2,pge:19677
PSF-005926,Domos,-33.300600,-70.513400,0,0,0,0,0,2,2,0,pge:19679
PSF-005927,Rampa do São Francisco - RB,-19.326900,-40.279200,1,2,2,1,0,0,0,0,pge:19680
PSF-005928,Dinamit Tepe - Pamukkale - Denizli,37.942100,29.135700,2,0,0,1,2,2,2,2,pge:19682
PSF-005929,Rampa Vila Velha,-25.273900,-49.998900,1,2,1,0,0,0,0,0,pge:19685
PSF-005930,Kapulovka,47.532400,34.213100,0,0,0,0,2,2,0,0,pge:19687
PSF-005931,Nasim Daryacheh,29.456800,52.719600,2,1,0,0,0,0,0,0,pge:19688
PSF-005932,Sentinela,-17.097200,-44.022000,0,2,2,2,0,0,0,0,pge:19689
PSF-005933,Viisoara,46.291100,26.660900,0,0,1,2,2,0,0,0,pge:19690
PSF-005934,Moinesti,46.479600,26.478100,0,2,2,0,0,0,0,0,pge:19691
PSF-005935,Valmeyer,38.315500,-90.352700,2,2,1,2,2,2,1,1,pge:19692
PSF-005936,Gorbatov,56.137500,43.043300,2,2,1,0,0,0,0,0,pge:19693
PSF-005937,Urueña,41.727100,-5.203530,0,0,0,0,0,0,2,1,pge:19695
PSF-005938,Vallelado,41.396400,-4.428400,2,2,0,2,2,0,0,2,pge:19696
PSF-005939,San Cristobal de Cuellar,41.406000,-4.404020,0,0,0,2,2,1,0,0,pge:19697
PSF-005940,Palenzuela,42.095300,-4.129250,1,0,0,0,0,0,0,2,pge:19698
PSF-005941,Cerro el Toro,8.004800,-62.358800,0,1,2,2,1,0,0,0,pge:19699
PSF-005942,Cerro de Jorge,7.907500,-62.461900,0,2,2,2,0,0,0,0,pge:19700
PSF-005943,El Rey,7.468100,-63.219900,2,2,2,0,0,0,0,0,pge:19701
PSF-005944,Bogoslovec,41.767200,22.015800,2,2,0,0,1,1,1,1,pge:19702
PSF-005945,Mike V FlySite,14.052200,120.495000,0,2,1,0,0,0,0,0,pge:19703
PSF-005946,La Piramide,-33.381400,-70.608100,0,0,0,1,2,1,0,0,pge:19704
PSF-005947,Melika,30.594600,50.391700,2,0,0,2,2,2,0,2,pge:19705
PSF-005948,Eurofly Stegeren,52.568900,6.488500,2,1,1,1,2,1,1,1,pge:19707
PSF-005949,STR,41.189600,24.444200,2,2,0,0,0,0,0,0,pge:19708
PSF-005950,Ouren,50.142000,6.126370,0,0,2,1,2,0,0,0,pge:19709
PSF-005951,Lisaya,46.949400,142.788000,0,0,0,0,0,1,2,1,pge:19711
PSF-005952,Movileni,47.335200,27.370200,2,0,0,0,0,0,0,0,pge:19712
PSF-005953,Vyazniki (Венец),56.237400,42.198900,2,1,0,0,0,0,0,1,pge:19713
PSF-005954,Bukit Bubus,5.790290,102.618000,0,2,2,0,0,0,0,0,pge:19715
PSF-005955,Pampa Fly,-35.095600,-58.084400,0,2,2,2,0,0,0,0,pge:19716
PSF-005956,Jeziorsko Popów,51.838500,18.719000,0,0,0,0,0,1,2,1,pge:19717
PSF-005957,Trimbak Godavari Ridge,19.936800,73.515500,1,1,2,2,1,1,2,2,pge:19718
PSF-005958,Gerash,27.673100,54.192800,0,0,0,0,2,2,1,0,pge:19719
PSF-005959,Zmeinka,44.849900,34.053500,0,0,0,1,2,0,0,0,pge:19720
PSF-005960,Laspi,44.428600,33.710900,0,0,0,0,2,1,0,0,pge:19721
PSF-005961,Fiolent SE-SEE,44.505600,33.496400,0,0,1,2,0,0,0,0,pge:19722
PSF-005962,Fiolent SSW-S-SSE - English please!!,44.506400,33.502900,0,0,0,1,2,1,0,0,pge:19723
PSF-005963,Pozharskoe,44.922700,33.870800,1,2,1,0,0,0,0,0,pge:19724
PSF-005964,Bulwer 1000,-29.812000,29.751400,0,2,2,0,0,0,0,0,pge:19725
PSF-005965,Aerodromo de Sonseca,39.694000,-3.933800,2,2,2,1,1,2,2,2,pge:19726
PSF-005966,Irita-Kaya,44.534100,33.886300,2,2,0,0,0,0,0,0,pge:19727
PSF-005967,Shullsburg,42.566400,-90.143500,2,0,2,0,2,0,2,0,pge:19728
PSF-005968,Mozhayka (yugo-vostok),59.699400,30.186600,0,0,1,2,1,0,0,0,pge:19731
PSF-005969,Kaporskoe ozero,59.747700,29.994300,2,2,0,0,0,0,0,0,pge:19732
PSF-005970,Mangup,44.590700,33.805600,0,0,0,0,1,0,0,0,pge:19733
PSF-005971,Thollon les memises - Col de Pertuis,46.372900,6.704930,0,0,0,2,2,1,0,0,pge:19734
PSF-005972,Cabbage Hill,17.955400,-76.586400,0,0,1,2,2,2,1,0,pge:19735
PSF-005973,Bangsberg syd,60.845000,10.897500,0,2,2,2,2,0,0,0,pge:19736
PSF-005974,Duders Peninsular,-36.904900,175.080000,2,0,0,2,0,0,0,0,pge:19737
PSF-005975,Ballybanaun,53.673800,-9.410100,0,0,2,2,2,0,0,0,pge:19738
PSF-005976,Mesa Butte,50.779400,-114.561000,0,0,2,2,2,0,0,0,pge:19739
PSF-005977,Kukkuzi,59.922600,29.647800,0,1,2,1,0,1,2,1,pge:19740
PSF-005978,Zanzroli,19.632700,72.829600,1,0,0,0,0,2,2,2,pge:19741
PSF-005979,Breaza,45.111200,26.537200,0,0,0,0,2,2,2,1,pge:19742
PSF-005980,Saint Juire Champgilion,46.575800,-1.024000,2,0,0,0,2,0,0,0,pge:19743
PSF-005981,Idaho Peak,49.971000,-117.300000,2,2,2,2,2,2,2,2,pge:19744
PSF-005982,Hovden,62.000000,9.000000,0,1,2,2,2,2,2,1,pge:19745
PSF-005983,Seljavnoe,51.147600,39.243700,0,0,2,2,0,0,0,0,pge:19747
PSF-005984,Os'kino,51.220600,39.043100,2,0,0,0,0,0,0,2,pge:19748
PSF-005985,Ivanovka,51.453500,38.937600,0,0,0,0,2,2,0,0,pge:19749
PSF-005986,Arhangel'skoe,51.244400,39.157100,0,2,2,0,0,0,0,0,pge:19750
PSF-005987,Maxim's hill,25.329800,49.493100,0,0,2,2,1,0,0,0,pge:19751
PSF-005988,Margareteberg,56.211800,12.542800,0,0,0,0,0,0,1,2,pge:19753
PSF-005989,Geno Shahi,27.397400,56.169000,0,0,1,2,2,2,1,0,pge:19756
PSF-005990,Chon-Tash,42.714900,74.603600,1,0,0,0,0,0,0,1,pge:19757
PSF-005991,Punta Peligro,-46.013700,-67.599300,0,2,2,0,0,0,0,0,pge:19758
PSF-005992,Punta Peligro Sur,-46.022900,-67.591300,0,0,0,2,2,0,0,0,pge:19759
PSF-005993,La Grulla,-46.694000,-67.178000,2,2,2,0,0,0,0,0,pge:19760
PSF-005994,mahdirajeh,36.698700,53.686900,1,1,0,0,0,0,0,1,pge:19761
PSF-005995,Bjellandsfjellet,58.908900,5.873050,0,0,0,0,0,2,2,2,pge:19762
PSF-005996,Leenaun,53.574900,-9.699000,2,2,2,0,0,0,0,2,pge:19764
PSF-005997,Houser Rd - Towing,32.777500,-111.428000,0,1,2,1,0,1,2,1,pge:19765
PSF-005998,La Parva de Avedillo,41.340700,-5.654900,0,2,0,0,2,0,2,0,pge:19766
PSF-005999,Dash Arjen,29.654100,52.026300,0,0,0,0,0,2,2,0,pge:19768
PSF-006000,prades,42.789000,1.853900,0,1,2,0,0,0,0,0,pge:19769
PSF-006001,Sao Marcos,-19.454500,-40.554200,1,2,2,1,0,0,0,0,pge:19770
PSF-006002,Playa Rincon,19.304400,-69.254600,0,1,2,1,0,0,0,0,pge:19771
PSF-006003,Matua,18.640200,-70.078100,0,0,0,2,2,0,0,0,pge:19772
PSF-006004,Ataman,38.372900,45.784500,0,0,0,0,0,1,1,1,pge:19773
PSF-006005,Alpe Lusentino / Moncucco,46.102200,8.254360,0,0,0,0,0,0,0,0,pge:19777
PSF-006006,Pharis Knob,38.740100,-79.620000,0,0,0,2,2,0,0,0,pge:19779
PSF-006007,Peje,42.682900,20.264100,0,0,1,2,1,0,0,0,pge:19780
PSF-006008,Rocca Canavese,45.327600,7.572500,0,0,1,2,2,0,0,0,pge:19781
PSF-006009,Truful,-38.875700,-71.648500,2,1,0,0,0,0,1,2,pge:19782
PSF-006010,Pin rouge,48.323700,-65.717900,0,0,0,1,2,2,1,0,pge:19783
PSF-006011,Rampa do Dourado - Vila Valério,-18.985300,-40.436900,2,2,2,2,1,0,2,2,pge:19784
PSF-006012,Legzira Beach (the beach),29.439400,-10.120400,1,0,0,0,0,0,0,2,pge:19785
PSF-006013,Lazná,48.831800,19.621200,0,0,0,0,0,2,2,0,pge:19786
PSF-006014,Lipová,48.805400,19.585100,0,0,0,0,0,2,2,0,pge:19787
PSF-006015,Chvatimech - kóta,48.793700,19.552500,1,2,2,0,0,0,0,0,pge:19788
PSF-006016,Petit Mont-Rond,46.357500,6.017930,0,0,0,0,0,0,0,0,pge:19789
PSF-006017,Macenas,37.074100,-1.851800,0,0,2,0,0,0,0,0,pge:19790
PSF-006018,Meduno,46.230600,12.806900,0,0,0,0,1,2,1,0,pge:19791
PSF-006019,Aguilon,37.381800,-1.705800,0,1,2,2,0,0,0,0,pge:19792
PSF-006020,Puig de Sant Salvador,39.454400,3.188640,0,0,2,0,0,0,0,0,pge:19794
PSF-006021,Pohanské,48.857100,19.646400,0,0,0,0,0,0,2,0,pge:19795
PSF-006022,Jasenie,48.833800,19.451400,0,0,2,0,0,0,0,0,pge:19796
PSF-006023,Gyles Quay,53.986400,-6.228900,0,0,0,0,2,0,0,0,pge:19797
PSF-006024,Ski Mýto pod Ďumbierom,48.836100,19.616300,2,0,0,0,0,0,0,0,pge:19798
PSF-006025,Malý Gápeľ,48.915200,19.677000,0,0,0,2,2,2,2,0,pge:19799
PSF-006026,Songkrasip Trainning Hill,12.678400,101.098000,0,0,0,1,2,1,0,0,pge:19800
PSF-006027,Harayjan,30.008500,52.056500,0,0,0,0,0,2,2,0,pge:19801
PSF-006028,Dubicak,48.978400,14.540200,0,0,0,0,0,0,0,2,pge:19802
PSF-006029,Ernei,46.604200,24.656800,0,0,0,0,1,2,2,2,pge:19804
PSF-006030,Fantanele,46.429500,24.785000,0,0,0,2,1,0,0,0,pge:19805
PSF-006031,Deda Bistra,46.978200,24.897100,0,0,0,1,2,2,2,1,pge:19806
PSF-006032,Elk Mountain,49.113200,-121.804000,0,0,0,2,2,2,1,0,pge:19807
PSF-006033,Tepoztlan,19.013100,-99.090400,0,0,1,2,2,1,0,0,pge:19808
PSF-006034,Lataha,9.550400,-5.606700,0,1,1,2,2,2,0,0,pge:19809
PSF-006035,Isolabona,43.888100,7.621840,0,0,0,2,2,2,0,0,pge:19811
PSF-006036,Tinto (alternative N'ly t/o),55.603600,-3.658400,2,1,0,0,0,0,0,2,pge:19812
PSF-006037,Topolitsa East,42.751400,27.151400,0,0,1,2,1,0,0,0,pge:19813
PSF-006038,Mansilla,42.543700,-5.346100,0,0,1,2,1,0,0,0,pge:19814
PSF-006039,Grünten Rohrmeier,47.565700,10.308700,0,0,0,0,0,1,2,1,pge:19816
PSF-006040,Dukan - Sarah Mountain,35.932300,44.982300,2,0,0,0,0,1,2,2,pge:19817
PSF-006041,Amedi - Maten Mountain,37.116800,43.481400,0,0,0,2,2,2,0,0,pge:19818
PSF-006042,hisarbuyuk,35.293000,33.097300,2,2,0,0,0,1,1,1,pge:19819
PSF-006043,Cerro El Maldito,-13.924100,-76.257500,0,0,0,2,2,2,0,0,pge:19820
PSF-006044,Tocile,45.669200,24.164300,1,2,1,1,0,0,0,0,pge:19822
PSF-006045,Valare,45.700800,23.977000,2,1,0,0,0,0,0,1,pge:19823
PSF-006046,Grzmiąca,50.695300,16.328100,0,0,0,2,0,0,0,0,pge:19824
PSF-006047,Playa Blanca,-37.058500,-73.141000,0,2,2,2,1,0,0,0,pge:19825
PSF-006048,Centennial Park,-39.065100,174.021000,0,0,0,0,0,2,2,2,pge:19827
PSF-006049,Feuerkogel,47.815800,13.720800,2,2,2,2,1,1,0,1,pge:19828
PSF-006050,CATALINA DEAL NW,47.366200,26.907100,2,2,0,0,0,0,0,1,pge:19831
PSF-006051,Dalsnuten,58.893800,5.786430,0,0,0,0,0,0,2,2,pge:19833
PSF-006052,Bajenov Team Qabala Spot,41.024500,47.882400,0,0,0,2,2,1,0,0,pge:19834
PSF-006053,Butterfly Paragliding Centre,50.593100,-1.320000,0,0,0,0,2,2,2,0,pge:19835
PSF-006054,Millylamartine,46.341600,4.690600,0,0,0,2,0,0,0,0,pge:19836
PSF-006055,Vergission N-NO,46.315400,4.716900,2,0,0,0,0,0,0,2,pge:19837
PSF-006056,Vergission S-SO,46.314000,4.717500,0,0,0,0,2,2,0,0,pge:19838
PSF-006057,Solutre EST,46.299100,4.719300,0,0,2,0,0,0,0,0,pge:19839
PSF-006058,La vierge,46.460200,4.717200,0,0,0,0,0,0,2,0,pge:19840
PSF-006059,Mont st romain,46.496200,4.750800,0,0,0,0,0,0,2,0,pge:19841
PSF-006060,Mont peloux,46.492700,4.743700,0,0,0,0,0,0,0,2,pge:19842
PSF-006061,La pierre levée,46.540400,4.783100,0,0,0,0,0,0,1,2,pge:19843
PSF-006062,Au 4 vents,46.449500,4.714600,0,0,0,0,0,2,2,0,pge:19844
PSF-006063,Mont pejus,46.595500,4.639700,0,0,0,2,2,0,0,0,pge:19845
PSF-006064,Mex Aiguille,46.189700,6.981460,1,1,2,1,0,0,0,0,pge:19846
PSF-006065,Lookout Mountain (Glenwood afternoon),39.543900,-107.299000,0,0,0,0,1,2,2,1,pge:19848
PSF-006066,Dibab,23.072800,59.044300,0,0,0,0,0,0,0,0,pge:19849
PSF-006067,Azure,39.999000,-106.540000,0,0,2,2,0,0,0,0,pge:19851
PSF-006068,Elorrio-Udalatx,43.100400,-2.533100,2,2,0,0,0,0,0,0,pge:19852
PSF-006069,Cerro Cochento,-37.704000,-72.301100,0,0,0,1,2,2,0,0,pge:19853
PSF-006070,Blacksidend,55.540000,-4.245000,0,0,0,0,0,2,2,2,pge:19854
PSF-006071,Son Park,40.024900,4.171100,0,2,0,0,0,0,0,0,pge:19855
PSF-006072,Laishi,-26.354400,-58.423500,0,1,2,2,1,0,0,0,pge:19856
PSF-006073,Luciano Gauchito,-27.406800,-58.552300,2,0,0,0,2,1,0,1,pge:19857
PSF-006074,San Luis del Palmar,-27.563600,-58.504000,0,0,2,2,0,0,0,0,pge:19858
PSF-006075,Brandberg,47.298200,7.568400,0,1,2,2,2,0,0,0,pge:19859
PSF-006076,Sonnenberg,47.324700,7.603800,0,0,0,2,2,0,0,0,pge:19860
PSF-006077,Sumas Mountain,49.119300,-122.126000,0,0,0,0,0,0,0,0,pge:19869
PSF-006078,Almargen,36.956300,-5.069700,0,0,0,0,0,0,0,0,pge:19878
PSF-006079,Arteni mountain,40.377200,43.785500,0,0,0,0,0,0,0,0,pge:19912
PSF-006080,Camperdune,52.718900,4.640150,0,0,0,0,0,0,0,0,pge:19926
PSF-006081,Artanish mountain,40.480500,45.308900,0,0,0,0,0,0,0,0,pge:19927
PSF-006082,Rampa da Trindade,-18.735100,-41.459500,0,0,0,0,0,0,0,0,pge:19928
PSF-006083,Club de Planeadores Vitacura,-32.802900,-70.519200,0,0,0,0,0,0,0,0,pge:19929
PSF-006084,Gaislachkogl,46.945300,10.971700,0,0,0,0,0,0,0,0,pge:19939
PSF-006085,Rujdavitca  N-NW,42.205500,23.389600,2,0,0,0,0,0,0,2,pge:19947
PSF-006086,Visconde de Mauá,-22.370800,-44.497000,0,0,0,0,0,0,0,0,pge:19948
PSF-006087,Marisca,-33.255500,24.879900,0,0,0,0,0,0,0,0,pge:19950
PSF-006088,Faz. Santa Branca,-16.442700,-49.098500,0,0,0,0,0,0,0,0,pge:19951
PSF-006089,Villa Maria Reserve,4.067420,-76.095600,0,0,0,0,0,0,0,0,pge:19953
PSF-006090,Salto da Divisa MG,-16.027400,-39.921300,0,0,0,0,0,0,0,0,pge:19955
PSF-006091,Mt Potts,-43.500900,170.962000,0,0,0,0,0,0,0,0,pge:19957
PSF-006092,Travers Saddle,-42.027400,172.737000,0,0,0,0,0,0,0,0,pge:19958
PSF-006093,Kamilas Hill,-42.368100,172.536000,0,0,0,0,0,0,0,0,pge:19959
PSF-006094,Lake Stream Gap,-43.327700,171.144000,0,0,0,0,0,0,0,0,pge:19960
PSF-006095,St James Range North Pt 1980,-42.160100,172.681000,0,0,0,0,0,0,0,0,pge:19961
PSF-006096,el Hierro -Sabinosa,27.748700,-18.100000,2,0,0,0,0,0,0,1,pge:19962
PSF-006097,Meiling,-41.176600,-71.815900,0,0,0,0,0,0,0,0,pge:19963
PSF-006098,Hallgarten,50.037800,8.034280,0,0,0,0,0,0,0,0,pge:19965
PSF-006099,Vosburg Towing,-30.578300,22.800900,0,0,0,0,0,0,0,0,pge:19966
PSF-006100,Ramoa Manhuaçu,-20.287500,-42.069600,0,0,0,0,0,0,0,0,pge:19967
PSF-006101,Porto Real - RJ,-22.430300,-44.288700,0,0,0,0,0,0,0,0,pge:19968
PSF-006102,Peña Rubia,42.775200,-6.886580,0,0,0,0,0,0,0,0,pge:19969
PSF-006103,Gulang,37.494300,102.876000,0,0,0,0,0,0,0,0,pge:19970
PSF-006104,Tooth peak,-44.955900,168.319000,0,0,0,0,0,0,0,0,pge:19971
PSF-006105,Camino Negro,-37.601200,-59.496300,0,0,0,0,0,0,0,0,pge:19972
PSF-006106,lage,-20.512300,-44.707600,0,0,0,0,0,0,0,0,pge:19973
PSF-006107,Florida Ridge Flight Park,26.824400,-81.271000,0,0,0,0,0,0,0,0,pge:19974
PSF-006108,Paso del Cordoba,-40.598300,-71.131200,0,0,0,0,0,0,0,0,pge:19975
PSF-006109,Dinnyes,47.149400,18.595500,0,0,0,0,0,0,0,0,pge:19977
PSF-006110,Khanh Le pass,12.242000,108.777000,0,0,0,0,0,0,0,0,pge:19978
PSF-006111,Karaman Toki,37.146600,33.252500,0,0,0,0,0,0,0,0,pge:19979
PSF-006112,Nova Aurora - PR,-24.425000,-53.166000,0,0,0,0,0,0,0,0,pge:19980
PSF-006113,Lencois - Pai Inacio,-12.457900,-41.470300,0,0,0,0,0,0,0,0,pge:19981
PSF-006114,Rampa do Gobbi,-26.256000,-53.411000,0,0,0,0,0,0,0,0,pge:19982
PSF-006115,Chin Khuc mountain,12.228100,109.131000,0,0,0,0,0,0,0,0,pge:19983
PSF-006116,Komenoyama,33.606000,130.540000,2,0,0,0,0,0,1,2,pge:19984
PSF-006117,Good Lad,53.192000,-8.913270,0,0,0,0,0,0,0,0,pge:19985
PSF-006118,Surnevets,42.421600,25.345500,0,0,0,0,0,0,0,0,pge:19986
PSF-006119,Mt. Bruce,50.519500,-116.223000,0,0,0,0,0,0,0,0,pge:19987
PSF-006120,Whitetail Lake,50.216300,-116.071000,0,0,0,0,0,0,0,0,pge:19988
PSF-006121,Eagle Hill,50.448000,-115.907000,0,0,0,0,0,0,0,0,pge:19989
PSF-006122,Godawari-Kathmandu,27.597700,85.402400,0,0,0,0,0,0,0,0,pge:19990
PSF-006123,Mt Cook,-27.286900,151.256000,0,0,0,0,0,0,0,0,pge:19992
PSF-006124,Blyn,48.006000,-122.985000,0,0,0,0,0,0,0,0,pge:19993
PSF-006125,Rampa de Lajinha do Pancas - ES,-19.171200,-40.773500,0,0,0,0,0,0,0,0,pge:19994
PSF-006126,Pink Hill,53.341900,-3.147470,0,0,0,0,0,0,0,0,pge:19995
PSF-006127,Soly Site,33.464900,-6.477350,0,0,0,0,0,0,0,0,pge:19996
PSF-006128,Izvoarele,44.288100,22.692100,0,0,0,0,0,0,0,0,pge:19997
PSF-006129,Sao Jose dos Pinhais,-25.644200,-49.267100,0,0,0,0,0,0,0,0,pge:19998
PSF-006130,Les angles,42.571000,2.057980,0,0,0,0,0,0,0,0,pge:19999
PSF-006131,"Dunvegan Road, Phillip Island",-38.511040,145.290130,0,0,0,0,1,1,0,0,pge:20000;siteguide_au:254-277
PSF-006132,Sindicato Rural de Iguatemi MS,-23.661100,-54.569400,0,0,0,0,0,0,0,0,pge:20001
PSF-006133,MadÃ–tzing,48.633700,13.353600,0,0,0,0,0,0,0,0,pge:20002
PSF-006134,Park Link Road,32.616400,-111.258000,0,0,0,0,0,0,0,0,pge:20004
PSF-006135,Koppies Dam,-27.244500,27.674300,0,0,0,0,0,0,0,0,pge:20005
PSF-006136,Little Spot,33.656800,-7.283780,0,0,0,0,0,0,0,0,pge:20006
PSF-006137,Sidi Abderrazzak Spot,33.931700,-6.113380,0,0,0,0,0,0,0,0,pge:20007
PSF-006138,Mnasra Spot,34.482400,-6.516950,0,0,0,0,0,0,0,0,pge:20008
PSF-006139,Fedallat Spot,33.550400,-7.187330,0,0,0,0,0,0,0,0,pge:20009
PSF-006140,Id Magha Spot,29.552100,-10.010300,0,0,0,0,0,0,0,0,pge:20010
PSF-006141,Sella,38.621900,-0.273517,0,0,0,0,0,0,0,0,pge:20011
PSF-006142,Tunnel Bluff,49.486800,-123.237000,0,0,0,0,0,0,0,0,pge:20012
PSF-006143,back of the rack,34.489000,-119.666000,0,0,0,0,0,0,0,0,pge:20013
PSF-006144,Avalanche Peak,-42.942600,171.541000,0,0,0,0,0,0,0,0,pge:20014
PSF-006145,Taita Hills,-3.480270,38.361600,0,0,0,0,0,0,0,0,pge:20015
PSF-006146,KK-Beach,37.059700,-6.666120,0,0,0,0,0,0,0,0,pge:20016
PSF-006147,Krans Kop,-28.913700,30.954300,0,0,0,0,0,0,0,0,pge:20017
PSF-006148,Mt Cargill,-45.813100,170.557000,2,0,0,0,2,0,0,0,pge:20018
PSF-006149,Shiloto,42.457800,27.379700,0,0,0,0,0,0,0,0,pge:20019
PSF-006150,Sounion water tank,37.666600,24.024900,0,0,0,0,0,0,0,0,pge:20020
PSF-006151,Auckland Gliding Club,-37.095600,174.975000,0,0,0,0,0,0,0,0,pge:20022
PSF-006152,Abdellah Ibn Yassine,33.742300,-6.714780,0,0,0,0,0,0,0,0,pge:20023
PSF-006153,Cerro Largo,-34.147600,-55.285400,0,0,0,0,0,0,0,0,pge:20024
PSF-006154,Cerro Negro,-34.663400,-55.060500,0,0,0,0,0,0,0,0,pge:20025
PSF-006155,Pigeon Island Flydown launch,-44.925400,168.457000,0,0,0,0,0,0,0,0,pge:20026
PSF-006156,Véron,48.138400,3.317830,0,0,0,0,0,0,2,0,pge:20027
PSF-006157,Praia do Ã”lho DÂ´agua - Acro,-2.488580,-44.273200,0,0,0,0,0,0,0,0,pge:20028
PSF-006158,Vinska Gora,46.350000,15.175800,0,0,0,0,0,0,0,0,pge:20029
PSF-006159,Anapolis,-16.270500,-48.967200,0,0,0,0,0,0,0,0,pge:20030
PSF-006160,Praia do Futuro,-3.751530,-38.445600,0,0,0,0,0,0,0,0,pge:20032
PSF-006161,Mary Dale,-28.357400,28.996900,0,0,0,0,0,0,0,0,pge:20033
PSF-006162,Cernache CBR,40.158500,-8.470400,0,0,0,0,0,0,0,0,pge:20034
PSF-006163,Griswold,36.554500,-120.816000,2,2,1,0,0,0,1,2,pge:20035
PSF-006164,Little Church,-21.073200,-45.554000,0,0,0,0,0,0,0,0,pge:20036
PSF-006165,Temple Peak,-44.784200,168.438000,0,0,0,0,0,0,0,0,pge:20037
PSF-006166,Mt Gilbert South Ridge,-44.895000,168.593000,0,0,0,0,0,0,0,0,pge:20038
PSF-006167,Sawyer Burn,-44.425200,169.256000,0,0,0,0,0,0,0,0,pge:20039
PSF-006168,Rees Valley Slopes Above Shelter Rock,-44.560900,168.526000,0,0,0,0,0,0,0,0,pge:20040
PSF-006169,Kea Basin,-44.606500,168.437000,0,0,0,0,0,0,0,0,pge:20041
PSF-006170,Boundary Spur,-44.339800,169.183000,0,0,0,0,0,0,0,0,pge:20042
PSF-006171,Glengyle Spur,-44.484200,168.689000,0,0,0,0,0,0,0,0,pge:20043
PSF-006172,South Temple,-44.153400,169.756000,0,0,0,0,0,0,0,0,pge:20044
PSF-006173,Gladwish,-44.322000,169.570000,0,0,0,0,0,0,0,0,pge:20045
PSF-006174,Monte Maggio,44.553800,9.008530,0,0,0,0,0,0,0,0,pge:20047
PSF-006175,Pian Rosso,44.155000,7.770370,0,0,0,0,0,0,0,0,pge:20048
PSF-006176,Cerro Provincia,-33.425200,-70.439300,0,0,0,0,0,0,0,0,pge:20049
PSF-006177,Monte Bue - S.Stefano d' Aveto,44.560600,9.449250,0,0,0,0,0,0,0,0,pge:20050
PSF-006178,Ingleborough,54.166800,-2.400170,2,2,1,0,0,2,1,1,pge:20051
PSF-006179,Caminha,41.843900,-8.870930,0,0,0,0,0,0,0,0,pge:20052
PSF-006180,Wild Ass,36.394500,-120.658000,0,0,0,0,0,0,0,0,pge:20053
PSF-006181,Cerro Montura,-38.031400,-62.087200,0,0,0,0,0,0,0,0,pge:20054
PSF-006182,Cloud Base,-29.643000,30.854000,0,0,0,0,0,0,0,0,pge:20055
PSF-006183,Marialva NE,40.919700,-7.229680,0,0,0,0,0,0,0,0,pge:20056
PSF-006184,LASTRES NE,43.502300,-5.264450,0,0,0,0,0,0,0,0,pge:20057
PSF-006185,Ouroana-GO,-18.120500,-50.620400,0,0,0,0,0,0,0,0,pge:20059
PSF-006186,Dong Trieu - Quang Ninh,21.161400,106.588000,0,0,0,0,0,0,0,0,pge:20061
PSF-006187,Praia do Atalaia - Luis Correia/PI,-2.884030,-41.634800,0,0,0,0,0,0,0,0,pge:20062
PSF-006188,Praia do �?lho D´agua - Acro,-2.477050,-44.222600,0,0,0,0,0,0,0,0,pge:20063
PSF-006189,Murton Pike,54.601100,-2.413700,0,0,0,0,0,0,0,0,pge:20065
PSF-006190,Roh,49.160500,22.546600,0,0,0,0,0,0,0,0,pge:20066
PSF-006191,ParaEvoluti Roma,41.513500,12.656200,0,0,0,0,0,0,0,0,pge:20067
PSF-006192,sv.Kirik -Asenovgrad,42.001400,24.847400,0,0,0,0,0,0,0,0,pge:20068
PSF-006193,Padella Peak,54.848100,-126.919000,0,0,0,0,0,0,0,0,pge:20069
PSF-006194,Kits,54.948900,-127.479000,0,0,0,0,0,0,0,0,pge:20070
PSF-006195,Hochhaedrich,47.480600,10.000300,0,0,0,0,0,0,0,0,pge:20071
PSF-006196,Paranavaí,-23.182900,-52.473100,0,0,0,0,0,0,0,0,pge:20072
PSF-006197,Таралежа,42.688000,24.244500,0,0,0,0,0,0,0,0,pge:20073
PSF-006198,La Mancha Beach,19.583200,-96.378100,0,0,0,0,0,0,0,0,pge:20074
PSF-006199,Dima's,36.256100,-81.434300,0,0,0,0,0,0,0,0,pge:20075
PSF-006200,Le Mont,45.634700,6.798450,0,0,0,0,0,0,0,0,pge:20076
PSF-006201,Franciscano,-33.319900,-70.262600,0,0,0,0,0,0,0,0,pge:20077
PSF-006202,Monte Xalo,43.228000,-8.426220,0,0,0,0,0,0,0,0,pge:20078
PSF-006203,Jacksenville,29.197800,-97.159900,0,0,0,0,0,0,0,0,pge:20081
PSF-006204,Doolin 2,53.013500,-9.390330,0,0,0,0,0,0,0,0,pge:20083
PSF-006205,Pico dos Abelheiros,-19.025400,-41.070400,0,0,0,0,0,0,0,0,pge:20084
PSF-006206,Fort Smith,35.302700,-94.393800,0,0,0,0,0,0,0,0,pge:20086
PSF-006207,Lindenfels,49.807000,8.889470,0,0,0,0,0,0,0,0,pge:20087
PSF-006208,Filzberg ÃœbungsgelÃ¤nde,51.342100,10.941900,0,0,0,0,0,0,0,0,pge:20088
PSF-006209,Volta Redonda/Belvedere,-22.528800,-44.078400,0,0,0,0,0,0,0,0,pge:20089
PSF-006210,Platanos,39.666300,21.803700,0,0,0,0,0,0,0,0,pge:20090
PSF-006211,Morro do Pingo,-23.397600,-46.706800,0,0,0,0,0,0,0,0,pge:20091
PSF-006212,SIERRA d'ABODI,42.957500,-1.129200,0,0,0,0,0,0,0,0,pge:20092
PSF-006213,URSUYA,43.346600,-1.342780,0,0,0,0,0,0,0,0,pge:20093
PSF-006214,"Perli Village, Kutahya",39.450400,30.036900,0,0,0,0,0,0,0,0,pge:20094
PSF-006215,Skerries,53.590800,-6.154900,0,0,0,0,0,0,0,0,pge:20095
PSF-006216,Voo Lago Iguacu,-25.521600,-53.385700,0,0,0,0,0,0,0,0,pge:20096
PSF-006217,Contestado,-18.735300,-41.395200,0,0,0,0,0,0,0,0,pge:20097
PSF-006218,Staffel,47.586400,11.470100,0,1,2,1,0,0,0,0,pge:20099
PSF-006219,Chapel's combe,46.210700,6.470700,0,0,0,0,0,0,0,0,pge:20100
PSF-006220,Freedom Hills Park,40.949000,-111.867000,0,0,0,0,0,0,0,0,pge:20101
PSF-006221,Buford Landfill,34.135800,-84.036500,0,0,0,0,0,0,0,0,pge:20102
PSF-006222,Mnt. Yonah,34.637000,-83.714200,0,0,0,0,0,0,0,0,pge:20103
PSF-006223,Wachtelberg,50.981700,13.668700,0,0,0,0,0,0,0,0,pge:20104
PSF-006224,Cow Close,54.155000,-2.171800,0,2,0,0,0,0,0,0,pge:20105
PSF-006225,Paramotorsul,-25.119500,-52.792200,0,0,0,0,0,0,0,0,pge:20106
PSF-006226,baÅŸÃ§iftlik,40.496300,37.123400,0,0,0,0,0,0,0,0,pge:20107
PSF-006227,Voo Mangueirinha,-25.941800,-52.226800,0,0,0,0,0,0,0,0,pge:20108
PSF-006228,retiriho,-4.636120,-37.570100,0,0,0,0,0,0,0,0,pge:20109
PSF-006229,Peralta,-32.531100,-56.242500,0,0,0,0,0,0,0,0,pge:20110
PSF-006230,Pontarlier,46.910400,6.324800,0,0,0,0,0,0,0,0,pge:20112
PSF-006231,Burkemont Mountain,35.655100,-81.700900,0,0,0,0,0,0,0,0,pge:20113
PSF-006232,Jacutinga-MG,-22.230400,-46.596900,0,0,0,0,0,0,0,0,pge:20114
PSF-006233,Whangarei Heads,-35.840800,174.579000,0,0,0,0,0,0,0,0,pge:20115
PSF-006234,porto,-16.440600,-39.078800,0,0,0,0,0,0,0,0,pge:20116
PSF-006235,Sayır Çıkmazı,40.637600,36.350700,0,0,0,0,0,0,0,0,pge:20118
PSF-006236,Caiana - Rampa Sul,-20.739300,-41.953700,0,0,0,0,0,0,0,0,pge:20119
PSF-006237,Narven,40.696700,31.667500,0,0,0,0,0,0,0,0,pge:20120
PSF-006238,Sunrise,-39.776900,176.171000,0,0,0,0,0,0,0,0,pge:20122
PSF-006239,Altamont,42.679400,-74.028700,0,0,0,0,0,0,0,0,pge:20123
PSF-006240,Пъстрина,43.388500,23.330000,0,0,0,0,0,0,0,0,pge:20124
PSF-006241,Rheeboksvlei,-24.046500,29.861100,0,0,0,0,0,0,0,0,pge:20125
PSF-006242,Toca da Onça,-21.300600,-47.091400,0,0,0,0,0,0,0,0,pge:20126
PSF-006243,Poljane,45.502300,13.741800,2,2,0,0,0,0,1,2,pge:20127
PSF-006244,Kvirik,45.463000,13.905700,0,0,0,0,2,2,0,0,pge:20128
PSF-006245,Despegue Filadelfia,5.282820,-75.567800,0,0,0,0,0,0,0,0,pge:20129
PSF-006246,Jasper Tram,52.836800,-118.129000,0,0,0,0,0,0,0,0,pge:20131
PSF-006247,Nogoli-San Luis,-33.044800,-66.156300,0,0,0,0,0,0,0,0,pge:20132
PSF-006248,Pestere,47.023200,22.359400,0,0,0,0,0,0,0,0,pge:20133
PSF-006249,Eisenberg / Battenberg Eisenberg Westhang,50.965400,8.710330,0,0,0,0,0,0,0,0,pge:20134
PSF-006250,Glamaig,57.293000,-6.130800,0,0,0,0,0,0,0,0,pge:20135
PSF-006251,Monte Acuto Nord,43.496300,12.663300,0,0,0,0,0,0,0,0,pge:20136
PSF-006252,Lofer,47.606900,12.665200,0,0,0,0,0,0,0,0,pge:20137
PSF-006253,Galahad E-W,52.492300,-111.963000,0,0,0,0,0,0,0,0,pge:20139
PSF-006254,Novosil,52.945600,37.032200,0,0,0,0,0,0,0,0,pge:20140
PSF-006255,Eagles Nest,-25.646900,27.187400,0,1,2,1,0,1,2,1,pge:20142
PSF-006256,Stellenbosch Mountain,-33.951400,18.885400,0,0,0,0,0,0,0,0,pge:20143
PSF-006257,Onguday,50.786500,86.226100,0,0,0,0,0,0,0,0,pge:20144
PSF-006258,Alliance S/W Tow,52.404800,-111.586000,0,0,0,0,0,0,0,0,pge:20145
PSF-006259,Monte Spil,45.826100,11.107200,0,0,0,0,0,0,0,0,pge:20146
PSF-006260,Fazenda Robert,-32.660000,-53.627300,0,0,0,0,0,0,0,0,pge:20147
PSF-006261,Purdue,40.903000,-77.832600,0,0,0,0,0,0,0,0,pge:20239
PSF-006262,Jack´s,40.544300,-77.754200,0,0,0,0,0,0,0,0,pge:20241
PSF-006263,ILSKIY,44.905600,38.553500,0,0,0,0,0,0,0,0,pge:20246
PSF-006264,mesi apostoli,40.915500,22.780300,0,0,0,0,0,0,0,0,pge:20302
PSF-006265,Ofrey,41.631700,24.543700,0,0,0,0,0,0,0,0,pge:20325
PSF-006266,decolagem em voou,-21.335700,-48.481600,0,0,0,0,0,0,0,0,pge:20331
PSF-006267,Morro do Vento,-29.445800,-51.119900,0,0,0,0,0,0,0,0,pge:20355
PSF-006268,Monte Verde,-21.203200,-41.890900,0,0,0,0,0,0,0,0,pge:20375
PSF-006269,Somdoss,46.329800,10.027500,0,0,0,0,0,0,0,0,pge:20476
PSF-006270,Kilimanjaro Stella Point,-3.079630,37.362400,0,0,0,0,0,0,0,0,pge:20487
PSF-006271,Izta Volcano,19.172600,-98.638900,0,0,0,0,0,0,0,0,pge:20627
PSF-006272,Towers,61.115000,-149.927000,0,0,0,0,0,0,0,0,pge:20651
PSF-006273,Mt Hutt,-43.532500,171.554000,0,0,0,0,0,0,0,0,pge:20656
PSF-006274,Berkovici,43.112000,18.179300,0,0,0,0,0,0,0,0,pge:20686
PSF-006275,el Hierro -Saida 800,27.740000,-18.030800,2,0,0,0,0,0,0,2,pge:20806
PSF-006276,Mount Hood,45.360000,-121.705000,0,0,0,0,0,0,0,0,pge:20814
PSF-006277,Gokyo Ri,27.956400,86.686600,0,0,0,0,0,0,0,0,pge:20816
PSF-006278,Matsuda_Yamazaki,35.361500,139.134000,0,0,0,0,2,2,0,0,pge:20829
PSF-006279,Big Island RJ - Aventureiro Beach,-23.187900,-44.317600,0,0,0,0,0,0,0,0,pge:20838
PSF-006280,Candy Mt.,46.260800,-119.365000,0,0,0,0,0,0,0,0,pge:20854
PSF-006281,Monte Saraceno,38.388400,14.960200,0,0,0,0,0,0,0,0,pge:20857
PSF-006282,Fanningberg,47.175400,13.662200,0,0,0,0,0,0,0,0,pge:20859
PSF-006283,The Pimple,50.752700,-120.523000,0,0,0,0,0,0,0,0,pge:20862
PSF-006284,Saint Croix Airfield,43.773000,6.159830,0,0,0,0,0,0,0,0,pge:20863
PSF-006285,Víkurklettar,63.421500,-18.980200,0,0,0,0,0,0,0,0,pge:20994
PSF-006286,Monte Capanne take-off,42.772000,10.168600,0,0,0,0,0,0,0,0,pge:21035
PSF-006287,Serra Alfabia,39.733200,2.711500,0,0,0,0,0,0,0,0,pge:21047
PSF-006288,Carleton,48.120500,-66.040600,0,0,0,0,0,0,0,0,pge:21054
PSF-006289,Beartooth Pass,45.031600,-109.411000,0,0,1,0,0,1,2,1,pge:21065
PSF-006290,Skogarfoss,63.531300,-19.504200,0,0,0,0,0,0,0,0,pge:21087
PSF-006291,Tunc Mountain,36.800700,30.377100,0,0,0,0,0,0,0,0,pge:21121
PSF-006292,Hafell,63.439700,-18.868800,0,0,0,0,0,0,0,0,pge:21159
PSF-006293,Mount Fiffi,-42.311500,173.610000,0,0,0,0,0,0,0,0,pge:21169
PSF-006294,JMB Tateyama,36.561700,137.426000,2,0,0,0,0,0,0,0,pge:21171
PSF-006295,El Loa Ridge 550,-21.370400,-70.060400,0,0,0,0,0,0,0,0,pge:21175
PSF-006296,Reykanakyslöverdoemonytasekof,63.878700,-21.797900,0,0,0,0,0,0,0,0,pge:21199
PSF-006297,Silver (Newcastle),37.702500,-113.471000,0,0,0,0,0,2,2,0,pge:21204
PSF-006298,Debina,54.637000,17.003300,1,0,0,0,0,0,1,2,pge:21205
PSF-006299,Gunung Raya,6.368210,99.816400,0,0,0,0,1,2,2,2,pge:21206
PSF-006300,Sim Sim,5.853980,118.126000,0,0,2,0,0,0,0,0,pge:21207
PSF-006301,Lyskovo,56.053800,45.070300,1,0,0,0,0,0,0,2,pge:21209
PSF-006302,Ivan Gora,56.257300,46.643100,0,2,1,0,0,0,0,0,pge:21210
PSF-006303,Ptichij polet (Bird flight),55.872200,48.198100,1,2,0,0,0,0,0,0,pge:21211
PSF-006304,Nizkovo,56.134500,43.012600,0,0,0,0,0,2,2,0,pge:21212
PSF-006305,Kimbel County Airport,30.511100,-99.762900,2,1,1,1,2,1,1,1,pge:21213
PSF-006306,Hiyama,33.598200,130.161000,2,2,0,0,0,2,2,2,pge:21214
PSF-006307,Ikedayama (Mt.Ikeda),35.438700,136.528000,0,2,2,2,0,0,0,0,pge:21215
PSF-006308,Tottori -Sakyu (Sanddunes),35.545300,134.231000,2,0,0,0,0,0,0,0,pge:21217
PSF-006309,Buffels Bay / Buffalo Bay / Buffels Baai,-34.081100,22.975100,0,0,2,2,0,0,0,0,pge:21218
PSF-006310,Long Reef Northfacing,-33.738800,151.312000,2,1,0,0,0,0,0,1,pge:21219
PSF-006311,North Head,-33.822100,151.301000,0,0,2,0,0,0,0,0,pge:21220
PSF-006312,Ren Shou,29.913200,104.086000,0,1,2,2,1,0,0,0,pge:21222
PSF-006313,Wispile Mitte,46.448700,7.295800,2,1,0,0,0,0,2,2,pge:21224
PSF-006314,Koreňová-Brezno,48.765500,19.651800,2,0,0,0,0,0,0,0,pge:21225
PSF-006315,Leeukop flying hill,-27.490000,28.857300,0,0,0,0,2,2,2,1,pge:21226
PSF-006316,Skurwerberg,-25.821800,30.396900,0,1,2,2,1,0,0,0,pge:21227
PSF-006317,Kleinkrantz car park,-34.003000,22.645700,0,0,0,1,1,2,1,0,pge:21228
PSF-006318,Castell montgri,42.051700,3.131600,2,0,2,2,2,2,2,2,pge:21229
PSF-006319,Songdo,35.076600,129.012000,0,1,2,1,0,0,0,0,pge:21230
PSF-006320,Maligiaq,66.969600,-52.631900,0,2,2,2,1,0,0,0,pge:21231
PSF-006321,Parque Sao Vicente PSV,-22.538400,-43.228000,1,0,0,1,2,2,0,0,pge:21232
PSF-006322,Colle dell Agnello,44.683200,6.979400,2,0,0,0,2,0,0,0,pge:21233
PSF-006323,Escalette,43.536100,5.569470,0,0,0,0,2,2,1,0,pge:21234
PSF-006324,Rampa do Fié,-20.215600,-42.220700,2,2,1,0,0,0,0,2,pge:21235
PSF-006325,Gura Bohotin,46.918000,28.031200,0,2,0,0,0,0,0,0,pge:21236
PSF-006326,Nirgua,10.123600,-68.545400,2,2,2,2,0,0,0,0,pge:21241
PSF-006327,Pedra dos Ventos,-5.069740,-39.043400,0,0,0,2,2,0,0,0,pge:21257
PSF-006328,Kinokawa Flight Park,34.241800,135.382000,2,2,0,0,0,0,2,2,pge:21258
PSF-006329,La Grande Sure,45.335300,5.696490,0,0,0,0,0,2,2,2,pge:21259
PSF-006330,Bohinj-Vogel,46.252000,13.837500,0,2,2,0,0,0,0,0,pge:21260
PSF-006331,Bohinj-Vogar,46.294300,13.875500,0,0,0,2,2,0,0,0,pge:21261
PSF-006332,Bohinj-Studor,46.295100,13.900000,0,0,0,0,2,2,0,0,pge:21262
PSF-006333,Bassano -Camol,45.840100,11.784800,0,0,0,0,2,2,0,0,pge:21263
PSF-006334,Tamaro -Gipfel,46.108800,8.885480,0,0,0,2,2,1,0,0,pge:21264
PSF-006335,Cima di Medeglia,46.129900,8.946480,0,0,0,0,0,2,0,0,pge:21265
PSF-006336,Medergen-Wangegg,46.803500,9.754570,0,0,0,0,0,2,2,0,pge:21269
PSF-006337,Caico (RN),-6.438960,-37.079000,0,0,2,2,0,0,0,0,pge:21270
PSF-006338,Castellucio -Trg Hill,42.799600,13.213800,0,0,0,0,0,2,0,0,pge:21271
PSF-006339,Quercianella,43.459400,10.382600,0,0,0,0,0,0,0,0,pge:21276
PSF-006340,le Chalvet (Saint Andre les Alpes),43.978600,6.479900,0,0,1,2,2,2,2,0,pge:21277
PSF-006341,"Black Eagle (Bishop, Owens Valley)",36.818800,-118.042000,0,0,0,0,1,2,1,0,pge:21278
PSF-006342,Serra do Jiboia (BA),-12.853700,-39.475800,2,2,2,0,0,0,0,0,pge:21279
PSF-006343,Malwee (SC),-26.523100,-49.154500,0,2,0,0,0,0,0,0,pge:21280
PSF-006344,Navegantes -Escalvado (SC),-26.795600,-48.771200,0,2,2,2,2,0,0,0,pge:21281
PSF-006345,Mander,52.457500,6.816500,0,0,0,0,0,0,0,0,pge:21282
PSF-006346,Palisades,45.193100,-109.332000,2,2,1,0,0,0,0,1,pge:21283
PSF-006347,Silesia,45.555600,-108.918000,0,1,1,2,0,0,0,0,pge:21284
PSF-006348,Phipps,45.808600,-108.696000,0,0,0,0,2,1,0,0,pge:21285
PSF-006349,Red Grade,44.618700,-107.083000,1,2,2,1,0,0,0,0,pge:21286
PSF-006350,Five Springs,44.805500,-107.986000,0,0,0,2,2,1,0,0,pge:21287
PSF-006351,Johnson,45.964300,-111.046000,0,0,0,0,0,1,2,1,pge:21288
PSF-006352,John G. Mine,46.689300,-112.080000,0,0,2,0,0,0,0,2,pge:21289
PSF-006353,Sieben Ranch,46.863700,-112.127000,2,0,0,0,0,0,1,2,pge:21290
PSF-006354,Sieben Ranch 2,46.905100,-112.092000,0,0,0,2,2,0,0,0,pge:21291
PSF-006355,Spokane Hills,46.539300,-111.714000,0,0,0,0,1,2,2,0,pge:21292
PSF-006356,Mount Jumbo,46.874800,-113.963000,0,0,0,0,0,0,0,0,pge:21293
PSF-006357,Alberton,47.000600,-114.524000,0,1,2,0,0,0,2,1,pge:21294
PSF-006358,Tarkio,47.025800,-114.695000,0,0,0,0,0,0,0,0,pge:21295
PSF-006359,Mount Marston,48.754600,-114.795000,0,0,0,1,2,1,1,0,pge:21296
PSF-006360,Many Feathers Paragliding School Launch,48.160100,-113.955000,0,0,0,0,2,2,2,0,pge:21297
PSF-006361,Coyote,45.515200,-108.668000,0,0,1,2,1,0,0,0,pge:21299
PSF-006362,Canaan Valley,38.998900,-79.435200,0,0,0,0,1,2,1,0,pge:21300
PSF-006363,Cranberry Mountain,38.204300,-80.227300,0,0,1,2,1,0,0,0,pge:21301
PSF-006364,Beaver,43.281400,-110.632000,0,0,0,0,0,1,2,1,pge:21302
PSF-006365,Whernside W/NW,54.237900,-2.405060,0,0,0,0,0,0,2,2,pge:21303
PSF-006366,Great Coum,54.243900,-2.456990,0,2,2,2,0,0,0,0,pge:21304
PSF-006367,Wild Boar Fell,54.381100,-2.368930,0,0,2,2,0,0,0,0,pge:21305
PSF-006368,Swarth Fell,54.364100,-2.376050,0,2,1,0,0,0,0,0,pge:21306
PSF-006369,Cautley Spout,54.374200,-2.483250,0,0,0,0,2,0,0,0,pge:21308
PSF-006370,Cautley Crags,54.367100,-2.495530,0,0,2,0,0,0,0,0,pge:21309
PSF-006371,Whernside WSW,54.224600,-2.409440,0,0,0,0,0,1,2,0,pge:21310
PSF-006372,Le Rissas,44.195900,5.167720,0,0,0,0,2,2,0,0,pge:21312
PSF-006373,Panorama,61.233000,7.142830,0,0,0,0,0,2,2,1,pge:21313
PSF-006374,Åberget,61.242300,7.088370,0,0,0,1,2,2,1,0,pge:21314
PSF-006375,Barten,61.247900,7.089980,0,0,0,2,2,1,0,0,pge:21315
PSF-006376,Mt Tamalpais,37.910700,-122.625000,0,0,0,0,2,2,2,0,pge:21316
PSF-006377,Johnny Barns,54.231300,-2.553550,0,0,0,0,0,0,2,0,pge:21317
PSF-006378,Parusciana,46.241000,9.053900,0,0,0,1,2,2,2,0,pge:21318
PSF-006379,Anjuna,15.566400,73.743700,0,0,0,0,0,0,0,0,pge:21319
PSF-006380,"Palašnica, Starinske Njive - Rade Kondic",44.386400,17.905800,0,0,0,0,0,0,0,0,pge:21320
PSF-006381,Kamvounia Mt,39.953800,21.786000,1,1,2,2,2,0,0,0,pge:21321
PSF-006382,Antenas de Vizcaya,25.605200,-103.191000,1,2,1,0,0,0,0,0,pge:21322
PSF-006383,Kamvounia Mt NW,39.947100,21.760400,1,0,0,0,0,1,2,2,pge:21323
PSF-006384,Chunichi-Paraglider,35.284200,137.570000,0,0,0,0,0,0,0,0,pge:21324
PSF-006385,Ikenodaira,35.282400,137.560000,0,0,0,0,0,0,0,0,pge:21325
PSF-006386,Meihan motor-para site,34.870400,136.869000,0,0,0,0,0,0,0,0,pge:21326
PSF-006387,Matsunaze motor-para site,34.603200,136.584000,0,0,0,0,0,0,0,0,pge:21327
PSF-006388,Embetsu,44.710500,141.787000,0,0,0,0,0,0,0,0,pge:21328
PSF-006389,DM-Arena (Groundhandling only),48.982300,8.335660,1,2,2,1,2,2,1,1,pge:21329
PSF-006390,Ōshika-mura,35.553700,138.079000,0,0,0,0,0,0,0,0,pge:21330
PSF-006391,VILAÑAN,42.472300,-7.230520,0,0,0,0,0,0,0,0,pge:21331
PSF-006392,La conchada,42.484600,-7.282840,0,0,0,0,0,0,0,0,pge:21332
PSF-006393,Mont Korhogo,9.451540,-5.650380,1,2,2,2,2,1,1,0,pge:21333
PSF-006394,Tsukechi,35.679800,137.435000,0,0,0,0,0,0,0,0,pge:21334
PSF-006395,Bonţida,46.892400,23.840500,0,0,0,0,0,0,0,2,pge:21335
PSF-006396,Corumbatai (SP),-22.261500,-47.672000,2,2,0,0,2,2,0,2,pge:21336
PSF-006397,Drachenwiese (Groundhandling only),49.039200,8.384020,2,2,1,2,1,2,1,2,pge:21337
PSF-006398,Rusutsu,42.751500,140.887000,0,0,0,0,0,2,0,0,pge:21338
PSF-006399,Bihoro Tōge,43.649700,144.252000,0,0,0,0,0,0,0,0,pge:21339
PSF-006400,Obira,44.064700,141.665000,0,0,0,0,0,0,0,0,pge:21340
PSF-006401,Piedechinche -Paraiso del Vuelo,3.635870,-76.177300,0,0,0,0,0,1,2,1,pge:21341
PSF-006402,ISE-SHIMA Skyline,34.462500,136.792000,0,0,0,0,0,0,0,0,pge:21342
PSF-006403,Remolino,1.681420,-77.365500,0,1,1,1,0,0,0,0,pge:21343
PSF-006404,Mt.Nukkibetsu,42.709600,140.924000,0,0,0,2,2,2,2,0,pge:21344
PSF-006405,Niseko,42.863800,140.660000,0,0,0,0,2,2,0,0,pge:21345
PSF-006406,Luga central,58.522500,29.825300,0,0,0,0,0,0,0,0,pge:21346
PSF-006407,Burns Beach,-31.724900,115.715000,0,0,0,0,0,1,1,0,pge:21347
PSF-006408,esmelle,43.536700,-8.295570,0,0,0,0,0,0,2,0,pge:21348
PSF-006409,Cabo Prior,43.548200,-8.312390,0,0,0,0,0,0,0,0,pge:21349
PSF-006410,Hiraodai,33.756000,130.914000,0,0,2,2,2,0,0,0,pge:21350
PSF-006411,Castelletto d'Erro,44.613400,8.389820,1,2,1,0,0,0,0,0,pge:21351
PSF-006412,Darro - Sierra Arana -el Puntal,37.398000,-3.288500,2,0,2,0,0,0,0,0,pge:21352
PSF-006413,Brestovica,45.818800,13.625100,0,0,0,0,2,2,0,0,pge:21353
PSF-006414,Bündner Rigi,46.748800,9.174340,0,2,2,0,0,0,0,0,pge:21354
PSF-006415,Riein,46.755300,9.245590,0,0,0,0,0,0,2,0,pge:21355
PSF-006416,Göscheneralpsee,46.646000,8.499810,0,0,2,0,0,0,0,0,pge:21356
PSF-006417,Seroki Wieś,52.201500,20.454400,0,0,0,0,0,0,0,0,pge:21357
PSF-006418,Stare Kozłowice,52.089800,20.411200,0,0,0,0,0,0,0,0,pge:21358
PSF-006419,Zarqa Maain,31.577900,35.624500,2,1,0,0,0,0,1,2,pge:21359
PSF-006420,Gharqā,30.547500,35.520700,2,0,0,0,0,0,1,2,pge:21360
PSF-006421,Grünberg,47.898300,13.819600,0,0,0,0,0,0,0,0,pge:21361
PSF-006422,Brunnkogel,47.827500,13.629800,0,0,0,0,0,0,0,0,pge:21362
PSF-006423,MEZZOLDO  - Passo S.Marco,46.047100,9.620800,0,0,0,2,2,2,0,0,pge:21363
PSF-006424,Wamantanga,-9.475050,-77.504900,0,0,0,0,1,2,1,1,pge:21364
PSF-006425,Duck Creek Pass,46.496400,-111.269000,0,0,0,1,2,2,1,0,pge:21365
PSF-006426,Anaconda Towers Launch,46.101100,-112.950000,0,0,0,0,0,0,0,0,pge:21366
PSF-006427,Sierra  de Almaden,37.736400,-3.528930,0,0,0,0,0,0,0,0,pge:21368
PSF-006428,Orgiva / Orjiva,36.939400,-3.393590,0,0,0,0,1,2,0,0,pge:21369
PSF-006429,Muottas Muragl,46.521900,9.902020,0,0,0,0,2,2,0,0,pge:21370
PSF-006430,Mangaritaba -Conceição de Jacareí (RJ),-23.027800,-44.141300,0,0,0,2,2,2,0,0,pge:21371
PSF-006431,Tateeja,28.051200,75.746700,1,0,0,0,0,0,1,1,pge:21372
PSF-006432,Radio Faro,-0.038667,-78.511100,0,0,0,0,0,0,0,0,pge:21373
PSF-006433,Sasso della Guardia,46.219000,9.183540,0,0,0,0,2,2,1,0,pge:21375
PSF-006434,Piz di Renten (Cima Croce),46.292400,9.144060,0,0,0,0,2,2,2,0,pge:21376
PSF-006435,Castell de Ferro,36.721700,-3.375870,0,2,0,0,0,0,0,0,pge:21377
PSF-006436,Bogiàn,46.231400,9.137640,0,0,0,0,2,2,0,0,pge:21378
PSF-006437,Pico de Mulhacén,37.052700,-3.311390,0,0,0,0,0,0,0,0,pge:21379
PSF-006438,El Pizzèt,46.252000,9.209610,0,0,0,0,2,2,1,0,pge:21380
PSF-006439,Corno di Gesero,46.185100,9.130820,0,0,0,1,2,1,0,0,pge:21381
PSF-006440,Piz de Molinera,46.270400,9.067910,0,0,0,1,2,1,0,0,pge:21382
PSF-006441,Alto Rey,41.165600,-3.062780,0,0,0,0,2,0,0,0,pge:21383
PSF-006442,Laghet de Sambrog,46.259900,9.245560,0,0,0,1,2,2,1,0,pge:21384
PSF-006443,Piz Uccello,46.498200,9.198840,0,0,0,1,1,1,0,0,pge:21385
PSF-006444,Buckies (NW) - Lees Hill,56.090100,-4.157080,1,0,0,0,0,0,1,2,pge:21386
PSF-006445,Viana - Rampa do Urubu (ES),-20.365900,-40.457700,1,2,1,0,0,0,0,0,pge:21387
PSF-006446,"Campel Alt, Passo di",46.330600,9.273410,0,0,0,1,2,2,1,0,pge:21388
PSF-006447,Cerro el Carmen al Almanecer -'el Alamain',-33.370100,-70.618500,0,0,0,0,2,2,0,0,pge:21389
PSF-006448,Osmoy St Valéry - Mont Blanc,49.787600,1.293830,1,2,1,0,0,0,0,0,pge:21390
PSF-006449,Criel - Les mouettes,50.028500,1.300510,0,0,0,0,0,0,0,2,pge:21391
PSF-006450,Umut tepe,35.349600,33.096400,0,0,0,0,0,0,0,0,pge:21393
PSF-006451,Djumi tepe,35.266400,33.077700,0,0,0,0,0,0,0,0,pge:21394
PSF-006452,Yudi Suric Dagi,35.462200,34.031700,0,0,0,0,0,0,0,0,pge:21395
PSF-006453,hisar kucuk,35.292900,33.079900,0,0,0,0,0,0,0,0,pge:21396
PSF-006454,Balalan,35.480400,34.101100,0,0,0,0,0,0,0,0,pge:21397
PSF-006455,Hameenkyro,61.690200,23.080600,0,0,0,0,0,0,0,0,pge:21398
PSF-006456,"Pố Lồ, Đồng Văn",23.292500,105.368000,0,0,0,0,0,0,0,0,pge:21399
PSF-006457,Zugerberg,47.147800,8.535730,0,0,0,0,0,1,2,1,pge:21400
PSF-006458,Rotenflue,47.018600,8.701770,0,0,1,2,2,2,1,0,pge:21401
PSF-006459,Kekeb Hill (Bukit Kekeb),-7.311730,109.961000,0,0,0,0,0,0,2,1,pge:21402
PSF-006460,Pena Escrita 1,36.817600,-3.770300,0,0,0,2,2,0,0,0,pge:21403
PSF-006461,Escuzar,37.041300,-3.755560,2,0,0,0,0,0,0,0,pge:21404
PSF-006462,Amedzofe southwest,6.830470,0.427555,0,0,0,0,0,0,0,0,pge:21405
PSF-006463,Vane landing,6.824840,0.420206,0,0,0,0,0,0,0,0,pge:21406
PSF-006464,Amedzofe north (east launch),6.855460,0.433391,0,0,0,0,0,0,0,0,pge:21407
PSF-006465,end of road from Amedzofe.,6.860560,0.472584,0,0,0,0,0,0,0,0,pge:21408
PSF-006466,Amedzofe (southeast launch),6.849990,0.467842,0,0,0,0,0,0,0,0,pge:21409
PSF-006467,West Hills (west launch),5.540390,-0.376727,0,0,0,0,0,0,0,0,pge:21410
PSF-006468,833-Đồi Bù,20.808600,105.568000,2,2,1,0,0,0,0,1,pge:21412
PSF-006469,Wat Prong Chang Pha Sawan,16.079300,102.099000,0,0,0,0,0,0,0,0,pge:21413
PSF-006470,Lu Lioni,40.781900,9.626150,1,2,0,0,0,0,0,0,pge:21414
PSF-006471,Hātgarh,20.544900,73.734100,0,0,0,0,0,0,0,0,pge:21416
PSF-006472,Mount St. Benedict,49.297900,-122.205000,0,0,0,0,0,0,0,0,pge:21417
PSF-006473,Benny School LZ,49.213400,-122.234000,0,0,0,0,0,0,0,0,pge:21419
PSF-006474,Stawamus Chief Mountain,49.682800,-123.144000,0,0,0,0,0,0,0,0,pge:21420
PSF-006475,Sand Patch - Sandpatch,-35.065300,117.793930,0,0,0,0,0,1,0,0,pge:21421;siteguide_au:233-269
PSF-006476,Mutton Bird Beach,-35.043700,117.688000,0,0,0,0,0,0,0,0,pge:21422
PSF-006477,Lights Beach,-35.023600,117.279000,0,0,0,0,0,0,0,0,pge:21424
PSF-006478,Bunbury Back Beach,-33.351740,115.620200,0,0,0,0,0,0,1,0,pge:21425;siteguide_au:55-231
PSF-006479,Warnbro Beach,-32.323500,115.742000,0,0,0,0,0,1,2,0,pge:21426
PSF-006480,Quinns Rocks,-31.662200,115.689000,0,0,0,0,0,1,1,1,pge:21427
PSF-006481,Bali Paragliding Tandem GP,-8.836680,115.205000,0,0,0,0,0,0,0,0,pge:21428
PSF-006482,Alto de Tobacia,5.852460,-72.973400,0,1,2,1,0,0,0,0,pge:21429
PSF-006483,Carriage Club  (historical),39.521200,-104.888000,0,0,0,0,0,0,0,0,pge:21430
PSF-006484,Hagerman Lake Takeoff,39.262400,-106.475000,0,0,0,0,0,0,0,0,pge:21431
PSF-006485,Mosquito Pass,39.282400,-106.186000,2,0,0,0,2,2,2,2,pge:21432
PSF-006486,Mount Massive,39.181200,-106.473000,0,0,0,0,0,0,0,0,pge:21433
PSF-006487,Chicago Ridge,39.370300,-106.261000,0,0,0,0,0,0,0,0,pge:21434
PSF-006488,Cerro Pelon Alternate el Peñon,19.035700,-100.133000,0,0,0,0,0,0,0,0,pge:21435
PSF-006489,Lampazos alternate El Peñon,19.062500,-100.227000,0,0,0,0,0,0,0,0,pge:21436
PSF-006490,San Pedro alternate El Peñon,19.048300,-100.188000,0,0,0,0,0,0,0,0,pge:21437
PSF-006491,1998,8.245700,-7.621610,0,0,0,0,0,0,0,0,pge:21438
PSF-006492,10 Dec 2017,8.242950,-7.614240,0,0,0,0,0,0,0,0,pge:21440
PSF-006493,Klemuha,45.012500,35.244800,0,0,0,0,2,2,0,0,pge:21441
PSF-006494,Nord Side,44.637200,33.524200,0,0,0,0,0,0,0,0,pge:21442
PSF-006495,Hoven,61.884700,6.835010,0,0,0,1,1,1,0,0,pge:21443
PSF-006496,Beaver butte,47.938500,-108.528000,0,0,0,0,0,0,0,0,pge:21444
PSF-006497,"Pitogo Point, Tabugon, Tablas Island.",12.142800,122.012000,0,1,2,2,0,0,0,0,pge:21445
PSF-006498,Tocaima,4.467370,-74.716200,2,0,0,0,2,0,0,0,pge:21446
PSF-006499,Plasina Gašparac,44.816000,15.291500,1,2,1,0,0,0,0,0,pge:21447
PSF-006500,Godača (Sinac),44.819000,15.393000,0,0,0,0,1,2,2,1,pge:21448
PSF-006501,Paggaio South,40.899400,24.113800,0,0,0,0,0,0,0,0,pge:21449
PSF-006502,Vrede North,-27.486400,29.079200,2,2,0,0,0,0,0,0,pge:21450
PSF-006503,"Marina State Beach, Lake Court Dune www.coastalcondors.org",36.684100,-121.813000,0,0,0,0,0,1,2,1,pge:21451
PSF-006504,Cirque du bout du monde,43.788200,3.373730,0,0,0,2,2,0,0,0,pge:21452
PSF-006505,Goat Mountain,36.352400,-120.736000,0,0,0,0,0,0,0,0,pge:21453
PSF-006506,Xanyalaq Dağı (MARXAL-SHEKI),41.238600,47.226400,2,1,0,0,1,2,2,2,pge:21455
PSF-006507,Pente Ecole Gonflage : Lattes,43.570700,3.921890,1,1,1,1,1,1,2,2,pge:21456
PSF-006508,Independence Pass,39.116800,-106.562000,0,0,0,0,0,0,0,0,pge:21457
PSF-006509,"Khoch, Mokhāda",19.901100,73.400500,0,0,0,0,0,0,0,0,pge:21459
PSF-006510,Juni Jawhār,19.887000,73.203800,0,0,0,0,0,0,0,0,pge:21460
PSF-006511,Jawhār Palace,19.898800,73.226300,0,0,0,0,0,0,0,0,pge:21461
PSF-006512,"Tala PG,Kuda",18.278400,73.078800,0,0,0,0,0,2,2,2,pge:21462
PSF-006513,Bifé du Dessus,46.637900,7.135190,0,0,0,0,0,0,0,0,pge:21463
PSF-006514,Talybont (E),51.866100,-3.356070,0,2,2,2,2,2,0,0,pge:21465
PSF-006515,Portland East,50.554400,-2.424660,0,2,1,0,0,0,0,0,pge:21466
PSF-006516,Portland West,50.554900,-2.445250,0,0,0,0,0,0,2,1,pge:21468
PSF-006517,Friar Waddon,50.667300,-2.510650,0,0,0,0,2,0,0,0,pge:21469
PSF-006518,"Ridge of 10,000 tipi's ( Ancient Trading Grounds)",48.620700,-107.623000,0,0,0,0,0,0,0,0,pge:21470
PSF-006519,Skags Lake,47.921400,-114.272000,0,0,0,0,0,0,0,0,pge:21471
PSF-006520,Coon Hill,39.688800,-105.946000,0,0,0,0,0,0,0,0,pge:21472
PSF-006521,Vetan,45.732100,7.183560,0,0,0,1,2,1,0,0,pge:21473
PSF-006522,Mosier Gulch Mine,44.323400,-106.842000,0,0,0,0,0,0,0,0,pge:21474
PSF-006523,Badr Dune طعس بدر,23.808100,38.765900,0,0,0,0,0,0,0,0,pge:21475
PSF-006524,El Guayabo,14.151300,-87.002800,0,0,0,0,0,0,0,0,pge:21476
PSF-006525,Chiquistepe,14.193700,-87.023900,0,0,0,0,0,0,0,0,pge:21477
PSF-006526,Rodiezmo,42.925300,-5.689480,2,0,0,0,0,0,1,2,pge:21479
PSF-006527,San Luis,-0.021544,-78.475000,0,0,0,0,0,0,0,0,pge:21480
PSF-006528,Blacktail Creek,48.985900,-114.975000,0,0,0,0,0,0,0,0,pge:21481
PSF-006529,Baratxueta - Egozkue,42.958100,-1.564970,0,0,0,0,0,0,0,0,pge:21482
PSF-006530,Promachi,41.039200,21.984800,0,0,0,0,0,0,0,0,pge:21483
PSF-006531,Go Parapente,46.238500,-74.104300,2,0,0,0,2,2,2,2,pge:21484
PSF-006532,Godiva Rim,40.615900,-108.214000,0,0,1,2,1,0,0,0,pge:21485
PSF-006533,Raton Pass,36.990300,-104.473000,0,0,0,0,0,0,0,0,pge:21486
PSF-006534,Killdeer Mountains,47.444100,-102.919000,0,0,0,0,0,0,0,0,pge:21488
PSF-006535,SACO [ north Larb Hills),48.436400,-107.356000,0,0,0,0,0,0,0,0,pge:21489
PSF-006536,Fougstedt Cemetery,42.757000,-106.323000,0,0,0,0,0,0,0,0,pge:21490
PSF-006537,Mesóvouno,40.633100,21.845200,2,0,0,0,0,0,2,2,pge:21492
PSF-006538,Peykoto - Vorino,41.054800,22.088100,0,1,2,2,2,1,0,0,pge:21493
PSF-006539,Komnina,40.588900,21.822900,2,2,1,0,0,0,2,2,pge:21494
PSF-006540,Stratiotis,40.887200,21.846400,0,0,0,1,2,2,1,0,pge:21495
PSF-006541,Tría Élata,41.036900,22.241300,0,0,0,0,0,1,2,2,pge:21496
PSF-006542,Aphrodite,40.109300,22.478900,1,2,2,2,1,0,0,0,pge:21497
PSF-006543,Nymfaío,40.639600,21.494200,0,0,1,2,2,1,0,0,pge:21498
PSF-006544,Galatiní,40.312900,21.530400,0,0,0,1,2,2,2,1,pge:21499
PSF-006545,Eagle Cliff Cemetery,38.363500,-90.261400,0,0,0,0,0,0,0,0,pge:21501
PSF-006546,Quemado de Aguacate,20.632900,-75.182900,0,1,2,1,0,0,0,0,pge:21502
PSF-006547,Kruškovac,44.379800,16.396900,0,0,0,0,0,0,0,0,pge:21503
PSF-006548,Velika Osječenica,44.518000,16.261400,0,0,0,0,0,0,0,0,pge:21504
PSF-006549,Lupina,44.638800,16.128200,0,0,0,0,0,0,0,0,pge:21505
PSF-006550,Kosa,44.687600,16.138200,0,0,0,0,0,0,0,0,pge:21506
PSF-006551,Velika Klekovača,44.430700,16.508500,0,0,0,0,0,0,0,0,pge:21507
PSF-006552,Marieta,20.582700,-75.210000,2,1,0,0,0,0,0,1,pge:21508
PSF-006553,Mucaral,20.533100,-75.258100,1,0,0,0,0,0,1,2,pge:21509
PSF-006554,Muanda Low,45.591300,7.970990,0,0,2,1,2,1,0,0,pge:21510
PSF-006555,Tootsie Creek,48.847200,-111.108000,0,0,0,0,0,0,0,0,pge:21511
PSF-006556,Centennial Mountain,48.209300,-109.837000,0,0,0,0,0,0,0,0,pge:21512
PSF-006557,Chief Mountain,48.955800,-113.604000,0,0,0,0,0,0,0,0,pge:21513
PSF-006558,Marcum Mountain,46.965400,-112.945000,0,0,0,0,0,0,0,0,pge:21514
PSF-006559,Somator - normale,45.876400,10.972600,0,1,2,1,1,0,0,0,pge:21515
PSF-006560,Sano,45.853700,10.949000,0,0,0,0,0,0,0,0,pge:21516
PSF-006561,Monte Biaena,45.876500,10.971200,0,0,0,0,2,0,0,0,pge:21517
PSF-006562,Monte Campo,45.809900,10.913900,0,0,0,0,0,0,0,0,pge:21518
PSF-006563,Pradalago,46.247600,10.812400,0,0,0,0,0,0,0,0,pge:21519
PSF-006564,Bald Eagle Mountain,39.256000,-106.428000,0,0,0,0,0,0,0,0,pge:21520
PSF-006565,Paso Córdova,-39.134900,-67.595100,0,0,0,0,0,0,0,0,pge:21521
PSF-006566,Mangrullo,-38.527900,-69.492900,0,0,0,0,0,0,0,0,pge:21522
PSF-006567,Balneario El Cóndor,-41.067800,-62.860100,0,0,0,0,0,0,0,0,pge:21523
PSF-006568,Bahía Creek,-41.083200,-63.934800,0,0,0,0,0,0,0,0,pge:21524
PSF-006569,Caviahue,-37.900500,-70.969100,0,0,0,0,0,0,0,0,pge:21525
PSF-006570,Orofino,49.225400,-119.780000,0,0,0,0,0,0,0,0,pge:21526
PSF-006571,Mount Kobau,49.111300,-119.667000,0,0,0,0,0,0,0,0,pge:21527
PSF-006572,Fürstenberg South,47.889600,8.562250,0,0,0,1,2,1,0,0,pge:21528
PSF-006573,Delaire Suesca,5.189530,-73.806900,0,0,0,0,0,0,0,0,pge:21529
PSF-006574,Mount Harvard,38.924400,-106.321000,0,0,0,0,0,0,0,0,pge:21530
PSF-006575,Buckeye Peak,39.342900,-106.254000,0,0,0,0,0,0,0,0,pge:21531
PSF-006576,Orrisdale Head,54.306900,-4.581710,0,0,0,0,0,0,1,2,pge:21532
PSF-006577,Shellag Point,54.369200,-4.375860,0,0,0,0,0,0,0,0,pge:21533
PSF-006578,Bulgham Bay,54.247500,-4.369130,0,0,0,0,0,0,0,0,pge:21534
PSF-006579,Dog Mills,54.344100,-4.384230,0,0,0,0,0,0,0,0,pge:21535
PSF-006580,North Barrule,54.290100,-4.393760,0,0,0,2,0,0,0,0,pge:21536
PSF-006581,Beinn y Phott,54.244300,-4.486050,0,0,0,2,2,0,0,0,pge:21537
PSF-006582,Slieau Ruy,54.212400,-4.561040,0,0,1,2,1,0,0,0,pge:21538
PSF-006583,South Barrule,54.149400,-4.669100,1,0,0,1,2,1,0,2,pge:21539
PSF-006584,Keppel Gate,54.213200,-4.471950,0,0,0,0,0,0,0,0,pge:21540
PSF-006585,The site with no name,54.245200,-4.513840,0,0,0,0,0,0,0,0,pge:21541
PSF-006586,Sartfell,54.251800,-4.561040,0,0,0,0,1,2,0,0,pge:21542
PSF-006587,Slieau Curn,54.284600,-4.552630,0,0,0,0,0,1,2,0,pge:21543
PSF-006588,Slieau Maggle,54.242000,-4.542680,0,0,0,0,0,0,0,0,pge:21544
PSF-006589,Cronk ny Arrey Laa,54.133200,-4.723610,0,0,0,0,0,0,2,1,pge:21545
PSF-006590,Glen Mooar,54.272000,-4.608510,0,0,0,0,0,0,0,0,pge:21546
PSF-006591,Balleira Beach,54.290100,-4.590950,0,0,0,0,0,0,2,1,pge:21547
PSF-006592,Snaefell,54.263100,-4.460710,0,0,0,1,1,1,1,2,pge:21548
PSF-006593,Ballaugh,54.306900,-4.519760,0,0,0,0,0,0,0,2,pge:21550
PSF-006594,North Barrule,54.293000,-4.381570,0,0,0,0,0,0,0,0,pge:21551
PSF-006595,Jurby,54.373100,-4.521760,0,0,0,0,0,0,0,2,pge:21552
PSF-006596,Sartfield,54.366500,-4.534690,0,0,0,0,0,0,0,1,pge:21553
PSF-006597,Peel Hill,54.222900,-4.703140,0,0,0,0,0,0,0,2,pge:21554
PSF-006598,Sartfell NW,54.252300,-4.560680,0,0,0,0,0,0,0,0,pge:21555
PSF-006599,Port Erin beach,54.088000,-4.759280,0,0,0,0,0,1,2,0,pge:21556
PSF-006600,Cuges-les-Pins LANDING SO,43.273100,5.690700,0,0,0,0,0,0,0,0,pge:21557
PSF-006601,Rampa do São José do Divino,-18.530700,-41.399000,2,2,1,0,0,0,0,1,pge:21558
PSF-006602,Lower Francis Peak,41.009600,-111.881000,0,0,0,0,0,0,0,0,pge:21559
PSF-006603,Pavillion,45.829600,6.947390,0,0,0,0,0,0,0,0,pge:21560
PSF-006604,Rivas Alex's Launch,9.453810,-83.681100,0,0,0,0,1,2,1,0,pge:21561
PSF-006605,Shoreline Kiting Lot,37.429800,-122.077000,0,0,0,0,0,0,0,0,pge:21562
PSF-006606,Leptokaryá,40.030600,22.494800,0,2,0,0,0,0,0,0,pge:21563
PSF-006607,Delibaş Kuşadası,37.686200,27.284200,0,0,0,0,0,0,0,0,pge:21565
PSF-006608,Daping,30.643200,103.398000,0,0,0,0,0,0,0,0,pge:21566
PSF-006609,Rainaskot,28.121700,84.489600,0,0,0,0,0,0,0,0,pge:21567
PSF-006610,Despegue Arnold,-33.113000,-61.005400,0,0,0,0,0,0,0,0,pge:21568
PSF-006611,DELTA TakeOff (NORMA),41.610100,12.935600,0,0,0,0,0,0,0,0,pge:21569
PSF-006612,Paragliding SRI LANKA - James Taylor's Seat,7.146680,80.704700,1,2,1,0,0,0,0,0,pge:21572
PSF-006613,Mărişelu,47.019100,24.523700,0,0,0,0,0,0,0,0,pge:21576
PSF-006614,Miroslava,47.242500,24.864300,0,0,0,0,0,0,0,0,pge:21577
PSF-006615,Matei,46.982900,24.271800,0,0,0,0,0,0,0,0,pge:21579
PSF-006616,Casarul,47.206300,24.894900,0,0,0,0,0,0,0,0,pge:21580
PSF-006617,Dharan,26.842600,87.303900,0,0,0,0,0,0,0,0,pge:21581
PSF-006618,Hochkalmberg,47.612400,13.567400,0,0,0,0,0,2,1,0,pge:21582
PSF-006619,Harayama,36.127400,137.223000,0,0,0,0,0,0,0,0,pge:21583
PSF-006620,Untere Scharten Alpe,47.615800,13.560300,0,1,1,0,0,0,0,0,pge:21584
PSF-006621,Valle di Rio,41.741300,13.744200,0,0,0,0,0,0,0,0,pge:21585
PSF-006622,Sette Frati Alto,41.680300,13.887300,0,0,0,0,0,0,0,0,pge:21586
PSF-006623,Monte San Vicino,43.312900,13.057200,0,0,0,0,0,0,0,0,pge:21587
PSF-006624,Monte San Vicino Alto,43.317100,13.057400,0,0,0,0,0,0,0,0,pge:21588
PSF-006625,Stabli da Varuna,46.349200,10.037400,0,0,0,2,2,2,0,0,pge:21589
PSF-006626,Gory Karatau,42.709400,71.091800,0,0,0,0,0,0,0,0,pge:21594
PSF-006627,Despegue el Tambor,5.405920,-75.563300,0,0,0,0,0,0,0,0,pge:21595
PSF-006628,"Ramnan (Alomar observatory), Andøya",69.279200,16.009400,1,2,2,2,1,0,2,2,pge:21596
PSF-006629,LTX,26.000600,99.852300,0,0,0,0,0,0,0,0,pge:21598
PSF-006630,LTX,25.999100,99.854000,1,2,0,0,0,1,2,2,pge:21599
PSF-006631,Vejers Strand,55.625700,8.117650,0,0,0,0,0,0,0,0,pge:21601
PSF-006632,Benny PG,49.284700,-122.214000,0,0,0,0,0,0,0,0,pge:21604
PSF-006633,Benny HG,49.283200,-122.210000,0,0,0,0,0,0,0,0,pge:21605
PSF-006634,Rogożnica,50.997500,16.301100,0,0,0,0,0,0,0,0,pge:21606
PSF-006635,Santa Lucia,44.082300,10.059400,0,0,0,1,1,1,0,0,pge:21607
PSF-006636,Inkler's Point,48.193900,-117.734000,0,0,0,0,0,0,0,0,pge:21609
PSF-006637,Corbly Gulch,45.864400,-111.008000,0,0,0,0,0,0,0,0,pge:21611
PSF-006638,Dailey Lake,45.249700,-110.798000,0,0,0,0,0,0,0,0,pge:21612
PSF-006639,Whitehall Launch,45.766000,-112.117000,0,0,0,0,0,0,0,0,pge:21613
PSF-006640,Tam Đường,22.359100,103.604000,0,0,0,1,1,1,1,0,pge:21615
PSF-006641,Hoành Bồ,21.084100,107.012000,0,0,0,1,1,1,0,0,pge:21616
PSF-006642,Yên Châu,21.066100,104.214000,2,1,1,0,0,0,0,0,pge:21617
PSF-006643,SERRA DOS 12 - ITABIRA,-19.612400,-43.146200,0,0,0,0,0,0,0,0,pge:21619
PSF-006644,Prijepolje Sever - Koševine,43.369700,19.658300,2,2,1,0,0,1,2,2,pge:21620
PSF-006645,Korsvika,63.450700,10.437400,1,0,0,0,0,0,1,1,pge:21621
PSF-006646,"Rana, Hellerfjellet",66.184800,14.530200,0,0,1,2,1,0,0,0,pge:21622
PSF-006647,Cerro El Almendro,-32.670700,-70.571100,0,0,0,0,0,0,0,0,pge:21623
PSF-006648,Regnano,44.225800,10.221000,0,0,0,0,0,0,0,0,pge:21624
PSF-006649,"Rana, Lillekubben ved Umskardet",66.184900,14.579600,0,0,0,0,0,1,2,1,pge:21625
PSF-006650,"Rana, Snøfjellet",66.372800,13.983400,0,1,2,1,0,0,0,0,pge:21626
PSF-006651,Mount Zion,39.311100,-106.276000,1,1,1,1,2,2,2,1,pge:21629
PSF-006652,"Rana, Storekubben ved Umskardet",66.198200,14.596300,0,0,0,0,0,1,2,1,pge:21630
PSF-006653,Baimachang,25.901800,99.909200,0,0,0,0,0,1,2,1,pge:21634
PSF-006654,Dali 3 Pagodas,25.696500,100.110000,0,0,0,0,0,0,0,0,pge:21635
PSF-006655,Mekong North,25.623600,99.176500,0,0,0,0,0,0,0,0,pge:21636
PSF-006656,Mekong north,25.726000,99.159200,0,0,0,0,0,0,0,0,pge:21637
PSF-006657,Lijiang Tower,26.935700,100.101000,0,0,0,0,0,0,0,0,pge:21638
PSF-006658,Squaw Tit,47.911300,-108.525000,1,2,2,2,2,2,0,0,pge:21639
PSF-006659,Hanghai road,26.696000,100.722000,0,0,0,0,0,0,0,0,pge:21640
PSF-006660,Mekong tunnel pass,24.899700,100.313000,0,0,0,0,0,0,0,0,pge:21641
PSF-006661,Jinggu,23.510300,100.657000,0,0,0,0,0,0,0,0,pge:21642
PSF-006662,"Rana, Mofjellet Vest",66.295600,14.109300,0,0,0,0,0,1,2,1,pge:21643
PSF-006663,"Hemnes, Bryggfjellet",66.029400,13.922100,0,0,0,1,2,1,0,0,pge:21644
PSF-006664,Loma del Gato,36.765800,-3.658020,0,0,0,0,2,2,0,0,pge:21645
PSF-006665,"Lofoten, Leknes Haugheia",68.128800,13.507200,2,1,0,0,0,0,0,1,pge:21646
PSF-006666,Austin Paramotor Flight School,30.180000,-97.500800,0,0,0,0,0,0,0,0,pge:21648
PSF-006667,Austin Paramotor Flight School,30.180000,-97.500800,0,0,0,0,0,0,0,0,pge:21649
PSF-006668,Horsefly,49.279800,-121.983000,0,0,0,0,0,0,0,0,pge:21650
PSF-006669,Big J,48.860500,-122.126000,0,0,0,0,0,0,0,0,pge:21651
PSF-006670,Whitwell JustFly - SVS,35.204800,-85.540400,0,0,0,0,0,0,0,0,pge:21652
PSF-006671,Sant'Oronzo,40.855600,17.304000,1,1,0,0,0,0,0,1,pge:21653
PSF-006672,Diga Poggiorsini,40.844500,16.263800,1,0,0,0,0,0,0,1,pge:21654
PSF-006673,Maratea - Colle della Salvia,40.030100,15.707100,0,0,0,0,0,1,2,1,pge:21655
PSF-006674,Mt. Elden (Flagstaff),35.240000,-111.608000,0,0,0,0,0,2,1,0,pge:21656
PSF-006675,Yūbetsu,44.238900,143.596000,0,0,0,0,0,0,0,0,pge:21657
PSF-006676,Horonobe,45.019600,141.854000,0,0,0,0,0,0,0,0,pge:21658
PSF-006677,Karakanskiy Khrebet,54.414300,86.844500,0,0,0,0,0,0,0,0,pge:21659
PSF-006678,Agriş,46.595900,23.539800,0,0,0,1,2,2,0,0,pge:21660
PSF-006679,Trevor Rocks,52.983300,-3.136790,0,0,0,0,0,0,0,0,pge:21661
PSF-006680,HAMANAKO FLIGHT PARK,34.820200,137.598000,0,0,0,1,2,1,0,0,pge:21662
PSF-006681,Mount Elbert,39.117700,-106.445000,1,2,2,2,2,1,0,0,pge:21663
PSF-006682,Losiowe Gory- Moose Hills,53.556600,18.767300,0,0,0,0,0,1,2,0,pge:21664
PSF-006683,Bekirdede Tepe,40.784800,27.296900,0,0,0,0,0,0,0,0,pge:21665
PSF-006684,Issarbe,43.019300,-0.797142,0,0,0,0,0,0,0,0,pge:21666
PSF-006685,"Oslob, Cebu",9.526880,123.409000,0,0,0,0,0,0,0,0,pge:21667
PSF-006686,Morro do Ernesto,-20.333200,-54.687400,0,0,0,0,0,0,0,0,pge:21668
PSF-006687,Tromba dos Macacos,-19.215100,-57.670500,0,0,0,0,0,0,0,0,pge:21669
PSF-006688,Geraldo,-19.265000,-57.615600,0,0,0,0,0,0,0,0,pge:21670
PSF-006689,Gorganu,44.838600,25.028700,0,0,0,0,0,0,0,0,pge:21671
PSF-006690,Las Cajitas,20.247100,-76.433600,0,0,0,2,1,1,0,0,pge:21672
PSF-006691,Garway Hill,51.921200,-2.821080,0,0,0,0,0,1,1,2,pge:21673
PSF-006692,H 508 Heliport흑성산,36.797000,127.208000,0,0,0,0,0,0,0,0,pge:21674
PSF-006693,Nelson's Launch,31.872800,-106.498000,0,0,0,0,1,2,2,1,pge:21675
PSF-006694,Laramie Peak,42.268200,-105.443000,0,1,2,2,1,0,0,0,pge:21676
PSF-006695,Kamui,43.695100,142.203000,0,0,0,0,0,0,0,0,pge:21677
PSF-006696,Elbeuf en Bray,49.481100,1.630060,2,2,0,0,0,0,0,0,pge:21678
PSF-006697,Hortus EST - Le Rouet,43.812100,3.849270,0,0,1,2,1,0,0,0,pge:21679
PSF-006698,Polipoli LZ,20.733400,-156.317000,0,0,0,0,0,0,0,0,pge:21680
PSF-006699,Kotor,42.405900,18.796400,1,0,0,0,1,2,2,2,pge:21681
PSF-006700,Cherryville Golf Course LZ,50.249800,-118.704000,0,0,0,0,0,0,0,0,pge:21682
PSF-006701,Juravlinka,51.554300,36.004000,0,0,0,0,2,1,0,0,pge:21683
PSF-006702,Summit House,38.843300,-105.039000,2,2,2,2,2,0,0,0,pge:21684
PSF-006703,Shuklinka,51.803400,36.209500,0,0,2,0,0,0,0,0,pge:21685
PSF-006704,Stieler Hill Ranch,30.097900,-98.925200,0,0,0,0,0,0,0,0,pge:21686
PSF-006705,ACC LZ,30.589600,-97.848400,0,0,0,0,0,0,0,0,pge:21687
PSF-006706,Newport Pass,27.629500,-97.196900,0,0,0,0,0,0,0,0,pge:21688
PSF-006707,Klinovoye,51.453600,36.439600,0,0,0,0,0,0,2,0,pge:21689
PSF-006708,Tracy Mountain,38.007900,-106.299000,0,2,2,2,2,0,0,0,pge:21690
PSF-006709,Pippu,43.936400,142.507000,0,0,0,0,0,0,0,0,pge:21691
PSF-006710,Ptarmigan Peak,39.159500,-106.177000,0,1,2,1,0,1,2,1,pge:21692
PSF-006711,Mount Evans,39.588500,-105.643000,2,2,2,2,2,1,2,1,pge:21693
PSF-006712,Clayton Corral,36.791500,-105.234000,0,0,0,0,0,0,0,0,pge:21695
PSF-006713,Crystal Lake Guard Station,46.767900,-109.503000,0,0,0,0,0,0,0,0,pge:21697
PSF-006714,Mission Peak,47.920200,-108.625000,0,0,0,0,0,0,0,0,pge:21698
PSF-006715,Sawtooth Ridge,47.562800,-112.677000,0,0,0,0,0,0,0,0,pge:21699
PSF-006716,Ovsyannikovo,51.837900,36.188100,1,2,0,0,0,0,0,0,pge:21700
PSF-006717,Gorakhnath,19.246700,74.723600,1,1,0,0,0,0,0,1,pge:21701
PSF-006718,Monte Pizzocolo,45.667000,10.561300,0,0,2,2,1,2,2,0,pge:21702
PSF-006719,Mirawali,19.148900,74.787100,1,0,1,0,1,0,0,0,pge:21703
PSF-006720,Agadgaon,19.148400,74.823800,0,0,0,0,0,0,2,0,pge:21704
PSF-006721,Nikol’skoye Pervoye,51.490300,36.405400,0,0,0,0,0,0,0,2,pge:21705
PSF-006722,Parapente Pucon,-39.266800,-71.974900,0,0,0,0,0,1,2,1,pge:21706
PSF-006723,Le Billot,48.965400,0.071288,0,0,0,0,0,0,0,0,pge:21708
PSF-006724,Omméel,48.811400,0.160031,0,0,0,0,0,0,0,0,pge:21709
PSF-006725,Crosswater Ridge,45.984600,-122.393000,0,0,0,0,0,0,0,0,pge:21711
PSF-006726,Bergen Rock,39.298900,-105.031000,1,2,2,2,2,0,0,0,pge:21712
PSF-006727,Monkey Face,39.219400,-104.901000,2,2,1,2,2,2,1,2,pge:21713
PSF-006728,Gdańsk - Nowy Port,54.407900,18.652900,2,1,0,0,0,0,0,1,pge:21714
PSF-006729,Cordon del tigre,-38.210700,-61.533400,0,0,0,0,0,0,0,0,pge:21715
PSF-006730,Šiljak,43.776200,21.893300,0,0,0,0,0,0,0,0,pge:21716
PSF-006731,Tri-City Airport,40.247800,-81.736400,0,0,0,0,0,0,0,0,pge:21717
PSF-006732,Graham Farm Airport,40.153500,-81.971500,0,0,0,0,0,0,0,0,pge:21718
PSF-006733,Мыльники аэропорт,57.393500,56.878700,0,0,0,0,0,0,0,0,pge:21719
PSF-006734,Sariske Cierne,49.338700,21.357900,1,2,0,0,0,0,0,0,pge:21721
PSF-006735,Copper Mountain,38.048300,-119.196000,0,0,0,0,0,0,0,0,pge:21723
PSF-006736,Ágios Geórgios,39.296300,21.826800,0,0,0,0,0,0,0,0,pge:21725
PSF-006737,L O Simenstad Municipal Airport,45.308700,-92.691000,0,0,0,0,0,0,0,0,pge:21726
PSF-006738,Viana - Rampa do Cruzeiro,-20.395200,-40.516100,1,2,1,0,0,0,0,0,pge:21727
PSF-006739,Tes’,53.861200,92.154700,0,0,0,0,0,0,0,0,pge:21728
PSF-006740,Santiago Southern Hill,-8.671840,13.433700,0,0,0,0,0,2,2,1,pge:21729
PSF-006741,Santiago North Ridge,-8.663700,13.432000,0,0,0,0,0,1,2,1,pge:21730
PSF-006742,Chłapowo,54.811000,18.372600,0,2,0,0,0,0,0,0,pge:21731
PSF-006743,Gubongdo Island,37.275700,126.563000,0,0,0,0,0,0,0,0,pge:21732
PSF-006744,Oua Koué,-21.598800,165.378000,0,0,1,2,2,1,0,0,pge:21733
PSF-006745,太舞滑雪场,40.874700,115.457000,0,0,0,2,2,0,0,0,pge:21734
PSF-006746,Ostrogan,42.230900,23.187500,2,1,0,0,0,0,0,2,pge:21735
PSF-006747,Paragliding Unlimited South,38.464600,-90.238200,0,0,0,0,0,0,0,0,pge:21736
PSF-006748,Paragliding Unlimited North,38.933500,-90.434100,0,0,0,0,0,0,0,0,pge:21737
PSF-006749,Paragliding Unlimited West,38.705500,-91.491000,0,0,0,0,0,0,0,0,pge:21738
PSF-006750,Paragliding Unlimited East,38.773800,-89.592200,0,0,0,0,0,0,0,0,pge:21739
PSF-006751,Heimifeng,28.454000,112.987000,0,0,0,0,0,0,0,0,pge:21740
PSF-006752,Lianhuashan,28.130300,112.790000,0,0,0,0,0,0,0,0,pge:21741
PSF-006753,Fedémes Siklóernyős Park - Paragliding Park,48.027500,20.167300,0,0,0,0,0,0,0,0,pge:21742
PSF-006754,Le Grand Moiré (TREUIL),46.857700,-0.181639,0,0,0,0,0,0,0,0,pge:21743
PSF-006755,Harasnāth,27.501900,75.176500,0,0,0,0,0,1,1,1,pge:21745
PSF-006756,Lyubash,42.755900,22.757200,0,2,2,1,1,0,0,0,pge:21746
PSF-006757,802,43.354000,117.706000,0,0,0,0,0,1,2,1,pge:21747
PSF-006758,dobrogea nord,45.013900,28.324200,2,2,0,0,0,0,0,0,pge:21748
PSF-006759,Andreas Airfield (Paramotor),54.372400,-4.420150,1,2,2,2,1,2,2,2,pge:21749
PSF-006760,Rebarska Mogila,42.740700,22.768700,1,2,0,0,0,0,0,0,pge:21750
PSF-006761,Bukhta Koktebel’ Pograntsy,44.969800,35.275700,0,0,0,0,2,0,0,0,pge:21751
PSF-006762,Los Mantos,-32.673600,-70.901200,0,0,0,0,0,0,0,0,pge:21752
PSF-006763,Almendral,-32.740400,-70.682000,0,0,0,0,0,0,0,0,pge:21753
PSF-006764,Morro Saavedra,-32.957700,-70.698700,0,0,0,0,0,0,0,0,pge:21754
PSF-006765,Veten (Eldsfjellet nord),60.585200,5.028390,2,0,0,0,0,2,2,2,pge:21755
PSF-006766,Hjelle,60.602500,6.407410,2,2,0,0,0,0,0,0,pge:21756
PSF-006767,Lønahorgi,60.693900,6.412730,0,0,0,0,0,0,0,0,pge:21757
PSF-006768,Liaset,60.700600,6.518750,0,0,0,0,0,0,0,0,pge:21758
PSF-006769,Ondrahaugen,60.859800,6.466230,0,0,0,0,0,0,0,0,pge:21759
PSF-006770,Bavallen,60.645500,6.403780,0,0,0,0,0,0,0,0,pge:21760
PSF-006771,Rokne,60.610900,6.449230,2,0,0,0,0,2,2,2,pge:21761
PSF-006772,Presthaugen,60.902800,6.472360,0,0,0,0,0,0,0,0,pge:21762
PSF-006773,Kabul,42.220100,23.290400,1,2,1,0,0,0,1,0,pge:21763
PSF-006774,Gorinsawa,41.942800,140.138000,0,0,0,0,0,0,0,0,pge:21764
PSF-006775,Niyama Kōgen Ski Jō,41.937900,140.626000,0,0,0,0,0,0,0,0,pge:21765
PSF-006776,consul,45.022800,28.512800,0,0,0,0,0,0,0,0,pge:21766
PSF-006777,Langevelderslag,52.306100,4.478560,0,0,0,0,0,0,2,2,pge:21768
PSF-006778,Jedi,40.469100,-112.458000,0,0,0,0,0,0,0,0,pge:21769
PSF-006779,Black Mountain,40.844100,-112.797000,0,0,0,0,0,0,0,0,pge:21770
PSF-006780,Stockton Bar,40.463400,-112.375000,0,0,0,0,0,0,0,0,pge:21771
PSF-006781,Commodore,40.390200,-112.285000,0,0,0,0,1,2,1,0,pge:21772
PSF-006782,Houten,51.979000,5.179840,1,2,1,0,1,2,1,0,pge:21773
PSF-006783,Numansdorp,51.754700,4.455750,2,2,0,0,2,2,0,0,pge:21774
PSF-006784,Чехов,47.453200,141.971000,0,0,0,0,0,1,2,1,pge:21775
PSF-006785,Canale di Pirro 2,40.825500,17.298900,0,0,0,0,0,0,0,0,pge:21776
PSF-006786,Ta West,8.172920,-7.548890,0,0,0,0,0,0,0,0,pge:21777
PSF-006787,Ta East,8.168180,-7.538770,0,0,0,0,0,0,0,0,pge:21778
PSF-006788,Gangoni Gbé,8.146070,-7.652410,0,0,0,0,0,0,0,0,pge:21779
PSF-006789,Pueblitos,27.721400,-105.239000,0,0,1,2,1,0,0,0,pge:21780
PSF-006790,Folgorito,44.016100,10.194000,0,0,0,0,0,0,0,0,pge:21781
PSF-006791,Summonti,43.945000,10.327200,0,0,0,1,2,2,1,0,pge:21782
PSF-006792,el dorado PPG,35.877400,-114.940000,0,0,0,0,0,0,0,0,pge:21783
PSF-006793,Tiantaishan Mountain,30.310300,103.147000,0,0,0,0,0,0,0,0,pge:21784
PSF-006794,kohpaye paragliding site,30.475500,57.333600,0,0,0,0,0,0,0,0,pge:21785
PSF-006795,Khānūk paragliding site,30.734400,56.792900,0,0,0,0,0,0,0,0,pge:21786
PSF-006796,Plaża Białogóra,54.830000,18.001100,1,0,0,0,0,0,0,0,pge:21788
PSF-006797,Ponta Malongane East Ridge,-26.800000,32.890400,0,0,0,0,0,0,0,0,pge:21789
PSF-006798,Dömörkapu,46.098300,18.234700,0,2,2,2,0,0,0,0,pge:21790
PSF-006799,Tenkes,45.883300,18.248200,0,0,0,2,2,2,0,0,pge:21791
PSF-006800,Borje,46.127000,16.435900,0,2,2,2,2,0,0,0,pge:21792
PSF-006801,Shiraoi,42.529400,141.324000,0,0,0,0,0,0,0,0,pge:21793
PSF-006802,Akaigawa,43.103600,140.845000,0,0,0,0,0,0,0,0,pge:21794
PSF-006803,Nelson's,43.427000,-110.768000,0,0,0,0,0,1,1,0,pge:21795
PSF-006804,"Naya Busty, Kurseong",26.880300,88.284800,0,0,0,0,0,0,0,0,pge:21796
PSF-006805,Dash dagh,36.329500,50.178700,0,0,0,0,0,0,0,0,pge:21797
PSF-006806,Willard Mountain,41.389900,-111.986000,0,0,0,0,0,0,0,0,pge:21798
PSF-006807,Boju,46.719400,23.803400,0,0,0,0,0,0,0,2,pge:21799
PSF-006808,Peavine Peak,39.589800,-119.929000,1,1,1,0,0,0,0,0,pge:21800
PSF-006809,Duck Hill,39.224800,-119.779000,2,0,0,0,0,0,0,2,pge:21801
PSF-006810,Ross' Ridge,46.115600,-62.883800,0,0,0,0,0,1,2,1,pge:21802
PSF-006811,Cousins Shore,46.551600,-63.596200,2,2,0,0,0,0,0,0,pge:21803
PSF-006812,Shaws Bank,46.171000,-63.401100,0,0,0,0,0,2,0,0,pge:21804
PSF-006813,Fitzpatricks Mountain,45.645800,-62.880700,0,0,0,0,0,0,0,2,pge:21805
PSF-006814,Greenhill Provincial Park,45.582400,-62.795100,0,0,0,0,0,0,2,0,pge:21806
PSF-006815,Mont Tonta,-21.934800,166.250000,0,0,0,1,2,2,1,0,pge:21807
PSF-006816,Kendu beach cliff,-22.262200,166.389000,0,0,0,0,1,2,1,0,pge:21808
PSF-006817,Bouraké,-21.914500,165.975000,0,0,0,0,1,2,1,0,pge:21809
PSF-006818,Leprédour,-21.981700,165.997000,0,0,0,0,2,2,1,0,pge:21810
PSF-006819,ga Wivaék,-20.692400,164.960000,1,2,1,0,0,0,0,0,pge:21811
PSF-006820,Ouano,-21.870500,165.822000,0,0,1,2,2,1,0,0,pge:21812
PSF-006821,Vf. Măgura,45.226600,23.685400,0,0,0,0,0,0,0,0,pge:21813
PSF-006822,Mount Arkansas,39.332600,-106.179000,0,0,0,0,0,0,0,0,pge:21814
PSF-006823,Piscul Soicii,45.412200,25.226900,0,0,0,0,0,0,0,0,pge:21816
PSF-006824,Modangan Beach,-8.346360,112.367000,0,0,0,0,0,0,0,0,pge:21818
PSF-006825,Cerro Chapelco Chico,-40.161300,-71.275300,0,0,0,0,0,0,0,0,pge:21819
PSF-006826,Franklin Flying Field,39.427100,-86.059000,0,0,0,0,0,0,0,0,pge:21820
PSF-006827,Cessenon sur Orb,43.459200,3.058660,0,0,0,0,0,0,0,0,pge:21821
PSF-006828,Caroux,43.590200,2.980040,0,0,0,0,0,0,0,0,pge:21822
PSF-006829,Hua Shan,31.853500,120.289000,0,0,1,2,2,2,0,0,pge:21823
PSF-006830,Chalet de l'Aulp,45.831600,6.269310,0,0,0,0,0,0,0,0,pge:21825
PSF-006831,Chalet de la Froulaz,45.841300,6.262870,0,0,0,0,0,0,0,0,pge:21826
PSF-006832,Lancrenaz,45.845000,6.258820,0,0,0,0,0,0,0,0,pge:21827
PSF-006833,Parmelan,45.947200,6.239400,0,0,0,0,0,0,0,0,pge:21828
PSF-006834,Semnoz,45.804800,6.095240,0,0,0,0,0,0,2,1,pge:21829
PSF-006835,"Carì, Lago di Pro da Lèi",46.512000,8.820480,0,0,1,2,2,1,1,0,pge:21831
PSF-006836,Brusada,46.505000,8.820250,0,0,1,2,2,2,1,0,pge:21832
PSF-006837,"Carì, diint",46.497700,8.826940,0,0,0,1,2,1,0,0,pge:21833
PSF-006838,Col du Varo,45.830700,6.280780,0,0,0,0,0,0,0,0,pge:21835
PSF-006839,La Clusaz - Crêt du Loup,45.890900,6.450500,2,0,0,0,0,0,2,2,pge:21837
PSF-006840,Mara,50.711900,-118.996000,0,0,0,0,0,0,0,0,pge:21838
PSF-006841,Sicamous,50.860500,-118.996000,0,0,0,0,0,0,0,0,pge:21839
PSF-006842,Mt.Princeton,38.745900,-106.215000,1,2,2,2,2,0,0,0,pge:21840
PSF-006843,Pennell paramotor school Kitty Hawk Flying Field,29.623700,-98.279200,0,0,0,0,0,0,0,0,pge:21841
PSF-006844,Annecy - Planfait,45.853200,6.222990,0,0,0,0,0,2,2,2,pge:21842
PSF-006845,Alto del Mamey,19.914500,-77.404300,0,0,0,0,0,0,0,0,pge:21843
PSF-006846,mira serra ba,-11.665900,-40.860400,0,0,0,0,0,0,0,0,pge:21844
PSF-006847,Faaroa,-16.801900,-151.407000,0,1,2,1,0,0,0,0,pge:21845
PSF-006848,Wamby Dunes,-33.427200,151.450000,0,0,1,2,1,0,0,0,pge:21846
PSF-006849,Tres Marías (Ullum Dam),-31.481200,-68.656200,0,0,0,0,0,0,0,0,pge:21847
PSF-006850,Selsfjellet,59.086900,5.708900,0,0,0,0,1,2,1,0,pge:21848
PSF-006851,Obrestad havn,58.654500,5.564800,0,0,0,1,2,1,0,0,pge:21849
PSF-006852,Reve,58.773000,5.520590,1,0,0,0,0,0,1,2,pge:21850
PSF-006853,Karya,39.992500,22.407800,0,0,0,0,0,0,0,0,pge:21851
PSF-006854,Askorís Límni,39.940400,22.426400,0,1,0,0,0,0,0,0,pge:21852
PSF-006855,Shohadaye Nourabad,30.137600,51.550100,0,0,0,0,1,2,2,1,pge:21853
PSF-006856,Minou-Kankake  (Mino-Kankake),33.306100,130.690000,2,2,0,0,0,0,0,2,pge:21854
PSF-006857,Kagami-yama,32.698000,131.759000,0,0,2,2,2,2,0,0,pge:21855
PSF-006858,Berkeley Kite Park,37.870400,-122.320000,0,0,0,0,0,0,0,0,pge:21856
PSF-006859,Berkeley Kite Park,37.870400,-122.320000,0,0,0,0,0,0,0,0,pge:21857
PSF-006860,Cítov,50.392600,14.389300,0,0,0,0,0,0,0,0,pge:21858
PSF-006861,Graach,49.940700,7.066140,0,0,0,0,0,0,0,0,pge:21859
PSF-006862,Erden,49.984900,7.030220,0,0,0,0,0,0,0,0,pge:21860
PSF-006863,Päite,59.414300,27.630100,2,2,0,0,0,0,0,1,pge:21861
PSF-006864,Alajõe,59.007500,27.443200,0,0,0,1,2,0,0,0,pge:21862
PSF-006865,Kakumäe,59.448100,24.608300,0,2,0,0,0,0,0,0,pge:21863
PSF-006866,Tehumardi,58.183900,22.262600,0,0,0,2,0,0,0,0,pge:21864
PSF-006867,Laulasmaa,59.379400,24.227200,0,0,0,0,0,2,0,0,pge:21865
PSF-006868,Võhma,58.651000,25.566200,2,0,0,1,2,0,0,1,pge:21866
PSF-006869,Khospuri,19.253100,74.839400,2,2,2,0,0,0,0,0,pge:21869
PSF-006870,Lu - vecchia cava,44.993300,8.488140,0,0,0,1,2,1,0,0,pge:21870
PSF-006871,Větrník,49.197700,16.977200,0,0,0,0,2,2,0,0,pge:21871
PSF-006872,zdounky-olšina,49.248800,17.337200,0,0,0,1,2,2,0,0,pge:21872
PSF-006873,"Luzný S, SSV, SSZ",50.044700,16.761800,2,0,0,0,0,0,0,1,pge:21873
PSF-006874,Jakubovice,49.999200,16.819900,0,0,0,2,1,0,0,0,pge:21874
PSF-006875,Chlum [Bystřice podHostýnem],49.379100,17.658200,0,0,0,0,2,2,0,0,pge:21875
PSF-006876,Uhrinov,49.577600,17.664500,0,0,0,1,2,1,0,0,pge:21876
PSF-006877,Valchov,49.463000,16.720200,1,2,0,0,0,0,0,0,pge:21877
PSF-006878,Slamník,50.154400,16.837700,0,0,0,1,2,1,0,0,pge:21878
PSF-006879,Kamasar,36.539400,50.005200,1,1,0,0,0,0,0,1,pge:21879
PSF-006880,Cusio - Monte Avaro,46.003800,9.602600,0,0,0,1,2,1,0,0,pge:21880
PSF-006881,El Caracol,43.203900,-3.729230,0,0,0,0,2,2,2,0,pge:21881
PSF-006882,Mazcuerras-Ladreo,43.286100,-4.185020,2,1,0,0,0,0,0,2,pge:21882
PSF-006883,Castrejón de la Peña,42.822600,-4.572950,0,0,0,1,2,2,0,0,pge:21883
PSF-006884,Monegro-Ermita Sra de las Nieves,43.023100,-4.027830,0,0,1,2,1,0,0,0,pge:21884
PSF-006885,Villacantid,42.988600,-4.216780,2,1,0,0,0,0,0,0,pge:21885
PSF-006886,Los Tornos,43.156300,-3.456570,1,2,1,0,0,0,0,0,pge:21886
PSF-006887,La Cañada,42.751400,-4.126270,0,0,0,0,0,2,1,0,pge:21887
PSF-006888,Foraoro,45.789400,11.484300,0,0,0,2,2,2,0,0,pge:21888
PSF-006889,Santoméri Take Off,37.978300,21.573000,0,0,0,0,0,0,0,0,pge:21889
PSF-006890,Gogababa Tekdi,19.907800,75.305100,0,0,0,0,0,0,0,0,pge:21890
PSF-006891,La Palma - el Time,28.669000,-17.940900,0,0,0,0,0,0,2,0,pge:21891
PSF-006892,'Roque de los Muchachos',28.743800,-17.908500,0,0,0,0,0,0,2,2,pge:21892
PSF-006893,Kleven,58.104200,14.543000,0,0,0,0,0,0,0,0,pge:21893
PSF-006894,Mount Caniaw,17.602900,120.486000,0,0,0,0,0,0,0,0,pge:21894
PSF-006895,Tubalina Pass,17.185700,120.653000,0,0,0,0,0,0,0,0,pge:21895
PSF-006896,Cosón,19.289500,-69.599100,1,2,1,0,0,0,0,0,pge:21896
PSF-006897,Sanchez,19.240200,-69.602200,0,0,0,2,2,0,0,0,pge:21897
PSF-006898,"El Aguaje, Sansare",14.723800,-90.129600,0,0,0,0,0,0,0,0,pge:21898
PSF-006899,Goritsy,56.218900,40.331000,0,0,0,0,0,1,2,1,pge:21899
PSF-006900,Deolai,19.813100,75.346000,0,0,0,0,0,0,0,0,pge:21900
PSF-006901,Mutianyu Great Wall,40.449900,116.550000,0,0,0,0,0,0,0,0,pge:21901
PSF-006902,Gora Beshtau,44.097000,43.022800,0,0,0,0,0,0,0,0,pge:21902
PSF-006903,Rim Gorskiy,43.967600,42.500300,0,0,0,0,0,0,0,0,pge:21903
PSF-006904,Gora Dzhutsa Vtoraya,43.922400,42.986900,0,0,0,0,0,0,0,0,pge:21904
PSF-006905,Gora Musatcheri,43.297600,41.661400,0,0,0,0,0,0,0,0,pge:21905
PSF-006906,Gora Gumbashi,43.776900,42.237800,0,0,0,0,0,0,0,0,pge:21906
PSF-006907,Octon,43.646600,3.293570,0,1,2,2,1,0,0,0,pge:21907
PSF-006908,Shustovo,56.345500,41.741600,0,0,0,0,0,2,0,0,pge:21908
PSF-006909,Vyazniki (Текмаш),56.257200,42.103100,2,1,0,0,0,0,0,2,pge:21909
PSF-006910,Yaropolch,56.238300,42.248500,2,1,0,0,0,0,0,2,pge:21910
PSF-006911,Okulovo,56.068700,43.119300,0,0,0,1,2,1,0,0,pge:21911
PSF-006912,Muratovo,55.157100,41.739400,0,2,2,1,0,0,0,0,pge:21912
PSF-006913,Stranna,50.367200,13.468900,0,0,0,0,0,2,0,0,pge:21913
PSF-006914,Obrvan,49.707800,15.253100,0,0,0,0,0,2,0,0,pge:21914
PSF-006915,Arnipa,69.177600,15.916400,2,2,2,2,2,0,0,1,pge:21915
PSF-006916,Tas-Tao (Mramornoe),44.830500,34.281700,2,1,0,0,0,0,0,2,pge:21916
PSF-006917,Kalendy-Bair (Podgornoe),44.438900,33.830800,2,1,0,0,0,0,0,2,pge:21917
PSF-006918,Monte Calvo,41.756600,13.714200,0,0,0,0,0,0,0,0,pge:21918
PSF-006919,Léoncel Ouest,44.904200,5.206900,0,0,0,0,0,0,0,0,pge:21919
PSF-006920,Ostrý Vrch - Vrbovce,48.801200,17.497000,0,0,0,0,0,0,2,1,pge:21920
PSF-006921,Keblice,50.470600,14.113300,0,1,0,0,0,0,0,0,pge:21921
PSF-006922,Vetriolo / Levico Terme,46.041800,11.317100,0,0,0,0,0,0,0,0,pge:21922
PSF-006923,flyingbuddha,15.756700,74.529000,0,0,0,0,0,0,0,0,pge:21923
PSF-006924,Piła,53.169800,16.711600,0,0,0,0,0,0,0,0,pge:21924
PSF-006925,Pratino (Foppa Martinu),45.768200,9.548980,0,0,0,0,0,0,0,0,pge:21925
PSF-006926,Leonessa Colleverde,42.568700,13.026700,0,0,0,0,0,0,0,0,pge:21927
PSF-006927,San'Antonio Abbandonato,45.806300,9.633970,0,0,0,0,0,0,0,0,pge:21928
PSF-006928,Ambohimiangara,-19.003600,46.863600,0,0,0,0,0,0,0,0,pge:21929
PSF-006929,Saint Augustin,-23.542000,43.751900,0,0,0,0,0,0,0,0,pge:21930
PSF-006930,Ambatondranijay,-18.977900,46.698500,0,0,0,0,0,0,0,0,pge:21931
PSF-006931,RAMPA ZIZO - Itajaí,-26.932000,-48.631000,0,0,0,0,0,0,0,0,pge:21932
PSF-006932,Jocotan,14.800700,-89.463900,0,0,0,0,0,0,0,0,pge:21933
PSF-006933,Shirataka,38.226500,140.165000,1,1,0,0,2,2,2,1,pge:21935
PSF-006934,Suli Bhanjan,19.977500,75.150600,0,0,0,0,0,0,0,0,pge:21936
PSF-006935,Gagliano Aterno,42.109400,13.696600,0,0,0,0,0,0,0,0,pge:21939
PSF-006936,Ak Chin Airport (Sonora Wings),32.991100,-111.916000,0,0,0,0,0,0,0,0,pge:21940
PSF-006937,Serra dos Alemães - Serrania MG,-21.575200,-46.015400,1,1,0,0,0,0,0,1,pge:21941
PSF-006938,Caracenilla W,40.137400,-2.580010,0,0,0,0,0,0,2,1,pge:21942
PSF-006939,Caracenilla N,40.140500,-2.578470,2,1,0,0,0,0,0,1,pge:21943
PSF-006940,Caracenilla NE,40.140300,-2.576450,0,2,1,0,0,0,0,0,pge:21944
PSF-006941,Kazaniani,41.684200,45.281800,0,1,2,1,0,0,0,0,pge:21945
PSF-006942,Koda,41.787800,45.341700,0,0,0,1,2,1,0,0,pge:21946
PSF-006943,Zouz Roet.,37.182300,10.138200,0,0,0,2,0,0,0,0,pge:21947
PSF-006944,les trois mousquetaires,37.031200,10.010000,0,0,0,0,0,0,0,0,pge:21948
PSF-006945,La table de Jugurtha,35.743100,8.381280,1,2,2,2,2,1,1,1,pge:21949
PSF-006946,Vionnaz Turn,46.319500,6.879590,0,0,0,2,1,0,0,0,pge:21950
PSF-006947,Vionnaz Frassette Lieu-dit Pro-de-Chaud,46.320700,6.867770,0,0,2,2,0,0,0,0,pge:21951
PSF-006948,Lally,46.478200,6.909860,0,0,0,1,1,1,0,0,pge:21952
PSF-006949,Soğanbükü,39.632700,27.604800,0,0,0,0,0,0,0,0,pge:21955
PSF-006950,Kirazköy,39.623500,27.619500,0,0,0,0,0,0,0,0,pge:21956
PSF-006951,bald Mountain,39.137700,-104.849000,0,0,0,0,0,0,0,0,pge:21958
PSF-006952,Quarry Mesa,39.338900,-104.853000,0,0,0,0,0,0,0,0,pge:21959
PSF-006953,Hell Creek,39.042000,-104.924000,0,0,0,0,0,0,0,0,pge:21960
PSF-006954,Prospector Mountain,39.278900,-106.237000,1,0,0,1,2,2,2,2,pge:21962
PSF-006955,Ivanhoe Lake,39.264100,-106.484000,0,0,0,0,0,0,0,0,pge:21963
PSF-006956,Galena Ridge,39.311900,-106.414000,0,0,0,0,0,0,0,0,pge:21964
PSF-006957,Camp Hale,39.438500,-106.277000,0,0,0,0,0,0,0,0,pge:21965
PSF-006958,Lost Canyon,39.041400,-106.341000,0,0,0,0,0,0,0,0,pge:21966
PSF-006959,columbia Mountain,48.365700,-114.119000,0,0,0,0,0,0,0,0,pge:21969
PSF-006960,Saguache Peak,38.151300,-106.108000,0,0,0,0,0,0,0,0,pge:21970
PSF-006961,La Cementera,29.061200,-110.943000,0,0,0,0,0,2,1,0,pge:21971
PSF-006962,El Wejo,21.752500,-102.721000,0,0,0,0,1,2,1,0,pge:21972
PSF-006963,Pedra do Índio (Ribeirão Claro),-23.230100,-49.677600,0,0,0,0,0,0,0,0,pge:21973
PSF-006964,Déco Veillos,44.099800,7.183170,0,0,0,0,0,0,0,0,pge:21974
PSF-006965,Déco Balme (Baus de la Fréma),44.086800,7.219000,0,0,0,0,0,0,0,0,pge:21975
PSF-006966,Déco Caire Gros,44.044900,7.207630,0,0,0,0,0,0,0,0,pge:21976
PSF-006967,Déco de Nico,44.074500,7.222480,0,0,0,0,0,0,0,0,pge:21977
PSF-006968,São João da Mata,-21.925500,-45.957900,0,0,0,0,0,0,0,0,pge:21979
PSF-006969,Ruy Nord,44.508200,5.157770,2,1,0,0,0,0,0,1,pge:21981
PSF-006970,Saint Maurice,44.563700,5.076250,2,0,0,0,0,0,0,1,pge:21982
PSF-006971,Namazgah,39.906000,27.272700,1,1,0,0,0,0,0,1,pge:21984
PSF-006972,Seyvan,39.929100,27.269100,0,0,0,0,0,0,0,0,pge:21985
PSF-006973,Turís,39.379500,-0.722386,0,1,1,0,0,0,0,0,pge:21986
PSF-006974,Titaguas,39.872300,-1.059280,0,0,1,2,2,1,0,0,pge:21987
PSF-006975,Higueruelas/Peñas de Dios,39.804600,-0.880416,0,0,1,2,0,0,0,0,pge:21988
PSF-006976,Utiel/Remedio,39.650700,-1.158370,0,0,0,0,1,1,0,0,pge:21989
PSF-006977,Figueroles,40.138000,-0.225402,0,0,0,1,2,1,0,0,pge:21990
PSF-006978,Tossal d'Orenga/Catí,40.394100,-0.070035,0,0,2,1,0,0,0,0,pge:21991
PSF-006979,Mondúver,39.008800,-0.266354,0,0,0,0,1,1,1,0,pge:21992
PSF-006980,Petrès,39.687500,-0.302178,0,0,1,1,2,1,0,0,pge:21993
PSF-006981,Calles,39.749300,-0.937899,0,0,0,0,1,1,0,0,pge:21994
PSF-006982,Chelva/Remedio,39.771400,-0.991575,0,0,0,1,2,2,1,0,pge:21995
PSF-006983,Aras de los Olmos,39.951200,-1.110650,0,0,0,0,0,1,2,2,pge:21996
PSF-006984,C6M Chapman Memorial Field,40.293800,-82.731500,0,0,0,0,0,0,0,0,pge:21997
PSF-006985,Decollage Bona (capfun seraidi),36.934800,7.719940,1,0,0,0,0,0,1,2,pge:21998
PSF-006986,Zriba,36.944100,7.677900,1,2,1,0,0,0,0,0,pge:21999
PSF-006987,Charézier,46.620000,5.733540,0,0,0,0,1,1,0,0,pge:22000
PSF-006988,Ollería,38.940900,-0.555861,1,0,0,0,0,0,1,1,pge:22002
PSF-006989,Xàtiva,38.971200,-0.547206,1,0,0,0,0,0,0,1,pge:22003
PSF-006990,niroye-havaei,25.385000,60.411800,0,2,1,1,0,2,1,1,pge:22004
PSF-006991,Pina de Montalgrao,39.991400,-0.619043,0,0,1,2,1,0,0,0,pge:22005
PSF-006992,Cerro Negro,39.930000,-1.038700,0,0,1,2,1,0,0,0,pge:22006
PSF-006993,Muela del Buitre,39.959400,-1.066500,0,0,0,0,0,0,1,2,pge:22007
PSF-006994,Javalambre,40.040400,-1.015540,0,0,1,2,1,0,0,0,pge:22008
PSF-006995,Rope,39.621100,-0.979918,0,0,0,0,0,0,0,0,pge:22009
PSF-006996,Chulilla,39.664800,-0.877072,0,1,1,0,0,0,0,0,pge:22010
PSF-006997,Cullera,39.171100,-0.254767,0,0,0,0,0,1,2,1,pge:22011
PSF-006998,Almudaina,38.744700,-0.363670,1,0,0,0,0,0,0,2,pge:22012
PSF-006999,Agres,38.768000,-0.507106,2,0,0,0,0,0,0,1,pge:22013
PSF-007000,Vall d'Uxò,39.848400,-0.243115,0,0,1,2,1,0,0,0,pge:22014
PSF-007001,Petit Vall d'Uxò,39.810700,-0.196381,0,0,1,2,0,0,0,0,pge:22015
PSF-007002,beris,25.162900,61.174300,0,0,0,0,0,0,0,0,pge:22016
PSF-007003,divare chabahar,25.275600,60.690200,0,0,0,1,2,1,0,0,pge:22017
PSF-007004,Lagoon Valley,38.326000,-122.000000,0,0,0,0,0,0,0,0,pge:22018
PSF-007005,Combe naguin,46.406100,4.663740,0,0,0,0,0,0,0,0,pge:22019
PSF-007006,Montaudon -Plaisir,46.444800,4.629100,0,0,0,0,0,0,0,0,pge:22020
PSF-007007,Pente de Sendon,46.445100,4.645970,0,0,0,0,0,0,0,0,pge:22022
PSF-007008,Fontaine Verdine,46.347900,4.596870,0,0,0,0,0,0,0,0,pge:22023
PSF-007009,Champvent,46.312600,4.624380,0,0,0,0,0,0,0,0,pge:22024
PSF-007010,Pente de Clermain,46.356600,4.588660,0,0,0,0,0,0,0,0,pge:22025
PSF-007011,Butte de Suin,46.434100,4.475000,0,0,0,0,0,0,0,0,pge:22026
PSF-007012,En cours d'ouverture,46.298200,4.628250,0,0,0,0,0,0,0,0,pge:22027
PSF-007013,En cours d'ouverture,46.298200,4.628250,0,0,0,0,0,0,0,0,pge:22028
PSF-007014,Minervino Murge,41.066300,16.079900,0,0,0,0,0,1,1,1,pge:22029
PSF-007015,Savona,50.762000,-120.879000,1,2,2,2,1,0,0,0,pge:22030
PSF-007016,Fernie Mic Towers,49.445100,-114.990000,0,0,0,0,0,0,0,0,pge:22031
PSF-007017,Fernie LZ,49.512100,-115.054000,0,0,0,0,0,0,0,0,pge:22032
PSF-007018,Plešivec,48.701300,17.737200,0,0,1,2,1,0,0,0,pge:22033
PSF-007019,SavonaBowl,50.770700,-120.902000,2,0,0,0,2,2,2,2,pge:22034
PSF-007020,Dodaira S,35.997700,139.187000,0,0,0,0,2,0,0,0,pge:22036
PSF-007021,Dodaira W,36.006600,139.190000,0,0,0,0,0,0,2,0,pge:22037
PSF-007022,Rampa do Lenheiro - São João del-Rei,-21.143200,-44.296700,0,0,0,0,0,0,0,0,pge:22038
PSF-007023,Craig Leith (Alva),56.162100,-3.818560,0,0,0,0,2,0,0,0,pge:22039
PSF-007024,Dumyat,56.155300,-3.873820,0,0,0,0,2,1,0,0,pge:22040
PSF-007025,Doña Juana,20.824200,-100.668000,1,2,1,1,0,0,0,0,pge:22041
PSF-007026,Picachos,20.875300,-100.733000,0,0,0,0,0,0,2,1,pge:22042
PSF-007027,La Jolla,20.817300,-100.543000,0,0,0,1,2,2,1,0,pge:22043
PSF-007028,Memo Fly,21.186100,-99.904000,2,1,0,0,0,0,0,1,pge:22044
PSF-007029,Aslonnes,46.440600,0.344417,1,2,1,0,1,2,1,0,pge:22045
PSF-007030,Laprugne Vol Libre,46.004900,3.794540,0,0,0,0,0,0,0,0,pge:22046
PSF-007031,Slidell Municipal Airport,30.347700,-89.821300,0,0,0,0,0,0,0,0,pge:22047
PSF-007032,Céret sud,42.450200,2.764490,0,0,0,1,2,1,0,0,pge:22048
PSF-007033,Helipuerto,25.500900,-103.458000,2,2,1,0,0,0,0,1,pge:22049
PSF-007034,nanamagari skypark,34.995300,138.051000,0,1,2,2,1,1,0,0,pge:22050
PSF-007035,kawane skypark,34.955800,138.104000,0,0,0,0,0,1,2,1,pge:22051
PSF-007036,Aglapsvika,69.469500,18.234700,2,1,0,0,0,0,1,2,pge:22052
PSF-007037,Andsfjellet,69.114600,18.536100,0,2,2,2,0,0,0,0,pge:22053
PSF-007038,Grønfjellet,68.675500,18.840900,0,1,2,2,1,1,1,0,pge:22054
PSF-007039,"Camou, Pian San Giacomo",46.420400,9.235730,0,0,0,1,2,2,0,0,pge:22055
PSF-007040,Glideryama,33.299000,130.637000,2,0,0,0,0,0,0,2,pge:22059
PSF-007041,Hohwald,46.714000,7.823970,0,0,1,2,2,2,1,0,pge:22060
PSF-007042,Cizancourt,49.837400,2.919140,0,0,1,0,0,0,2,0,pge:22061
PSF-007043,Manneville-sur-Risle,49.355700,0.534554,0,0,0,0,0,0,0,0,pge:22063
PSF-007044,Chetwynd,55.634600,-121.577000,0,0,0,0,0,0,0,0,pge:22064
PSF-007045,Big Love,22.333400,114.257000,0,2,1,0,0,0,0,0,pge:22074
PSF-007046,Nemina,46.201800,10.081100,0,0,0,2,2,1,0,0,pge:22075
PSF-007047,Swinside,54.610400,-3.282680,0,0,0,0,0,1,1,1,pge:22076
PSF-007048,Ullock Pike,54.664700,-3.180220,0,0,0,0,0,0,1,1,pge:22077
PSF-007049,Jenkin,54.631700,-3.122520,0,0,0,1,1,1,0,0,pge:22078
PSF-007050,Clough Head,54.597200,-3.041150,0,0,0,0,0,0,1,1,pge:22079
PSF-007051,Blease Fell,54.624700,-3.077030,0,0,0,0,1,0,0,0,pge:22080
PSF-007052,Claunie,57.163100,-5.205800,0,0,0,0,2,1,0,0,pge:22081
PSF-007053,Masugino,56.349500,36.585200,2,2,2,2,1,1,1,1,pge:22082
PSF-007054,750' (San Bernardino),34.199600,-117.317000,0,0,0,0,0,0,0,0,pge:22083
PSF-007055,Su Vrau - spot Sud,40.618300,9.696200,0,0,1,2,1,0,0,0,pge:22084
PSF-007056,Su Vrau - spot Nord,40.620700,9.697420,2,1,0,0,0,0,0,1,pge:22085
PSF-007057,Yaren,39.682400,27.635000,0,0,0,1,1,1,0,0,pge:22086
PSF-007058,Çınaroba,38.673500,27.681700,0,0,0,0,0,0,0,0,pge:22088
PSF-007059,Yaylacık,39.218300,28.167700,1,1,0,0,0,0,0,1,pge:22089
PSF-007060,Mecidiye Karyagdi,39.464000,28.046100,0,0,0,1,1,1,0,0,pge:22090
PSF-007061,Dorak,40.102400,28.585400,0,0,0,0,0,0,0,0,pge:22091
PSF-007062,Mont Saint Eloi,50.329200,2.658990,2,2,1,1,0,0,0,1,pge:22092
PSF-007063,Monte Antiogu Boi,39.276000,9.373550,1,0,0,0,0,0,1,2,pge:22093
PSF-007064,Meall Chuaich,56.961800,-4.112320,0,0,0,0,1,2,1,0,pge:22094
PSF-007065,Petinagpou,9.669630,-5.023670,0,0,0,2,2,2,1,1,pge:22096
PSF-007066,Boundiali,9.494520,-6.487860,1,0,0,1,2,2,1,1,pge:22097
PSF-007067,Decollo S. Michele,40.864800,17.291200,0,1,2,0,0,0,0,0,pge:22098
PSF-007068,Monte S. Vittoria,39.757100,9.305910,0,0,0,0,0,2,2,1,pge:22099
PSF-007069,Чубалово,56.083700,43.077300,0,0,0,0,0,0,0,0,pge:22100
PSF-007070,Чулково,55.952200,42.800600,0,0,0,0,0,0,0,0,pge:22102
PSF-007071,San Bastanio,42.021100,8.754560,1,0,0,0,0,0,1,2,pge:22103
PSF-007072,Ostriconi,42.658100,9.056670,0,0,0,0,0,0,0,2,pge:22104
PSF-007073,Furano,43.325900,142.331000,0,0,0,0,0,0,0,0,pge:22105
PSF-007074,Martinky,49.096300,18.823800,0,0,0,0,0,0,0,0,pge:22106
PSF-007075,Col de Salvi,42.552400,8.863060,0,0,0,0,0,0,2,2,pge:22107
PSF-007076,Les Caves,47.329800,2.828480,0,0,0,0,0,0,0,0,pge:22108
PSF-007077,La Poussie,47.321600,2.794950,0,0,0,0,2,2,0,0,pge:22109
PSF-007078,Amigny,47.323500,2.799010,2,2,0,0,0,0,0,0,pge:22110
PSF-007079,Chavignol,47.341700,2.791590,0,0,0,2,0,0,0,0,pge:22111
PSF-007080,Puivert,42.893400,2.071140,0,0,0,0,0,0,0,0,pge:22112
PSF-007081,Almonacid de Zorita,40.326500,-2.835760,0,0,0,0,0,0,1,0,pge:22114
PSF-007082,Iriepal,40.629000,-3.125990,0,0,0,0,0,0,0,1,pge:22115
PSF-007083,Olarizu,42.817400,-2.662640,2,2,0,0,0,0,0,1,pge:22116
PSF-007084,Belice,45.418300,7.641950,0,0,1,2,2,1,0,0,pge:22117
PSF-007085,Pente école : Peyriac,43.092300,2.981760,0,0,0,0,0,0,0,0,pge:22118
PSF-007086,Castello di Monteserico - Genzano di Lucania (PZ),40.855000,16.152800,0,0,0,0,0,0,0,0,pge:22119
PSF-007087,"Flight Junkies Field Newton Falls, Ohio",41.232500,-80.919800,0,0,0,0,0,0,0,0,pge:22120
PSF-007088,"Predator Paramotor Training, Hangar 6",39.502900,-83.861600,0,0,0,0,0,0,0,0,pge:22121
PSF-007089,Mas Rimbault SE,43.474700,3.736420,0,0,1,2,1,0,0,0,pge:22122
PSF-007090,Niucao Mountain,31.046200,116.261000,0,0,0,0,0,0,0,0,pge:22123
PSF-007091,Ribeira de Nisa e Carreiras,39.388400,-7.433670,0,0,0,0,1,1,2,1,pge:22124
PSF-007092,La Seranne - Déco Namibie,43.867800,3.638990,0,0,0,1,1,1,0,0,pge:22125
PSF-007093,La Seranne - Déco Roc Blanc,43.867600,3.636640,1,0,0,1,1,1,0,1,pge:22126
PSF-007094,Botucatu,-22.929000,-48.360900,2,2,2,2,2,0,0,0,pge:22127
PSF-007095,Ghunda Shamshaki,33.143800,71.371100,0,0,0,0,0,0,0,0,pge:22128
PSF-007096,Balistra,41.435400,9.221820,1,2,2,1,0,0,0,0,pge:22134
PSF-007097,Les Verneys,46.246900,7.046530,1,0,0,0,0,1,2,2,pge:22135
PSF-007098,Valerette,46.206200,6.947990,2,1,1,1,2,0,1,1,pge:22136
PSF-007099,Soglio,46.345600,9.548130,0,0,0,1,2,1,0,0,pge:22137
PSF-007100,Leontyevo,55.056000,38.275600,0,0,0,0,0,0,0,0,pge:22138
PSF-007101,El Piedrero SLP,22.045600,-100.923000,0,2,2,1,0,0,0,0,pge:22140
PSF-007102,La Chincheta,21.996900,-100.931000,0,2,1,0,0,0,0,0,pge:22141
PSF-007103,Brezovec,49.216000,19.315500,0,0,0,0,0,0,2,0,pge:22142
PSF-007104,Junction,38.259500,-112.323000,0,0,2,2,0,0,0,0,pge:22143
PSF-007105,Kabuto-Iwa,32.972300,131.017000,0,0,2,2,1,0,0,0,pge:22144
PSF-007106,Deregündüzlü,41.122000,27.661100,0,0,1,2,1,0,0,0,pge:22145
PSF-007107,Fly In Chiapas Despegue,16.708200,-92.903700,0,0,0,0,0,0,0,0,pge:22146
PSF-007108,petit Montaud,45.279700,5.573030,1,0,0,0,0,0,1,2,pge:22147
PSF-007109,Чендекское сельское поселение,50.284600,85.949700,0,0,0,0,0,0,0,0,pge:22148
PSF-007110,Чибитское сельское поселение,50.349600,87.494500,0,0,0,0,0,0,0,0,pge:22149
PSF-007111,Мульта,50.192100,85.973000,0,0,0,0,0,0,0,0,pge:22150
PSF-007112,Saptan - Katanda,50.214400,86.181000,0,0,0,0,0,0,0,0,pge:22151
PSF-007113,mt. Huanghuashan/黄花山,40.163000,117.584000,0,0,0,0,0,0,0,0,pge:22154
PSF-007114,Les Bouquetins,46.320500,7.068780,0,0,0,0,2,0,0,0,pge:22155
PSF-007115,L’Alpe des Chaux,46.295300,7.109090,0,0,0,2,2,0,0,0,pge:22156
PSF-007116,Quend,50.317700,1.544900,0,0,0,0,0,0,0,0,pge:22158
PSF-007117,Rivas,9.446610,-83.643400,0,0,0,0,0,0,0,0,pge:22162
PSF-007118,Zion's launch,9.474630,-83.626700,0,0,0,0,0,0,0,0,pge:22163
PSF-007119,Sarapiquí San Miguel,10.308000,-84.184200,1,2,2,0,0,0,0,0,pge:22164
PSF-007120,Mirador la Torre Ciudad Neilly,8.679710,-82.936900,0,0,0,0,1,2,1,0,pge:22165
PSF-007121,Atirro La Suiza,9.841380,-83.651600,0,0,0,0,0,0,0,0,pge:22166
PSF-007122,Puerto Cortés,9.059090,-83.565100,0,0,0,0,0,0,0,0,pge:22167
PSF-007123,Guisa El Mirador Campo Beisbol,20.248400,-76.530900,0,0,0,0,0,1,2,1,pge:22168
PSF-007124,Jiguany El Yarey,20.347200,-76.361800,0,1,2,1,0,0,0,0,pge:22169
PSF-007125,Charco Redondo Minas H.,20.264900,-76.423800,0,0,0,1,2,1,0,0,pge:22170
PSF-007126,Riíto - Vista El Cepillo,20.258300,-76.421300,0,0,0,1,2,1,0,0,pge:22171
PSF-007127,El Cacao,20.268600,-76.424300,0,0,0,0,0,1,2,1,pge:22172
PSF-007128,Tia Nena Cepillo Sur,20.246800,-76.423200,0,0,0,0,1,2,0,0,pge:22173
PSF-007129,Uvero,19.957900,-76.589400,0,0,0,1,2,1,0,0,pge:22174
PSF-007130,Sierra Mar,19.984400,-76.326100,0,0,0,2,1,1,0,0,pge:22175
PSF-007131,Pinga Prieta,22.726200,-83.143200,0,0,0,1,2,1,0,0,pge:22176
PSF-007132,El fraile de Holguín,20.893900,-76.283200,0,1,2,1,0,0,0,0,pge:22177
PSF-007133,Piedra Labrada - San Benito de Mayarí,20.382300,-75.571900,0,2,2,2,0,0,0,0,pge:22178
PSF-007134,Melones Punto Fijo,20.906700,-76.046900,0,0,1,2,1,0,0,0,pge:22179
PSF-007135,Marea del Portillo,19.925700,-77.212500,0,0,0,2,2,1,0,0,pge:22180
PSF-007136,San Antonio del Sur Mariana,20.101600,-74.807000,0,0,0,2,2,2,0,0,pge:22181
PSF-007137,San Antonio del Sur Polígono,20.047800,-74.824900,0,0,0,1,2,1,0,0,pge:22182
PSF-007138,La mula,19.954000,-76.765100,0,0,0,0,1,0,0,0,pge:22183
PSF-007139,El Cencerro,20.301200,-76.455700,1,2,1,0,0,0,0,0,pge:22184
PSF-007140,Victorino El Gigante,20.149400,-76.460500,0,1,2,0,0,0,0,0,pge:22185
PSF-007141,Pente école : Les Vailhès,43.670000,3.353400,0,0,0,1,1,1,0,0,pge:22186
PSF-007142,Pente école : Clermont base nautique,43.644500,3.386710,0,0,0,0,0,0,0,0,pge:22187
PSF-007143,Atterro : Coupiac,43.895500,3.699840,0,0,0,0,0,0,0,0,pge:22188
PSF-007144,Papa George,-2.757320,-78.751900,1,1,1,1,1,1,1,1,pge:22190
PSF-007145,Monte Cucco - Decolo Nord,43.357000,12.771500,0,1,2,1,0,0,0,0,pge:22191
PSF-007146,Pente école : Brunas,44.070400,3.063770,0,0,0,0,0,0,0,0,pge:22192
PSF-007147,Pente école : Saint-Bauzille-de-Montmel,43.766000,3.939090,2,0,0,0,0,0,0,0,pge:22193
PSF-007148,Creag Dubh 756m,57.046500,-4.180470,0,1,2,1,0,0,0,0,pge:22194
PSF-007149,Yantarny,54.862000,19.933500,0,0,0,0,0,1,2,1,pge:22195
PSF-007150,Raven's Roost,37.933600,-78.952800,2,0,0,0,0,0,1,2,pge:22196
PSF-007151,Eungella - Caravan Park,-21.129556,148.494803,0,0,1,1,0,0,0,0,pge:22198;siteguide_au:10-8
PSF-007152,Big Conway,-20.477800,148.763000,0,0,0,0,0,0,0,0,pge:22199
PSF-007153,Small Conway,-20.480400,148.736000,0,0,0,0,0,0,0,0,pge:22200
PSF-007154,Flagstaff Hill,-20.015400,148.266000,0,0,0,0,0,0,0,0,pge:22201
PSF-007155,Rampa Paraíso,-18.428600,-40.848600,1,2,1,0,0,0,0,0,pge:22205
PSF-007156,Văleni-Podgoria,44.855500,24.996900,0,0,0,0,0,0,0,0,pge:22206
PSF-007157,Hirzli,47.134100,9.007290,0,0,0,0,0,0,0,0,pge:22207
PSF-007158,Torland Airfield,58.688900,5.637050,0,0,0,0,0,0,0,0,pge:22209
PSF-007159,Sokn Airfield,59.052100,5.663610,0,0,0,0,0,0,0,0,pge:22210
PSF-007160,Førstefjellet,69.261600,17.457300,0,1,2,2,2,2,1,0,pge:22211
PSF-007161,Eikeneshesten,61.811900,6.008880,2,2,2,0,1,2,2,2,pge:22212
PSF-007162,Hyeneshesten,61.840500,5.935840,1,2,2,2,1,0,0,0,pge:22213
PSF-007163,CavFa (Hungu) Laza Gabala,41.066000,47.909200,0,0,0,0,0,0,0,0,pge:22214
PSF-007164,Inky,-19.746100,147.497000,0,0,0,0,0,0,0,0,pge:22215
PSF-007165,Wunjunga,-19.728600,147.589000,0,0,0,0,0,0,0,0,pge:22216
PSF-007166,Ogassa - Sant Joan de les Abadesses,42.280700,2.292000,0,0,0,1,2,1,0,0,pge:22218
PSF-007167,Одинок,53.072200,36.894200,0,0,0,0,0,0,0,0,pge:22219
PSF-007168,Barlovento,3.470630,-76.182800,2,0,0,0,1,2,2,2,pge:22221
PSF-007169,Kanin (Bovec),46.357900,13.479000,0,0,0,2,2,2,0,0,pge:22223
PSF-007170,Kapucin,50.574500,13.518300,0,0,0,2,0,0,0,0,pge:22225
PSF-007171,Cvilen North,42.173300,20.743200,0,0,0,0,0,0,0,0,pge:22226
PSF-007172,Cap5,-17.705300,-66.317600,1,2,2,1,0,0,0,0,pge:22227
PSF-007173,Torre Loma,-2.090410,-79.135300,0,0,0,0,1,2,2,2,pge:22228
PSF-007174,Gangdong-myeon,35.981000,129.293000,0,0,0,0,1,2,1,0,pge:22229
PSF-007175,Le Petit Cordeil,44.067500,6.509520,0,0,0,0,0,0,0,0,pge:22231
PSF-007176,Asnan,47.315600,3.550900,0,0,0,0,0,0,2,0,pge:22232
PSF-007177,Germigny-sur-Loire,47.059800,3.048530,0,0,0,0,0,1,1,0,pge:22233
PSF-007178,Pougues-les-Eaux,47.076500,3.112760,2,0,0,0,0,0,0,0,pge:22234
PSF-007179,Saint-Moré,47.572200,3.766770,0,2,0,0,0,0,0,0,pge:22235
PSF-007180,Neuffontaines,47.361200,3.757720,0,0,0,0,0,2,0,0,pge:22236
PSF-007181,Chapelle du Banquet,47.200100,3.889280,1,0,0,0,0,0,0,2,pge:22237
PSF-007182,Gemeindealpe Mitterbach,47.811500,15.248500,0,0,0,0,0,0,0,0,pge:22238
PSF-007183,Yangbangsan Observatory,36.968000,128.381000,1,0,0,0,0,0,0,2,pge:22240
PSF-007184,WitchieKnowe,55.523200,-2.987850,0,0,0,0,0,0,0,0,pge:22241
PSF-007185,Bridgend,55.508200,-3.187730,0,0,0,0,0,0,0,0,pge:22242
PSF-007186,La Ferrería,23.931600,-104.675000,2,1,0,0,0,0,0,0,pge:22243
PSF-007187,Chupaderos,24.135700,-104.702000,0,0,0,0,0,1,2,1,pge:22244
PSF-007188,Monte Lignano,43.405000,11.882700,0,0,0,0,1,1,2,2,pge:22245
PSF-007189,Ябланица-Драгоица,43.045900,24.079600,1,2,2,2,1,0,0,0,pge:22247
PSF-007190,GOLE,45.689800,10.133900,0,0,0,0,0,0,0,0,pge:22248
PSF-007191,iFLY Indiana Powered Paragliding,41.326800,-86.660200,0,0,0,0,0,0,0,0,pge:22249
PSF-007192,Michelau,49.899100,6.081100,0,0,0,0,0,0,0,0,pge:22250
PSF-007193,Michelau-LP,49.897700,6.089240,0,0,0,0,0,0,0,0,pge:22251
PSF-007194,Kautenbach LP,49.954100,6.027430,0,0,0,0,0,0,0,0,pge:22252
PSF-007195,Solang,32.314200,77.155600,0,0,0,0,0,0,0,0,pge:22253
PSF-007196,Saint-Léonard-des-Bois,48.353700,-0.071748,0,0,0,0,0,0,2,0,pge:22254
PSF-007197,Saint-Léonard-des-Bois,48.351200,-0.076010,0,0,0,0,0,0,0,0,pge:22255
PSF-007198,"""Raven's home"" Crete de Guigou",33.335400,-4.818710,2,0,0,0,0,0,1,2,pge:22256
PSF-007199,"""ALMOU"" Soaring boulemane",33.321200,-4.701850,2,1,0,0,0,0,0,0,pge:22257
PSF-007200,Boulemane North learning place,33.331500,-4.696440,1,0,0,0,0,0,0,0,pge:22258
PSF-007201,Titchouk,33.393900,-4.658560,2,0,0,0,0,0,0,2,pge:22259
PSF-007202,Lombardía,19.174300,-102.067000,0,0,0,0,0,0,0,0,pge:22260
PSF-007203,Manastireni,46.787600,23.062100,2,0,0,0,0,0,1,2,pge:22262
PSF-007204,Cousimbert,46.691900,7.185430,1,1,0,0,0,2,2,2,pge:22263
PSF-007205,Vacheresse,46.563400,7.131730,1,0,0,0,0,1,1,1,pge:22264
PSF-007206,Tsermont,46.537800,7.140260,0,0,0,0,0,1,1,1,pge:22265
PSF-007207,Vanil du Van,46.543600,7.129350,0,0,0,0,0,1,1,1,pge:22266
PSF-007208,les Millets,46.504400,7.090020,0,0,0,0,1,1,0,0,pge:22267
PSF-007209,Pra de Cray,46.495000,7.110990,0,0,0,1,1,1,1,1,pge:22268
PSF-007210,l'Aiguille,46.486900,7.070280,0,0,0,1,1,1,0,0,pge:22269
PSF-007211,Dromae and cima d oro,45.896000,10.784300,0,0,1,2,1,2,0,0,pge:22270
PSF-007212,Algodões - Pedra do Relâmpago,-4.947990,-39.289100,0,0,0,0,0,0,0,0,pge:22271
PSF-007213,Shoestring Aviation Airfield - 0P2,39.794700,-76.647000,0,0,0,0,0,0,0,0,pge:22272
PSF-007214,Rampa do Pombal,-20.733400,-41.461100,0,1,1,2,1,0,0,0,pge:22273
PSF-007215,port smellon,49.543000,-123.468000,0,0,0,0,0,0,0,0,pge:22274
PSF-007216,soames hill,49.420700,-123.488000,0,0,0,0,0,0,0,0,pge:22275
PSF-007217,mt elphinstone,49.460400,-123.565000,0,0,0,0,0,0,0,0,pge:22276
PSF-007218,Sechelt Ridge,49.498600,-123.696000,0,0,0,0,0,0,0,0,pge:22277
PSF-007219,mt richardson,49.569000,-123.756000,0,0,0,0,0,0,0,0,pge:22278
PSF-007220,mt hallowell,49.681000,-123.941000,0,0,0,0,0,0,0,0,pge:22279
PSF-007221,Mount Mbeya,-8.839960,33.368600,0,0,0,0,0,0,0,0,pge:22280
PSF-007222,Mbeya Cross,-8.861710,33.425600,0,0,0,0,0,2,2,0,pge:22281
PSF-007223,Rampa Asas do Caparaó,-20.775500,-41.704500,0,1,2,1,0,0,0,0,pge:22282
PSF-007224,Hallouf,37.320400,9.792360,2,0,0,0,0,0,0,1,pge:22283
PSF-007225,Rafraf .skyriders,37.178400,10.202700,2,1,0,0,0,0,0,1,pge:22284
PSF-007226,Pyeongtaek-si,36.921400,126.925000,0,0,0,0,0,0,0,0,pge:22285
PSF-007227,Munsubong,37.179700,127.287000,0,1,2,1,0,0,0,0,pge:22286
PSF-007228,Vargem Grande,-20.665500,-41.658700,0,1,2,2,1,0,0,0,pge:22287
PSF-007229,Croix d'Allant,45.657900,6.203580,0,0,0,0,0,0,0,0,pge:22288
PSF-007230,Gomba,47.364700,19.529400,1,2,2,2,2,2,1,1,pge:22289
PSF-007231,Countisbury,51.236200,-3.794060,1,0,0,0,0,0,0,1,pge:22290
PSF-007232,Varazze,44.372500,8.595140,0,0,0,1,2,1,0,0,pge:22291
PSF-007233,Carrock Fell,54.697700,-3.013770,0,1,2,0,0,0,0,0,pge:22292
PSF-007234,Bali Paragliding Tandem Uluwatu,-8.838660,115.097000,0,0,0,0,0,0,0,0,pge:22293
PSF-007235,Riug Paragliding,-8.835160,115.209000,0,0,0,0,0,0,0,0,pge:22294
PSF-007236,Zeytin Barajı,41.137600,34.836900,2,2,1,1,1,1,1,2,pge:22295
PSF-007237,En Curnaux,46.297200,7.024010,0,0,0,0,1,1,0,0,pge:22297
PSF-007238,Kargı Yaylası,41.187700,34.517700,0,0,2,2,2,2,2,1,pge:22299
PSF-007239,Randonnaz,46.167900,7.145940,0,0,0,1,1,2,1,0,pge:22300
PSF-007240,La Tourche,46.214300,7.062110,1,1,0,0,1,2,2,1,pge:22301
PSF-007241,Dousderm,29.653600,-8.956280,0,0,0,0,0,0,2,2,pge:22302
PSF-007242,Tahala,29.605600,-9.154700,0,0,1,2,0,0,0,0,pge:22303
PSF-007243,Bourg-Saint-Maurice - Atterro,45.618400,6.773080,0,0,0,0,0,0,0,0,pge:22304
PSF-007244,EPKZ Aeroklub Koszalinski,54.047700,16.280200,0,0,0,0,0,0,0,0,pge:22305
PSF-007245,Loma de Caballos,21.880500,-82.778500,0,0,1,1,1,0,0,0,pge:22306
PSF-007246,Guanabo Viejo,23.157600,-82.106900,0,0,0,1,2,1,0,0,pge:22307
PSF-007247,the road runner vs wiley e. coyote,19.896100,-77.043400,0,0,1,2,1,0,0,0,pge:22308
PSF-007248,La presa,20.229500,-76.563100,1,2,1,0,0,0,0,0,pge:22309
PSF-007249,Santa María del Loreto - Yerba Guinea,20.079700,-75.552900,2,2,1,0,0,0,0,1,pge:22310
PSF-007250,Bijaru,20.876600,-75.910000,0,2,2,2,0,0,0,0,pge:22311
PSF-007251,Bedon Cuestahedo,43.043200,-3.529860,1,2,1,0,0,0,0,0,pge:22312
PSF-007252,Barcina de los montes,42.699500,-3.327630,1,2,0,0,0,2,0,0,pge:22313
PSF-007253,dul Tuchlovice,50.123600,13.993300,0,1,2,2,0,1,2,1,pge:22314
PSF-007254,Aviados Hike&Fly,42.872500,-5.434710,0,0,0,0,0,0,0,0,pge:22315
PSF-007255,Rainbow Mountain (Alpine Meadows),50.142600,-122.984000,0,0,0,0,0,0,0,0,pge:22316
PSF-007256,Meadow Park,50.144400,-122.962000,0,0,0,0,0,0,0,0,pge:22317
PSF-007257,Hunter Mesa,44.333200,-106.955000,0,0,0,0,0,0,0,0,pge:22319
PSF-007258,Bighorn Mountain launch,44.789200,-107.931000,0,0,0,0,0,0,0,0,pge:22320
PSF-007259,Pla de l'homme,42.783500,1.944750,2,2,0,0,0,0,1,2,pge:22322
PSF-007260,Děčín - Priper,50.789100,14.212200,0,0,0,2,0,0,0,0,pge:22323
PSF-007261,Alto Hospicio,-20.273600,-70.110300,0,0,0,0,0,2,2,2,pge:22324
PSF-007262,Trabzon Havacılık Akyazı Takeoff,41.000000,39.634400,0,0,0,0,0,0,0,0,pge:22325
PSF-007263,Burnbank Fell,54.579200,-3.373400,2,1,0,0,0,0,0,1,pge:22326
PSF-007264,Vinogradovo Chorna Gora,48.138300,23.076700,0,0,0,0,0,0,0,0,pge:22327
PSF-007265,Gora Oljka,46.325100,15.056300,0,0,0,0,0,0,0,0,pge:22328
PSF-007266,xcaucasus.ge,41.546000,44.951600,0,0,0,0,0,0,0,0,pge:22329
PSF-007267,Salida Mine,38.589600,-106.017000,0,0,0,0,2,2,0,0,pge:22331
PSF-007268,"Skyport (Santa Barbara, CA)",34.480900,-119.685000,0,0,0,1,2,1,0,0,pge:22332
PSF-007269,Cowlod,52.262700,-3.234440,0,0,0,0,0,2,2,0,pge:22333
PSF-007270,Skyline Twente,52.467700,6.696680,0,0,0,0,0,0,0,0,pge:22334
PSF-007271,Foel,52.256100,-3.234790,0,0,0,0,0,2,0,0,pge:22335
PSF-007272,Rampa Serra da Roseira,-20.809500,-41.521800,2,2,1,0,0,0,0,1,pge:22336
PSF-007273,Tomarovka (Kazatskoe),50.727400,36.264200,0,0,0,1,2,1,0,0,pge:22337
PSF-007274,Ivitsa,50.706400,37.195700,0,0,0,1,2,1,0,0,pge:22338
PSF-007275,Zayachie,50.891900,37.031800,0,0,0,0,0,2,1,0,pge:22339
PSF-007276,Krapivnoe,50.463100,36.865700,0,1,2,1,0,0,0,0,pge:22340
PSF-007277,Bogoslovka,51.126000,37.516300,0,0,0,0,0,1,2,1,pge:22341
PSF-007278,Chibisovka,51.119900,37.452800,0,0,0,0,0,0,0,2,pge:22342
PSF-007279,Rovenki,49.898100,38.888200,0,2,2,0,0,0,0,0,pge:22343
PSF-007280,Yablonovo,51.018600,37.820900,0,0,1,2,0,0,0,0,pge:22344
PSF-007281,Afanasovo,50.722800,37.141600,0,1,2,1,0,0,0,0,pge:22345
PSF-007282,Sokolovka,50.724100,37.259100,0,0,0,2,0,0,0,0,pge:22346
PSF-007283,Visloe,51.390400,38.067600,0,0,0,2,0,0,0,0,pge:22347
PSF-007284,Slonovka,50.677900,37.755200,0,2,1,0,0,0,0,0,pge:22348
PSF-007285,Luchki,50.866300,36.572400,0,0,0,0,0,2,0,0,pge:22349
PSF-007286,Sazhnoe,50.796600,36.687700,1,2,0,0,0,0,0,0,pge:22350
PSF-007287,Averino,51.301400,37.480900,0,0,0,0,0,0,2,0,pge:22351
PSF-007288,Carnale,46.188500,9.885290,0,0,0,0,0,0,0,0,pge:22353
PSF-007289,taymyr,77.714300,104.238000,0,0,0,0,0,0,0,0,pge:22356
PSF-007290,городское поселение Диксон,77.714200,104.204000,0,0,0,0,0,0,0,0,pge:22357
PSF-007291,Villa Pehuenia,-38.814100,-71.197900,0,0,0,0,0,0,0,0,pge:22358
PSF-007292,Natales,-52.095300,-72.360400,0,0,0,0,0,0,0,0,pge:22359
PSF-007293,Knockagh Monument,54.710600,-5.880950,0,0,0,0,0,0,0,0,pge:22360
PSF-007294,Big Collins,54.801800,-6.084670,0,0,0,0,0,0,0,0,pge:22361
PSF-007295,Landing Volo Libero Brescia,45.524400,10.258900,0,0,0,0,0,0,0,0,pge:22362
PSF-007296,Decollo Est Brescia,45.549100,10.286100,0,0,0,0,0,0,0,0,pge:22363
PSF-007297,Rally Track,31.670400,35.651600,0,0,0,0,0,1,2,1,pge:22364
PSF-007298,Puigsagordi,41.802900,2.202890,0,0,0,0,0,0,0,0,pge:22365
PSF-007299,Dobrovlje,46.297300,15.009300,0,0,0,0,0,0,0,0,pge:22366
PSF-007300,Scala,40.653600,14.593500,0,0,0,0,0,0,0,0,pge:22367
PSF-007301,Maiori,40.649600,14.677700,0,0,0,0,0,0,0,0,pge:22368
PSF-007302,Castellammare di Stabia - Monte Faito,40.670000,14.470900,1,2,0,0,0,2,1,0,pge:22369
PSF-007303,Jacó New Launch,9.614840,-84.601300,0,0,0,0,0,0,0,0,pge:22370
PSF-007304,Jacó New Launch,9.614840,-84.601300,0,0,0,0,0,0,0,0,pge:22371
PSF-007305,VOR,34.507600,-119.767000,0,0,0,0,0,0,0,0,pge:22372
PSF-007306,Caballito,10.218400,-85.345000,0,0,0,0,0,0,0,0,pge:22373
PSF-007307,Dobre,51.287200,21.886300,0,0,0,0,0,0,0,0,pge:22374
PSF-007308,Cerro da Figueira,-29.691700,-53.213800,1,0,2,2,2,1,2,2,pge:22375
PSF-007309,Sorena(south),33.444100,48.001000,0,0,0,0,2,2,0,0,pge:22376
PSF-007310,Siavash,32.800700,47.989400,2,1,0,0,0,0,0,1,pge:22377
PSF-007311,Azimieh West,35.871000,51.020900,0,0,0,0,0,1,2,1,pge:22378
PSF-007312,La Palmera,10.416800,-84.368300,1,2,1,0,0,0,0,0,pge:22379
PSF-007313,Monte Bar,46.100000,9.013190,0,0,0,2,2,2,0,0,pge:22381
PSF-007314,Moschera,46.085100,8.950590,0,0,0,2,2,2,1,0,pge:22382
PSF-007315,Capanna Albagno,46.222300,8.956430,0,0,0,1,2,2,1,0,pge:22383
PSF-007316,Cerro Elefante,-24.728200,-65.513900,0,0,0,0,0,0,0,0,pge:22384
PSF-007317,Santa Elena,22.211400,-79.874600,0,0,0,0,2,1,0,0,pge:22385
PSF-007318,Shamirpet paramotor,17.611500,78.544600,0,0,0,0,0,0,0,0,pge:22386
PSF-007319,Tenerife - Benijo,28.572400,-16.182300,2,0,0,0,0,0,0,0,pge:22387
PSF-007320,Bevera,43.831100,7.567040,0,0,2,1,1,0,0,0,pge:22388
PSF-007321,Cordon - Tête du Planet,45.913000,6.570760,0,1,1,1,1,0,0,0,pge:22390
PSF-007322,Saint-Gervais-les-Bains - La charme,45.878300,6.743410,0,0,0,0,0,0,2,0,pge:22391
PSF-007323,Mont Vorassay,45.852200,6.766250,0,0,0,0,2,1,0,0,pge:22393
PSF-007324,Le signal,45.790200,6.699780,0,0,0,0,0,0,0,0,pge:22394
PSF-007325,Sospel - Montegrosso,43.913800,7.467150,0,0,0,0,0,2,2,0,pge:22397
PSF-007326,Ubierna,42.495700,-3.686410,0,0,0,0,0,2,1,0,pge:22398
PSF-007327,Mazariegos,42.106500,-3.527060,1,2,0,0,0,0,0,0,pge:22399
PSF-007328,Pineda de la Sierra,42.186200,-3.311180,0,2,0,0,0,2,0,0,pge:22400
PSF-007329,Carazo,41.991600,-3.377610,0,2,0,0,0,2,0,0,pge:22401
PSF-007330,Puerto de la Magdalena,43.072300,-3.364200,0,2,0,0,0,0,0,0,pge:22402
PSF-007331,Sargentes de la Lora,42.771600,-3.937140,0,0,0,0,0,0,0,2,pge:22404
PSF-007332,Quintanilla,42.125900,-3.461340,0,2,0,0,0,2,0,0,pge:22405
PSF-007333,Masa,42.632000,-3.751020,0,0,0,1,1,2,1,0,pge:22406
PSF-007334,La Yecla,41.941500,-3.464340,0,1,2,1,0,0,0,0,pge:22407
PSF-007335,Miraveche,42.686600,-3.164810,0,0,0,0,1,2,1,0,pge:22408
PSF-007336,Булдакова,56.774700,62.931700,0,0,0,0,0,0,0,0,pge:22409
PSF-007337,Voronovo,55.333900,37.210200,0,0,0,0,0,0,0,0,pge:22410
PSF-007338,Regenspitz,47.680400,13.288800,0,0,0,0,0,0,0,0,pge:22412
PSF-007339,Mont-Ham,45.789600,-71.634800,0,0,0,0,2,2,0,0,pge:22413
PSF-007340,"Buchy's, at Gerrards Lookout",-26.731103,152.901987,0,0,1,0,0,0,0,0,pge:22414;siteguide_au:223-257
PSF-007341,Bamah - Parapente Guaduas,5.113470,-74.637700,0,0,0,0,0,1,1,1,pge:22415
PSF-007342,Bihać zavalje,44.785200,15.849900,0,0,0,0,0,0,0,0,pge:22416
PSF-007343,Puerto López,-1.546430,-80.794800,0,0,0,0,0,0,0,0,pge:22417
PSF-007344,GREVENA,40.095600,21.397600,0,0,0,0,0,0,0,0,pge:22418
PSF-007345,tonekabon,36.744100,50.861900,2,2,1,0,0,0,1,2,pge:22419
PSF-007346,dohezar-tonekabon,36.646700,50.746200,2,2,1,0,0,0,0,0,pge:22420
PSF-007347,Rampa Asas Do Vale,-20.390000,-41.482300,2,2,0,0,0,0,0,2,pge:22421
PSF-007348,Rampa Areado,-20.195700,-41.652200,2,2,1,0,0,0,0,1,pge:22422
PSF-007349,Saint-Fabien N,48.305500,-68.885800,2,0,0,0,0,0,1,2,pge:22423
PSF-007350,Jam sport,36.074400,136.574000,0,0,0,0,0,1,2,1,pge:22424
PSF-007351,Sky park Utsunomiya,36.618100,139.761000,0,0,0,1,2,1,0,0,pge:22425
PSF-007352,Biwako sky park,35.208800,135.886000,0,0,1,1,1,1,0,0,pge:22426
PSF-007353,Futami,33.655100,132.638000,1,0,0,0,0,0,0,2,pge:22427
PSF-007354,Takane(JMB chubu),35.347000,137.628000,0,0,0,0,1,2,1,0,pge:22428
PSF-007355,Katsuragi(Ohito),35.009900,138.919000,0,0,1,2,1,0,0,0,pge:22429
PSF-007356,Hundested - ved kanonerne,55.970700,11.849400,0,0,0,0,0,0,2,1,pge:22430
PSF-007357,Sølager,55.942900,11.884300,0,0,0,0,2,2,0,0,pge:22431
PSF-007358,Gilleleje - Strandbakkerne,56.121800,12.324900,2,1,0,0,0,0,0,0,pge:22432
PSF-007359,Gilleleje - Feriecenter,56.125600,12.265900,2,0,0,0,0,0,0,1,pge:22433
PSF-007360,Røsnæs-Kursuscentret,55.701300,11.021400,0,0,0,0,0,2,2,0,pge:22434
PSF-007361,Røsnæs - Ulstrup,55.729800,10.962500,0,0,0,0,2,1,0,0,pge:22435
PSF-007362,Røsnæs - Vingården,55.728600,10.975600,0,0,0,0,2,2,0,0,pge:22436
PSF-007363,Havnebyen,55.978000,11.348800,0,2,0,0,0,0,0,0,pge:22437
PSF-007364,Ohira Sky Club,36.360700,139.677000,0,0,0,1,2,1,0,0,pge:22438
PSF-007365,Stary Haj,48.913800,18.221400,0,0,0,2,2,1,0,0,pge:22439
PSF-007366,Paraisópolis (MG) -Rampa do Machadão,-22.579600,-45.806100,2,1,0,0,0,0,0,1,pge:22441
PSF-007367,Dominguez Canyon Afternoon Site,38.787200,-108.294000,1,0,0,0,0,0,1,2,pge:22442
PSF-007368,Dominguez Canyon Morning Site,38.809200,-108.313000,0,0,0,1,2,1,0,0,pge:22443
PSF-007369,Socorro,9.931330,-85.404500,0,0,0,0,0,0,0,0,pge:22444
PSF-007370,Ballesvika,69.366500,17.111000,2,1,0,0,0,0,0,1,pge:22445
PSF-007371,The Point/Zapotal,10.018700,-85.295800,0,0,0,0,0,0,0,0,pge:22446
PSF-007372,Jansky vrh,50.326200,17.071800,0,2,2,2,1,0,0,0,pge:22447
PSF-007373,Kamenička,50.422900,16.929000,0,2,1,0,0,0,0,0,pge:22448
PSF-007374,Javorník,50.395300,16.996000,0,0,0,0,0,0,0,0,pge:22449
PSF-007375,Vlčice,50.345700,17.032100,0,1,2,0,0,0,0,0,pge:22450
PSF-007376,Adolfovice,50.197100,17.204900,0,0,0,0,0,0,2,1,pge:22451
PSF-007377,Serak-Mracna,50.183900,17.090400,0,0,0,0,0,1,1,0,pge:22452
PSF-007378,Mracna,50.182400,17.083800,0,0,0,0,0,0,1,0,pge:22453
PSF-007379,Mielnik,50.355500,16.661800,0,0,0,0,1,2,0,0,pge:22454
PSF-007380,Sędzisz,50.353100,16.713100,0,1,2,1,0,0,0,0,pge:22455
PSF-007381,Sędzisz N,50.354600,16.713900,0,0,0,0,0,0,0,0,pge:22456
PSF-007382,Gniewoszów,50.196400,16.588800,0,1,1,0,0,0,0,0,pge:22457
PSF-007383,Kukułka,50.442700,16.710000,0,0,0,0,0,1,2,0,pge:22458
PSF-007384,Mąkolno,50.450100,16.849400,0,1,1,0,0,0,0,0,pge:22459
PSF-007385,Jagodna,50.255200,16.566300,0,1,2,1,0,0,0,0,pge:22460
PSF-007386,Urwista,50.144600,16.732900,0,0,0,0,2,2,0,0,pge:22461
PSF-007387,Galala 1 Ain soukhna,29.468400,32.399200,1,2,2,1,0,0,0,0,pge:22462
PSF-007388,Kistefjellet,69.291800,18.132500,0,0,2,2,1,2,2,1,pge:22463
PSF-007389,Kvittinden,69.275400,18.110400,1,2,2,2,2,2,2,2,pge:22464
PSF-007390,Naganuma,43.060700,141.764000,0,0,0,0,0,0,0,0,pge:22465
PSF-007391,Sakuraoka,43.788500,142.489000,0,0,0,0,0,0,0,0,pge:22466
PSF-007392,Eurofly,52.569800,6.490580,0,0,0,0,0,0,0,0,pge:22467
PSF-007393,Company Kadav Harbour,10.313600,76.125300,0,0,0,0,0,0,0,0,pge:22468
PSF-007394,Col de Rousset,44.832100,5.412840,0,0,0,0,0,0,0,0,pge:22469
PSF-007395,Aureille,44.562800,5.645870,0,0,0,0,0,0,0,0,pge:22470
PSF-007396,NMPC PG club,8.426910,124.664000,0,0,0,0,0,0,0,0,pge:22471
PSF-007397,Тюринка,53.600800,37.403600,0,0,0,0,0,0,0,0,pge:22472
PSF-007398,Nessadiou,-21.616600,165.538000,0,0,0,1,2,1,0,0,pge:22473
PSF-007399,La Liouffe Nd,45.839200,4.502010,0,0,0,0,0,0,0,0,pge:22474
PSF-007400,La Liouffe S.E,45.837800,4.499930,0,0,0,0,0,0,0,0,pge:22475
PSF-007401,Plat Du Mont N/NE,45.845800,4.470660,0,0,0,0,0,0,0,0,pge:22476
PSF-007402,Les Martinières NW,45.843900,4.483300,0,0,0,0,0,0,0,0,pge:22477
PSF-007403,Letra NE,45.957500,4.490660,0,0,0,0,0,0,0,0,pge:22478
PSF-007404,Štatenberg,46.324800,15.669500,0,0,0,2,2,2,1,0,pge:22479
PSF-007405,Kopitnik,46.112700,15.175800,2,2,1,0,0,0,0,2,pge:22480
PSF-007406,Kopitnik-S,46.109800,15.184400,0,0,0,0,2,0,0,0,pge:22481
PSF-007407,Trije Kralji,46.440600,15.442800,0,0,0,2,2,2,0,0,pge:22482
PSF-007408,Mala gora,46.357400,15.339700,0,2,2,2,0,0,0,0,pge:22483
PSF-007409,Kamšak,46.357900,15.259000,0,0,0,0,2,2,0,0,pge:22484
PSF-007410,Muntele Mic,45.371100,22.473300,0,0,0,0,0,0,0,0,pge:22485
PSF-007411,Paramotor-PR,-25.468400,-49.121800,0,0,0,0,0,0,0,0,pge:22486
PSF-007412,Richmond Local Municipality,-29.803200,30.160700,0,0,0,0,0,0,0,0,pge:22487
PSF-007413,Richmond Local Municipality,-29.803700,30.162100,0,0,0,0,0,0,0,0,pge:22488
PSF-007414,Chou (tsou),46.191800,7.160510,0,0,2,2,0,0,0,0,pge:22489
PSF-007415,Hatobukiyama,35.840300,137.881000,0,0,0,2,2,0,0,0,pge:22490
PSF-007416,"Vefsn, Drevlandsaksla",65.934800,13.096700,0,1,2,2,2,1,0,0,pge:22491
PSF-007417,Pickle Butte,43.492000,-116.722000,2,1,0,0,0,0,1,2,pge:22492
PSF-007418,BOB (Blown Out Butte),43.609500,-115.896000,0,0,1,2,2,2,0,0,pge:22493
PSF-007419,BOB's Upper Lip,43.615900,-115.888000,1,2,2,2,2,1,0,0,pge:22494
PSF-007420,Danskin,43.413000,-115.659000,0,0,0,0,0,0,0,0,pge:22496
PSF-007421,Tredje Svanfjell,69.299500,17.403900,0,2,2,1,0,2,2,1,pge:22498
PSF-007422,Pilas,9.944770,-85.228900,0,0,0,0,0,0,0,0,pge:22499
PSF-007423,Jarabacoa,19.082400,-70.637800,0,0,0,0,0,0,0,0,pge:22500
PSF-007424,Greim (Schöneben/ Sandkogel(,47.228700,14.160900,0,0,0,0,0,0,0,0,pge:22501
PSF-007425,UNTERBERGHORN Takeoff 1,47.631200,12.431000,0,0,0,0,0,1,2,0,pge:22502
PSF-007426,UNTERBERGHORN Takeoff 2,47.631700,12.431800,2,1,0,0,0,0,0,1,pge:22503
PSF-007427,UNTERBERGHORN Takeoff 4,47.624600,12.436100,0,0,0,0,0,1,2,2,pge:22504
PSF-007428,UNTERBERGHORN Takeoff 3,47.629500,12.433800,1,2,2,0,0,0,0,0,pge:22507
PSF-007429,Jägerkamp/Nagelspitz,47.679300,11.904300,0,0,2,0,0,1,2,1,pge:22508
PSF-007430,Ebersberg/Walchsee,47.631000,12.337800,0,0,1,1,1,0,0,0,pge:22510
PSF-007431,Polipoli - Echoes Launch,20.727000,-156.312000,0,0,0,0,0,0,0,0,pge:22511
PSF-007432,Polipoli - Ferns Launch,20.712800,-156.302000,0,0,0,0,0,0,0,0,pge:22512
PSF-007433,Polipoli - Ferns Launch,20.712800,-156.302000,0,0,0,0,0,0,0,0,pge:22513
PSF-007434,Conquista D'Oeste,-14.528000,-59.466400,0,0,0,0,0,0,0,0,pge:22514
PSF-007435,Pass Creek,46.016500,-111.106000,0,0,0,0,2,2,2,1,pge:22515
PSF-007436,Henson Gap - Tennessee Tree Toppers,35.349000,-85.332100,1,0,0,0,0,0,1,2,pge:22517
PSF-007437,Ibio,43.290500,-4.144770,2,2,0,0,0,0,0,1,pge:22518
PSF-007438,Endino,42.955000,-4.213320,2,2,0,0,2,2,0,0,pge:22519
PSF-007439,El Caballar,43.289800,-3.884000,2,1,0,0,0,0,0,1,pge:22520
PSF-007440,"Saltdal, Junkerdal, Nerknausen",66.830800,15.526200,0,0,2,2,2,2,0,0,pge:22521
PSF-007441,"Saltdal, Junkerdal, Nerknausen",66.830800,15.526200,0,1,2,2,2,2,0,0,pge:22522
PSF-007442,Morro da Lagoa (MDL),-28.530300,-49.263100,0,0,0,1,2,1,0,0,pge:22523
PSF-007443,"Varan dit ""Verdun""",45.947500,6.681450,0,0,0,1,2,2,1,0,pge:22524
PSF-007444,Les chalets du Lachat,45.954100,6.668680,0,0,0,0,0,0,0,0,pge:22525
PSF-007445,Les chalets du Nant,45.952000,6.652700,0,0,0,0,0,0,0,0,pge:22526
PSF-007446,Frioland,45.949900,6.701870,0,0,0,2,2,2,0,0,pge:22527
PSF-007447,Barmerousse,45.954200,6.693350,0,0,0,0,1,2,1,0,pge:22528
PSF-007448,Aiguille rouge,45.961600,6.685130,0,0,0,0,0,0,0,0,pge:22529
PSF-007449,Tete des lindars,45.975300,6.699650,0,0,0,0,0,0,0,0,pge:22530
PSF-007450,Pointe de l'Arbaron,46.006600,6.664460,0,0,0,0,0,0,0,0,pge:22531
PSF-007451,Farol de Santa Marta,-28.594000,-48.817900,1,2,2,1,0,0,0,0,pge:22532
PSF-007452,Divinéia,-28.216900,-48.668300,0,0,2,0,0,0,0,0,pge:22533
PSF-007453,Winch Take Off - Dia de Voo Parapente,-28.941500,-49.360300,1,2,2,1,2,2,0,0,pge:22534
PSF-007454,Três Cachoeiras,-29.457300,-49.938200,0,0,0,2,2,1,0,0,pge:22535
PSF-007455,"Praia Brava - E, NE",-27.406600,-48.418100,1,2,2,0,0,0,0,0,pge:22536
PSF-007456,Praia Brava - SE,-27.389500,-48.414400,0,0,0,2,0,0,0,0,pge:22537
PSF-007457,Rio Vermelho,-27.477100,-48.429900,0,0,2,1,0,0,0,0,pge:22538
PSF-007458,Santinho - S SE,-27.448400,-48.368700,0,0,0,0,2,0,0,0,pge:22539
PSF-007459,Matadeiro,-27.755800,-48.500500,2,2,0,0,0,0,0,0,pge:22540
PSF-007460,Rampa do Bode,-28.836200,-49.779800,0,0,0,1,2,1,2,0,pge:22541
PSF-007461,Almagre Mountain South,38.771900,-104.992000,0,0,0,0,0,0,0,0,pge:22542
PSF-007462,Mestia,43.064800,42.719400,0,0,0,0,0,0,0,0,pge:22543
PSF-007463,Cerro de entrenamiento,-32.674500,-70.684900,0,0,0,0,0,0,0,0,pge:22544
PSF-007464,San Miguel (Barranca),10.020100,-84.706200,0,0,0,0,1,2,1,0,pge:22545
PSF-007465,Rampa do Moisés,-22.152900,-42.546600,1,2,1,0,0,0,0,1,pge:22546
PSF-007466,Caramandu,-22.127600,-42.669100,2,1,0,0,0,0,0,1,pge:22547
PSF-007467,Cachoeira do Bom Jesus - W NW,-27.415100,-48.416600,0,0,0,0,0,0,0,0,pge:22549
PSF-007468,Daours,49.911600,2.450790,0,0,0,2,1,0,0,0,pge:22550
PSF-007469,Đại Tuệ,18.757100,105.537000,2,2,0,2,2,2,1,0,pge:22551
PSF-007470,Lagoa da Conceição - HG,-27.591400,-48.471600,0,0,0,0,0,0,0,0,pge:22553
PSF-007471,"Bleik, Storslettneset morene",69.267100,15.924300,0,0,0,0,0,0,1,2,pge:22554
PSF-007472,Røyken,69.288600,16.002200,1,2,2,1,0,0,0,0,pge:22555
PSF-007473,Einletten,69.246200,16.038600,1,1,2,2,2,2,2,2,pge:22556
PSF-007474,Nonstinden,69.239700,15.926600,1,2,2,2,1,0,1,1,pge:22557
PSF-007475,Trolltinden,69.241400,16.002700,1,0,0,0,0,1,2,1,pge:22558
PSF-007476,Barden,69.485200,17.636000,2,2,2,0,0,1,1,1,pge:22559
PSF-007477,Snøfjellet,69.347900,17.665500,0,0,0,0,0,0,0,0,pge:22560
PSF-007478,Istind - Kaperdalen,69.284700,17.269800,2,2,1,2,2,1,0,1,pge:22561
PSF-007479,Rampa da Fazenda Dona Mariana,-22.133300,-42.617800,2,0,0,0,0,0,1,2,pge:22562
PSF-007480,Oguzlar Obruk Barajı,40.721600,34.678300,1,2,2,2,1,0,0,0,pge:22565
PSF-007481,Ağaççamı,40.786000,34.668100,0,1,2,2,1,0,0,0,pge:22566
PSF-007482,Ağaççamı (Güney),40.774200,34.665000,1,2,2,2,2,1,0,0,pge:22567
PSF-007483,Baspinar Yaylasi,40.914800,35.059600,1,1,1,1,1,1,1,1,pge:22568
PSF-007484,Mourai,43.302200,141.403000,0,0,0,0,0,0,0,0,pge:22569
PSF-007485,Kubinská Hoľa,49.269300,19.255400,0,0,0,2,1,0,0,0,pge:22570
PSF-007486,Bratten,67.307700,14.411700,2,2,0,0,0,0,0,2,pge:22571
PSF-007487,Løpsfjellet øst,67.324200,14.521700,0,0,2,2,1,0,0,0,pge:22572
PSF-007488,Løpsfjellet vest,67.323500,14.518400,2,0,0,0,0,1,2,2,pge:22573
PSF-007489,Auvika,67.403200,14.608800,0,0,0,0,2,2,1,0,pge:22574
PSF-007490,Mjelle,67.408100,14.636000,2,1,0,0,0,0,1,2,pge:22575
PSF-007491,Latmannstarten Mjelle,67.408300,14.611100,2,1,0,0,0,0,0,1,pge:22576
PSF-007492,Skaugtuva,67.371900,14.643100,0,0,0,0,0,0,0,0,pge:22577
PSF-007493,Middagstuva,67.334300,14.549800,2,2,0,0,0,0,0,2,pge:22578
PSF-007494,Hopsfjellet,67.350000,14.736300,0,0,0,0,0,0,0,0,pge:22579
PSF-007495,Rishågen,66.992300,14.833100,0,0,0,2,2,1,0,0,pge:22580
PSF-007496,Mjelle toppen,67.420300,14.654600,0,0,0,0,0,2,2,1,pge:22581
PSF-007497,Wallberg,47.661100,11.790700,1,0,0,0,0,1,2,2,pge:22583
PSF-007498,Ürzig,49.985100,7.018380,0,0,0,0,0,0,0,0,pge:22584
PSF-007499,Meerfeld,50.107100,6.757110,0,0,0,0,0,0,0,0,pge:22585
PSF-007500,Bisanne Nord,45.747000,6.503840,2,1,0,0,0,0,1,2,pge:22586
PSF-007501,Pisciotta,40.120300,15.225500,0,0,0,0,1,2,2,1,pge:22587
PSF-007502,Itaocara,-21.718200,-42.215000,2,1,0,0,0,0,0,1,pge:22588
PSF-007503,Pamparrão,-22.053200,-42.639300,1,1,0,0,0,0,1,2,pge:22589
PSF-007504,Zé Guerreiro,-22.248600,-42.333800,1,1,1,1,0,0,0,1,pge:22590
PSF-007505,Serra das Almas,-22.199300,-42.197700,2,2,1,0,0,0,0,1,pge:22591
PSF-007506,Jorge Tardin,-22.251700,-42.270400,1,1,0,0,0,0,0,1,pge:22592
PSF-007507,Conquista,-22.248100,-42.651500,1,1,0,0,0,0,0,1,pge:22593
PSF-007508,Husfjellet,69.469400,17.272100,0,0,1,2,2,2,1,1,pge:22594
PSF-007509,Nip Slip,41.271000,-106.051000,0,0,0,0,0,1,2,1,pge:22595
PSF-007510,blueberry hill,41.171200,-106.054000,0,0,0,0,0,2,2,1,pge:22596
PSF-007511,jelm,41.097000,-105.977000,0,0,1,2,1,0,0,0,pge:22597
PSF-007512,battleship row,41.201000,-105.994000,0,1,2,2,1,0,0,0,pge:22598
PSF-007513,Sarpsborg - Storedal,59.231300,11.109600,0,0,0,0,2,2,1,0,pge:22599
PSF-007514,Sarpsborg - Ise,59.301000,11.243900,0,0,0,0,2,2,1,0,pge:22600
PSF-007515,Cordon - Plateau des Benets,45.918000,6.571930,0,0,0,0,0,0,0,0,pge:22601
PSF-007516,Col de la Colombiere,45.982800,6.484420,0,0,0,1,2,1,0,0,pge:22602
PSF-007517,Saint-Gervais-les-Bains - Plancert,45.891600,6.736940,0,0,0,0,0,1,2,1,pge:22603
PSF-007518,Kvænan,69.206600,17.135100,2,2,0,0,0,0,0,2,pge:22604
PSF-007519,Kaperfjellet,69.283800,17.298800,2,2,0,1,2,2,0,1,pge:22605
PSF-007520,Andre Svanfjell,69.278500,17.442700,0,2,2,1,0,2,2,1,pge:22606
PSF-007521,Segla,69.507400,17.595700,0,1,2,2,1,1,0,0,pge:22607
PSF-007522,Asmatepe Bayat,40.616500,34.246200,2,2,1,0,0,0,1,2,pge:22608
PSF-007523,Candiba,-14.456700,-42.918600,0,0,0,0,0,0,0,0,pge:22609
PSF-007524,Espanhola,-21.628900,-47.393200,0,2,2,0,0,0,0,0,pge:22610
PSF-007525,Sainte-Jalle,44.345300,5.287140,0,0,0,0,0,0,0,0,pge:22612
PSF-007526,Mikkelfjellet,69.386500,17.718400,0,0,1,2,2,1,0,0,pge:22613
PSF-007527,Ruy Sud,44.504200,5.164900,0,0,0,0,0,2,0,0,pge:22614
PSF-007528,Montagne du Poët,44.557500,5.022270,2,0,0,0,0,0,0,1,pge:22615
PSF-007529,Cap-Santé,46.678000,-71.805300,0,0,0,0,1,1,1,0,pge:22617
PSF-007530,Skattvikfjellet,69.183000,17.598000,1,0,1,2,1,0,1,2,pge:22618
PSF-007531,"Kjerringøy, Kvarven",67.509700,14.871300,0,0,0,0,2,2,2,2,pge:22619
PSF-007532,Sender Kleinerberg,47.733600,14.366600,0,0,2,2,2,2,2,0,pge:22620
PSF-007533,Little Ellis,45.601100,-110.965000,0,0,0,0,0,0,0,0,pge:22621
PSF-007534,Tete noire de Pormenaz,45.957700,6.799990,0,0,0,0,0,1,1,1,pge:22626
PSF-007535,Duas Barras - Rampa Sul,-22.044400,-42.522500,0,0,1,1,1,0,0,0,pge:22627
PSF-007536,Locos Espejos,9.055690,-76.251300,0,0,0,0,0,0,0,0,pge:22628
PSF-007537,Cachoeiras de Macacu,-22.476900,-42.641600,1,0,0,0,0,1,1,1,pge:22630
PSF-007538,Dedeköy,37.750100,27.666700,2,1,0,0,0,0,0,1,pge:22631
PSF-007539,Henningsvær,68.178200,14.226100,0,0,0,2,2,1,0,0,pge:22632
PSF-007540,Sénergues,44.637200,2.451820,0,0,0,0,0,0,2,2,pge:22633
PSF-007541,La Mounine,44.486600,1.921280,2,0,0,0,0,0,0,2,pge:22634
PSF-007542,Belvedere,45.089400,5.593640,0,0,0,0,0,0,2,0,pge:22635
PSF-007543,Saint-Maurice,45.632700,5.688470,0,0,0,0,0,0,2,2,pge:22636
PSF-007544,Ginolhac SE,44.663100,2.562260,0,0,0,2,1,1,0,0,pge:22637
PSF-007545,Cassaniouze,44.648000,2.359010,0,0,2,2,2,0,0,0,pge:22638
PSF-007546,La Tour Matagrin,45.851900,4.380830,0,2,0,0,0,0,0,0,pge:22639
PSF-007547,Widgee Bombout,-26.257000,152.382000,0,0,0,0,0,0,0,0,pge:22640
PSF-007548,Margeriaz,45.629600,6.041540,0,0,0,0,2,2,0,0,pge:22641
PSF-007549,Charmant Som,45.325100,5.765100,0,0,1,2,1,0,0,0,pge:22643
PSF-007550,Le Pierdel - Les Moquettes,43.925400,2.521160,0,0,2,0,0,0,0,0,pge:22644
PSF-007551,Le grand Plaisance Ouest,43.912700,2.573010,0,0,0,0,0,0,2,2,pge:22645
PSF-007552,Roc d'Anglars,44.143500,1.772230,2,1,0,0,0,0,0,0,pge:22646
PSF-007553,Mavrovo,41.650200,20.716200,0,2,1,0,0,0,0,0,pge:22647
PSF-007554,Struga,41.164600,20.586000,0,1,2,1,0,0,0,0,pge:22648
PSF-007555,Cley Hill,51.203100,-2.232760,0,1,0,0,0,1,1,0,pge:22649
PSF-007556,Monte Padrio,46.186000,10.231800,0,0,1,2,2,1,0,0,pge:22650
PSF-007557,Monte Peller,46.313600,10.948000,1,1,0,2,2,2,0,1,pge:22651
PSF-007558,Col du Palastre,44.695400,6.208290,0,0,0,0,2,2,0,0,pge:22652
PSF-007559,La vaca,43.258200,-3.653000,1,0,0,0,0,0,1,2,pge:22653
PSF-007560,Añelo,-38.350900,-68.866300,0,0,0,0,0,0,0,0,pge:22654
PSF-007561,La Sia,43.149300,-3.556480,0,0,0,0,0,0,0,0,pge:22655
PSF-007562,Imunia,43.154200,-3.604150,0,0,0,0,0,0,0,0,pge:22656
PSF-007563,Simon Fell (NW),54.178200,-2.378280,0,0,0,0,0,0,0,0,pge:22658
PSF-007564,Park Fell (NW),54.187900,-2.366180,0,0,0,0,0,0,0,0,pge:22659
PSF-007565,Park Fell (ENE),54.188800,-2.358630,0,0,0,0,0,0,0,0,pge:22660
PSF-007566,Whernside (SE),54.203000,-2.422400,0,0,0,0,0,0,0,0,pge:22661
PSF-007567,Rutland Airsports,52.627100,-0.608475,1,1,1,1,1,1,1,1,pge:22662
PSF-007568,Rampa do Cleiton - Rio Bananal,-19.282300,-40.410300,1,1,1,1,0,0,0,0,pge:22663
PSF-007569,Danielsweid,46.554200,7.400210,0,0,0,0,0,0,0,0,pge:22664
PSF-007570,Seewlen oben,46.473900,7.482080,0,0,0,0,0,1,2,1,pge:22665
PSF-007571,Seewlen,46.471800,7.478150,0,0,0,0,0,2,2,2,pge:22666
PSF-007572,Synshorn Via Ferrata,61.336000,8.796790,0,0,0,0,0,0,0,0,pge:22667
PSF-007573,Lonquén,-33.709700,-70.842100,0,0,0,0,0,1,2,0,pge:22668
PSF-007574,Lago Kite Surf - Asas do Vale,-20.317800,-41.619700,2,2,2,2,2,2,2,2,pge:22669
PSF-007575,Parapente GTOPIK Ventaquemada,5.347330,-73.506000,0,0,1,0,0,0,0,0,pge:22670
PSF-007576,Vlčovice,49.591500,18.171300,2,2,0,0,0,0,0,0,pge:22673
PSF-007577,Vinto,-17.356700,-66.387200,0,0,0,0,0,0,0,0,pge:22674
PSF-007578,Colomi,-17.336300,-65.894100,0,0,0,0,0,0,0,0,pge:22675
PSF-007579,Municipio Oruro,-17.936400,-67.126700,0,0,0,0,0,0,0,0,pge:22676
PSF-007580,TUTI,-17.458200,-65.858600,0,0,0,0,0,0,0,0,pge:22677
PSF-007581,Lago Kite Surf 2 - Asas do Vale,-19.921100,-41.513800,2,2,2,2,2,2,2,2,pge:22678
PSF-007582,Tapoo,32.731600,47.310600,0,0,0,0,1,2,1,0,pge:22679
PSF-007583,Santa Maria - PNMM Fêmea,-29.655000,-53.812800,0,0,0,0,1,2,0,0,pge:22680
PSF-007584,Kabir Kuh N,33.066400,47.332600,1,2,0,0,0,0,0,1,pge:22682
PSF-007585,Kabir Kuh S,33.062300,47.330000,0,0,0,1,2,1,0,0,pge:22684
PSF-007586,Pico do Pontão,-20.924500,-42.735900,2,1,0,2,2,1,0,2,pge:22685
PSF-007587,Am Hainer See/Kahnsdorf,51.151300,12.432400,0,1,2,2,0,1,2,2,pge:22686
PSF-007588,Grand Valley,44.016300,-80.324000,0,0,0,0,0,0,0,0,pge:22687
PSF-007589,Praïa Azul Nord,39.101600,-9.401380,2,0,0,0,0,0,0,1,pge:22688
PSF-007590,Croix de Chamrousse,45.127200,5.902170,2,0,0,0,0,0,2,2,pge:22689
PSF-007591,"Hemnes, Ramnfloget",66.214400,13.667300,2,0,0,0,0,2,2,2,pge:22690
PSF-007592,Jevik,43.557800,22.272100,2,2,0,0,0,0,0,1,pge:22691
PSF-007593,Vetren,43.711200,22.352100,0,0,0,0,1,2,1,0,pge:22692
PSF-007594,Niska Banja Sever,43.285300,22.008700,2,1,0,0,0,0,0,1,pge:22693
PSF-007595,Niska Banja Zapad,43.286400,22.005400,0,0,0,0,0,0,2,2,pge:22694
PSF-007596,Titel,45.258600,20.147400,0,0,0,0,2,2,2,2,pge:22695
PSF-007597,Saint-Léger-les-Mélèzes,44.635700,6.223850,0,0,0,0,0,0,0,0,pge:22696
PSF-007598,La Bâtie-Neuve,44.584100,6.235540,0,0,0,0,0,0,0,0,pge:22697
PSF-007599,St Aldhelms,50.591900,-2.060760,0,0,0,0,0,0,0,0,pge:22698
PSF-007600,Babin Zub,43.369400,22.609000,2,0,0,0,0,0,0,2,pge:22699
PSF-007601,Monte Pennino,43.098300,12.881000,1,1,1,2,2,2,2,2,pge:22700
PSF-007602,Macchialunga,43.045100,12.948800,1,0,0,0,2,2,2,2,pge:22701
PSF-007603,Positano,40.635800,14.473300,0,0,0,2,2,0,0,0,pge:22702
PSF-007604,Kronbauer,47.899500,14.076200,0,0,0,0,0,0,0,0,pge:22704
PSF-007605,Hinterstoder,47.664900,14.169700,0,0,0,0,0,0,0,0,pge:22705
PSF-007606,Niska Banja Krivi Kamen,43.276300,22.009600,0,0,0,0,1,2,0,0,pge:22706
PSF-007607,Odenac,43.537700,22.093800,0,0,0,1,2,2,0,0,pge:22707
PSF-007608,"Kallipefki, Larissa",39.964200,22.451900,0,0,0,2,2,2,0,0,pge:22708
PSF-007609,Okletac,44.103700,19.606100,0,0,0,0,2,2,0,0,pge:22709
PSF-007610,Divcibare - Crni Vrh,44.096200,19.998000,0,0,0,2,2,2,0,0,pge:22710
PSF-007611,Rudnik,44.128800,20.527000,0,0,0,2,2,2,0,0,pge:22711
PSF-007612,Krilas,44.238800,21.481600,1,0,0,0,0,0,0,2,pge:22712
PSF-007613,Stara Planina,43.390000,22.634200,0,0,0,2,2,0,0,0,pge:22713
PSF-007614,"Steigen, Engeløya, Prestkona",67.932400,15.019300,2,0,0,0,2,2,2,2,pge:22714
PSF-007615,"Alstahaug, Tvillingene",65.949700,12.552600,2,2,0,0,0,2,2,2,pge:22715
PSF-007616,"Saltdal, Bleiknes",66.941500,15.328500,2,2,0,0,0,2,2,2,pge:22716
PSF-007617,Luojiayu,39.623400,115.834000,0,0,0,0,0,0,0,0,pge:22717
PSF-007618,Gujianshan/古剑山,28.964900,106.628000,0,0,0,0,0,0,0,0,pge:22718
PSF-007619,Morro do Rangel,-23.029500,-43.487900,0,0,0,2,2,0,0,0,pge:22719
PSF-007620,Rio Rural,-22.939600,-43.629200,2,1,0,0,0,0,1,2,pge:22720
PSF-007621,novograd,50.547100,27.623100,0,0,0,0,0,0,0,0,pge:22721
PSF-007622,Akwarium,54.518100,18.558800,0,0,0,0,1,0,0,0,pge:22723
PSF-007623,Faxinal - Cerro Comprido / São Pio S,-29.580900,-53.398300,0,0,0,1,2,1,0,0,pge:22724
PSF-007624,Jaguari - Chapadão SE,-29.500900,-54.727400,0,0,1,2,1,0,0,0,pge:22725
PSF-007625,Itaara - Bernardino,-29.643000,-53.792500,0,0,0,1,1,1,0,0,pge:22726
PSF-007626,Santa Maria - Morro do José,-29.622300,-53.890600,1,1,1,1,0,0,0,0,pge:22727
PSF-007627,Pokeshaw Cliff / Air Exploration,47.767600,-65.296100,2,2,0,0,0,0,1,2,pge:22728
PSF-007628,Jaguari - Chapadão SW,-29.501400,-54.729100,0,0,0,0,1,2,1,0,pge:22729
PSF-007629,Paramotor Club,14.675700,-90.791900,0,0,0,0,0,0,0,0,pge:22730
PSF-007630,Lincoln mtn,39.173300,-104.758000,0,0,0,1,2,0,0,0,pge:22731
PSF-007631,Baie-des-Sables,48.703200,-67.926200,1,0,0,0,0,0,1,2,pge:22732
PSF-007632,Niška Banja - Crni Kamen (Presklan),43.266300,22.033000,0,0,0,1,2,1,0,0,pge:22733
PSF-007633,Paraglajding Poletište UEST,43.217400,21.577400,2,1,0,0,0,0,0,1,pge:22734
PSF-007634,Municipio Mairana,-18.097300,-63.927600,0,0,0,0,0,0,0,0,pge:22735
PSF-007635,Blomberg East,47.730700,11.512400,2,2,2,0,0,0,0,1,pge:22736
PSF-007636,Sonnberg,47.628800,11.674400,0,0,0,0,0,0,0,0,pge:22737
PSF-007637,Hörnle,47.644600,11.054000,2,0,0,0,0,0,0,1,pge:22738
PSF-007638,Sulzberg,47.744700,12.062700,0,2,0,0,0,0,0,0,pge:22739
PSF-007639,Rampoldplatte,47.724500,12.043400,0,2,2,0,0,0,2,0,pge:22740
PSF-007640,Heuberg,47.726100,12.184300,0,0,0,0,0,2,0,0,pge:22741
PSF-007641,Gatterl,47.390600,11.007700,0,0,0,1,2,2,0,0,pge:22742
PSF-007642,Pfuitjöchl,47.438200,10.852900,0,0,0,0,0,0,0,0,pge:22743
PSF-007643,Mittag,47.537300,10.218000,1,2,0,0,0,0,0,0,pge:22744
PSF-007644,Kohlbergspitze,47.437900,10.801600,0,0,0,2,2,1,0,0,pge:22745
PSF-007645,Unternberg,47.728400,12.638600,1,0,0,0,2,0,0,2,pge:22746
PSF-007646,Rauschberg,47.733000,12.687200,1,0,0,1,1,0,0,1,pge:22747
PSF-007647,Serra de Itapecerica (MG),-20.429600,-45.127500,2,2,0,0,0,0,0,0,pge:22748
PSF-007648,Loma de la cruz de Holguín,20.900300,-76.267400,2,2,1,0,0,0,0,2,pge:22750
PSF-007649,Bad Hindelang Spieser,47.527100,10.389800,0,0,0,0,0,0,0,0,pge:22751
PSF-007650,Bad Hindelang Landing,47.500200,10.367100,0,0,0,0,0,0,0,0,pge:22752
PSF-007651,Bad Hindelang Imberger Horn,47.489200,10.363000,0,0,0,0,0,0,0,0,pge:22753
PSF-007652,Nosarita,10.022000,-85.484100,2,1,0,0,0,0,0,1,pge:22754
PSF-007653,Ravana Kanda-Delthota,7.156290,80.697700,0,1,2,2,0,0,0,0,pge:22755
PSF-007654,Rampa do Banana,-23.230800,-49.903700,0,0,0,0,0,0,0,0,pge:22756
PSF-007655,Rampa da Ruvina (AVOARC),-23.261100,-49.794700,0,0,0,0,0,0,0,0,pge:22757
PSF-007656,Wintersville,40.359700,-80.702700,0,0,0,0,0,0,0,0,pge:22758
PSF-007657,Caçapava - Oscarino E,-30.501200,-53.333300,0,1,2,1,0,0,0,0,pge:22759
PSF-007658,Caçapava - Oscarino NE,-30.499400,-53.333400,0,2,1,0,0,0,0,0,pge:22760
PSF-007659,Nova Palma - Mazzardo S,-29.456900,-53.478500,0,0,0,1,2,1,0,0,pge:22761
PSF-007660,SEIFRATI,41.677700,13.872400,0,0,0,0,0,0,0,0,pge:22762
PSF-007661,Lanzarote -Orzola -Playa la Canteria,29.223300,-13.463500,1,2,2,0,0,0,0,0,pge:22765
PSF-007662,Lanzarote - Mala,29.113000,-13.479400,0,2,2,2,0,0,0,0,pge:22766
PSF-007663,Uibaí,-11.391700,-42.109400,0,0,0,0,0,0,0,0,pge:22767
PSF-007664,SCD Airport,33.172200,-86.303100,0,0,0,0,0,0,0,0,pge:22768
PSF-007665,Aggelohori,40.474500,22.835000,0,0,0,0,0,0,0,0,pge:22769
PSF-007666,Siamak M,33.334800,48.353300,2,1,0,0,0,0,0,1,pge:22770
PSF-007667,Teeno,32.896400,46.825900,0,0,0,1,2,1,1,0,pge:22771
PSF-007668,Patrocínio Christ Paragliding Ramp,-18.912600,-47.003700,0,1,2,2,0,0,0,0,pge:22772
PSF-007669,Coromandel Cruzeiro Paragliding Ramp,-18.259400,-47.095400,0,1,2,2,0,0,0,0,pge:22773
PSF-007670,Patos de Minas Paragliding Hill E/NE/SE 50m,-18.618500,-46.395400,0,2,2,2,0,0,0,0,pge:22774
PSF-007671,La S,6.897830,-75.675800,0,0,0,0,0,0,0,0,pge:22775
PSF-007672,Lagrimaña,7.012090,-75.704600,0,0,0,0,0,0,0,0,pge:22776
PSF-007673,Nevado,19.111000,-99.746200,1,1,1,0,0,0,0,0,pge:22777
PSF-007674,Santa Elena,10.004500,-85.470300,0,0,0,0,0,0,0,0,pge:22778
PSF-007675,Rampa Villafuerte,14.718700,-89.537100,0,0,0,0,0,0,0,0,pge:22779
PSF-007676,Ceta,46.396600,9.211370,0,0,1,2,1,0,0,0,pge:22780
PSF-007677,Cal Dagi Yaylasi,41.080200,34.849800,0,0,0,0,0,0,0,0,pge:22781
PSF-007678,"Suossa, San Bernardino",46.441100,9.200460,0,0,0,2,2,0,0,0,pge:22783
PSF-007679,"Bocchetta de Curciusa, San Bernardino",46.453500,9.226860,0,0,0,0,1,2,1,0,pge:22784
PSF-007680,Bocca de Rogna - San Bernardino,46.425500,9.164080,0,0,1,2,2,0,0,0,pge:22785
PSF-007681,"Confin, San Bernardino",46.460700,9.163360,0,0,1,2,2,0,0,0,pge:22786
PSF-007682,Siebach 300,47.904600,6.992250,0,0,0,0,0,0,0,0,pge:22787
PSF-007683,Praia de Palmas,-27.311100,-48.542600,0,1,2,0,0,0,0,0,pge:22788
PSF-007684,Iconha - Rampa de Solidão,-20.767300,-40.799100,0,0,0,1,1,1,0,0,pge:22789
PSF-007685,Guapimirim - Barreirinha,-22.514500,-42.985600,1,0,0,1,1,0,0,0,pge:22790
PSF-007686,Carmo - Saibreira,-21.955200,-42.557400,0,0,0,0,0,0,0,1,pge:22791
PSF-007687,Rio Bonito - Rampa Sul,-22.813300,-42.543900,0,0,0,0,1,0,0,0,pge:22792
PSF-007688,Le Col Vert,45.033400,5.599590,0,0,0,0,0,0,0,0,pge:22793
PSF-007689,Gorodilovo,53.073300,36.830500,0,0,0,0,0,0,0,0,pge:22794
PSF-007690,Paesana Pian Croesio,44.657600,7.260160,0,0,0,0,0,0,0,0,pge:22795
PSF-007691,Puerto de la Cruz,28.416100,-16.531700,2,0,0,0,0,0,0,0,pge:22796
PSF-007692,Kuybishevo (Kullu-Kaja),44.649700,33.858300,0,0,0,2,2,1,0,0,pge:22797
PSF-007693,Parapente Guatavita,4.933070,-73.903300,0,1,1,1,0,0,0,0,pge:22798
PSF-007694,Ambohitromby,-18.452700,47.161900,0,0,0,0,0,0,0,0,pge:22799
PSF-007695,Amborokely 1,-17.950300,47.120900,0,0,0,0,0,0,0,0,pge:22800
PSF-007696,Amborokely 2,-17.925600,47.109400,0,0,0,0,0,0,0,0,pge:22801
PSF-007697,Ankazobe Soaring East,-18.280400,47.142600,0,0,0,0,0,0,0,0,pge:22802
PSF-007698,Ambohimanambola,-18.974600,47.612000,0,0,0,0,0,0,0,0,pge:22803
PSF-007699,Alasora,-18.962700,47.591500,0,0,0,0,0,0,0,0,pge:22804
PSF-007700,Inflating spot,-18.879600,47.616800,0,0,0,0,0,0,0,0,pge:22805
PSF-007701,Ambohimanambola West,-18.930400,47.624700,0,0,0,0,0,0,0,0,pge:22806
PSF-007702,Ambohimanambola West,-18.930400,47.624700,0,0,0,0,0,0,0,0,pge:22807
PSF-007703,Ambondrona,-13.368700,48.211200,0,0,0,0,0,0,0,0,pge:22808
PSF-007704,Andilana,-13.288600,48.207700,0,0,0,0,0,0,0,0,pge:22809
PSF-007705,Rocher du Farihy,-19.084300,46.737900,0,0,0,0,0,0,0,0,pge:22810
PSF-007706,Route de Faratsio,-19.274000,46.790100,0,0,0,0,0,0,0,0,pge:22811
PSF-007707,Topy,-19.056600,46.712700,0,0,0,0,0,0,0,0,pge:22812
PSF-007708,Pente ecole Analavory,-18.958700,46.694400,0,0,0,0,0,0,0,0,pge:22813
PSF-007709,Caméléon,-22.097600,46.786500,0,0,0,0,0,0,0,0,pge:22814
PSF-007710,Pena Furada,37.111200,-8.903390,2,0,1,1,1,0,2,2,pge:22815
PSF-007711,WinchSpot,37.657400,-7.541940,2,1,0,1,2,1,0,1,pge:22817
PSF-007712,Kandry,54.424400,54.043300,0,0,1,2,0,1,2,0,pge:22818
PSF-007713,Karabash,54.710100,52.580400,0,0,0,1,1,1,1,0,pge:22819
PSF-007714,Chatyr-Tau,54.894400,53.192400,0,0,0,0,1,0,1,0,pge:22820
PSF-007715,Maktama,54.862100,52.477800,0,0,0,1,1,1,0,1,pge:22821
PSF-007716,Jupiter,40.612500,-111.540000,1,1,0,1,2,1,0,0,pge:22832
PSF-007717,Whale,39.507200,-111.678000,1,2,1,2,1,0,0,0,pge:22833
PSF-007718,Storsteinsfjellet,67.298000,15.342700,0,0,0,0,0,0,0,0,pge:22834
PSF-007719,Søndre nattmålstuva,67.359300,15.186300,0,0,0,0,0,0,0,0,pge:22835
PSF-007720,Castel San Giorgio,40.777900,14.657000,0,0,0,0,0,1,2,1,pge:22836
PSF-007721,Principe,45.090500,7.352750,0,1,2,2,1,0,0,0,pge:22837
PSF-007722,Cherry peak,44.963300,7.170770,0,0,1,2,0,0,0,0,pge:22838
PSF-007723,Punta Helbronner,45.846600,6.932090,0,0,0,0,0,0,0,0,pge:22839
PSF-007724,Escalera al Cielo,9.603260,-84.223900,0,0,0,0,2,2,2,0,pge:22840
PSF-007725,Mont Pelat,45.593400,6.113380,0,0,0,0,0,0,0,0,pge:22841
PSF-007726,Saint-Jean-de-la-Porte,45.560700,6.134580,0,0,0,0,0,0,0,0,pge:22842
PSF-007727,Ortner Airport,41.293800,-82.371700,0,0,0,0,0,0,0,0,pge:22843
PSF-007728,Cugn,46.169700,9.160420,0,0,2,2,1,1,0,0,pge:22845
PSF-007729,Bochèta de Vegeina,46.304100,9.147080,0,0,2,2,1,0,0,0,pge:22846
PSF-007730,Planoise NE,47.208500,5.983900,0,2,0,0,0,0,0,0,pge:22847
PSF-007731,St Paul's,-15.972100,-5.726450,1,0,0,0,2,0,0,0,pge:22850
PSF-007732,Gold Gulch,38.359200,-112.263000,2,2,0,0,0,0,0,0,pge:22851
PSF-007733,Point ot the Mountain -South side (PotM),40.457000,-111.902000,0,0,0,0,2,0,0,0,pge:22852
PSF-007734,Red Bluff,-37.956584,145.007426,0,0,0,0,0,1,0,0,pge:22856;siteguide_au:178-99
PSF-007735,Gilet,39.682000,-0.342958,0,0,0,0,0,0,0,0,pge:22857
PSF-007736,Gordon - South-East launch,-37.588410,144.082390,0,0,1,1,1,1,0,0,pge:22859;siteguide_au:187-194
PSF-007737,Ben More,-37.204200,143.430000,0,0,0,0,0,0,0,0,pge:22860
PSF-007738,Kasauli,30.898100,76.965000,0,0,0,0,0,0,0,0,pge:22861
PSF-007739,Xiulin,24.144700,121.662000,0,0,0,0,0,0,0,0,pge:22862
PSF-007740,Shijinglong Ski,40.525800,115.961000,0,0,0,0,0,0,0,0,pge:22863
PSF-007741,mt. DaQingShan,40.930300,111.719000,0,0,0,0,0,0,0,0,pge:22864
PSF-007742,Zakosi School site,43.689700,19.686900,0,0,0,0,0,0,0,0,pge:22866
PSF-007743,Anavissos paramotoring take-off site,37.731300,23.939600,0,0,0,0,0,0,0,0,pge:22867
PSF-007744,Mouriki paramotoring take-off and landing site,38.383300,23.341900,0,0,0,0,0,0,0,0,pge:22868
PSF-007745,Kandili paramotoring take-off and landing site,38.045700,23.405600,0,0,0,0,0,0,0,0,pge:22869
PSF-007746,Megara paramotoring take-off and landing site,38.053800,23.317700,0,0,0,0,0,0,0,0,pge:22870
PSF-007747,Basača,44.533600,15.136900,0,1,0,0,2,2,2,0,pge:22871
PSF-007748,San Giuliano Terme,43.777900,10.440100,0,0,0,0,0,1,2,1,pge:22872
PSF-007749,Falésias de Marataízes,-21.151800,-40.890500,0,0,1,2,1,0,0,0,pge:22874
PSF-007750,Athabasca Lookout,53.408000,-117.787000,0,0,0,0,0,0,0,0,pge:22875
PSF-007751,Atterro des Prats,43.849900,3.649570,0,0,0,0,0,0,0,0,pge:22876
PSF-007752,Cerro Colón,10.299500,-84.396300,2,1,0,0,0,0,0,1,pge:22877
PSF-007753,Laguna de Hule,10.311600,-84.204700,2,1,0,0,0,0,0,0,pge:22878
PSF-007754,Alto Palomo - Bajos del Toro,10.194500,-84.313700,1,2,2,0,0,0,0,0,pge:22879
PSF-007755,Tromsø-fjellheisen-sør,69.633700,18.989300,0,0,0,0,0,0,0,0,pge:22880
PSF-007756,Tromsø-fjellheisen-nord,69.636500,18.998700,0,0,0,0,0,0,0,0,pge:22881
PSF-007757,Rocher du diable,44.125900,5.017060,0,0,0,0,0,0,0,0,pge:22883
PSF-007758,Morro da Concha,-20.424900,-40.321000,0,0,0,0,0,0,0,0,pge:22884
PSF-007759,Dunes de Biville,49.609100,-1.842620,0,0,0,0,0,1,1,0,pge:22885
PSF-007760,Sillian - Thurntaler,46.757300,12.417000,0,0,0,2,2,2,0,0,pge:22886
PSF-007761,Tremadog,52.945200,-4.151660,0,0,0,0,0,2,0,0,pge:22887
PSF-007762,Harlech,52.861000,-4.096370,1,0,0,0,0,0,1,2,pge:22888
PSF-007763,Harlech cliff,52.844800,-4.118220,0,0,0,0,0,0,0,2,pge:22889
PSF-007764,Nant Gwrtheryrn,52.970900,-4.457490,0,0,0,0,0,0,2,2,pge:22890
PSF-007765,Cwmparc,51.644400,-3.543170,1,2,1,0,0,0,0,0,pge:22891
PSF-007766,Mynydd Machen,51.605500,-3.121920,0,2,0,1,1,0,0,0,pge:22892
PSF-007767,Skirrid,51.858500,-2.972360,0,0,0,2,0,0,0,2,pge:22893
PSF-007768,Sugar Loaf,51.845200,-3.062420,0,0,0,0,2,1,0,0,pge:22894
PSF-007769,Much Marcle,51.992300,-2.540240,0,0,0,0,0,1,1,0,pge:22895
PSF-007770,Black Hill,52.063700,-2.341850,0,0,2,0,0,0,0,0,pge:22896
PSF-007771,Elan Valley,52.327400,-3.596840,0,0,0,0,0,1,1,1,pge:22897
PSF-007772,Refugio Auronzo / Tre Cie / Drei Zinnen,46.612200,12.293600,0,0,0,2,2,2,0,0,pge:22898
PSF-007773,Sjenice,42.463200,19.324100,0,0,0,0,0,0,0,0,pge:22899
PSF-007774,Dečić,42.350500,19.356700,0,0,0,0,0,0,0,0,pge:22900
PSF-007775,Vandeuil,49.285800,3.789600,0,0,0,0,0,0,0,0,pge:22901
PSF-007776,Pasly,49.398500,3.310470,0,0,0,0,0,0,0,0,pge:22902
PSF-007777,Nalepkovo,48.851100,20.623100,0,0,0,1,1,1,0,0,pge:22903
PSF-007778,JiuHuaShan,30.598100,117.806000,0,1,2,1,0,1,2,0,pge:22905
PSF-007779,Lans-en-Vercors 200m,45.120500,5.594720,0,0,0,0,0,2,2,2,pge:22906
PSF-007780,Lans-en-Vercors 100m,45.120900,5.592610,2,2,0,0,0,0,0,2,pge:22907
PSF-007781,Les Dunes,48.154300,-69.667100,0,1,2,1,0,0,0,0,pge:22908
PSF-007782,Despegue La Fortuna Chone,-0.691007,-80.037500,0,0,0,0,1,2,1,0,pge:22909
PSF-007783,Linzhou/林州三号,35.997600,113.694000,0,0,0,0,0,0,0,0,pge:22910
PSF-007784,Åre - Morvikshummeln,63.410600,13.085000,0,0,0,0,0,0,0,0,pge:22911
PSF-007785,Åre - Skysport,63.402400,13.054900,0,0,0,0,0,0,0,0,pge:22912
PSF-007786,HuanXian,29.911900,114.815000,0,0,0,0,0,0,0,0,pge:22913
PSF-007787,Il'eshi,59.487600,29.140900,0,0,0,0,0,0,0,0,pge:22914
PSF-007788,La Pourcaresse,43.767800,3.730290,0,0,0,1,2,1,0,0,pge:22915
PSF-007789,V. Poas,10.157200,-84.227800,0,0,0,1,2,2,0,0,pge:22916
PSF-007790,Rivar,51.341200,-1.542380,0,0,0,0,0,0,0,0,pge:22918
PSF-007791,Gruve 7,78.159700,16.028200,0,0,0,0,0,0,0,2,pge:22919
PSF-007792,Sukkertoppen H&F,78.210900,15.655400,0,0,0,0,0,0,0,0,pge:22920
PSF-007793,Saint-Bérain,45.018200,3.642780,0,0,0,0,0,2,2,0,pge:22921
PSF-007794,Roche-en-Régnier,45.212300,3.931780,0,0,0,0,1,2,0,0,pge:22922
PSF-007795,Collada Cármenes,42.968900,-5.638150,0,0,0,0,0,0,0,0,pge:22926
PSF-007796,Ubiña Pequeña,43.006400,-5.957160,0,0,0,0,0,0,0,0,pge:22927
PSF-007797,Geum Oreum,33.354400,126.306000,1,1,1,1,2,1,1,1,pge:22928
PSF-007798,Rintheimer Wiese (Groundhandling only),49.022400,8.447960,2,1,2,1,2,1,2,1,pge:22929
PSF-007799,Rampa da Serra da Ventania-Miracema-RJ,-21.338400,-42.223100,0,0,0,0,0,0,0,0,pge:22930
PSF-007800,Děvín,48.867400,16.652300,0,0,2,2,0,0,0,0,pge:22931
PSF-007801,Gjirokastra,40.172600,20.169600,0,0,0,0,0,0,0,0,pge:22932
PSF-007802,Gjirokastra,40.168700,20.170600,0,0,0,0,0,0,0,0,pge:22933
PSF-007803,Jhojanes Aventura,2.435020,-76.848700,0,0,1,2,2,2,1,0,pge:22934
PSF-007804,Havnebyen Syd,55.960300,11.356700,0,0,0,0,0,0,0,0,pge:22936
PSF-007805,Stevns Klint,55.325500,12.450200,0,0,0,0,0,0,0,0,pge:22937
PSF-007806,High Lonesome (HLF),39.437700,-108.439000,0,0,2,2,1,1,2,0,pge:22938
PSF-007807,Sainte-Rose,-21.158000,55.763200,0,0,0,0,0,0,0,0,pge:22939
PSF-007808,Sundarnagar,31.516500,76.901500,0,0,0,0,0,1,2,1,pge:22940
PSF-007809,Magliano Sabina,42.359700,12.476300,0,0,0,0,0,2,0,0,pge:22942
PSF-007810,Bellon,45.729600,7.229060,0,0,0,0,0,0,0,0,pge:22943
PSF-007811,Villanueva de Algaidas,37.155400,-4.466350,2,2,0,0,0,0,0,1,pge:22944
PSF-007812,Pedra da Tartaruga,-22.369600,-42.985400,2,2,1,1,2,2,0,0,pge:22945
PSF-007813,RAMPA DE VOO LIVRE ANTÔNIO MACHADO BRUM SERRA DA PRATA,-21.636600,-42.237500,2,0,0,0,0,0,2,2,pge:22947
PSF-007814,Campo dei Fiorri,45.867500,8.763290,0,0,1,2,2,2,1,0,pge:22948
PSF-007815,Millau Plage,44.114300,3.087390,2,1,0,1,2,1,0,1,pge:22950
PSF-007816,Millau Golf,44.107900,3.086490,2,1,0,1,2,1,0,1,pge:22951
PSF-007817,Millau Graufesenque,44.099100,3.090310,1,1,0,1,2,1,0,1,pge:22952
PSF-007818,Platé,45.963900,6.707200,0,0,0,1,2,1,0,0,pge:22953
PSF-007819,Campanara,45.779400,11.502200,0,0,0,2,2,2,0,0,pge:22954
PSF-007820,"Ceresana, Cogollo del Cengio",45.804000,11.438100,0,0,0,2,2,2,0,0,pge:22955
PSF-007821,Yoav Regional Council,31.760900,34.791500,0,0,0,0,0,0,0,0,pge:22956
PSF-007822,Teddys Lookout,-38.553800,143.980000,0,0,0,1,0,0,0,0,pge:22957;siteguide_au:160-246
PSF-007823,Mudi,28.697900,83.489700,0,0,0,0,0,0,0,0,pge:22958
PSF-007824,Cleebourg,49.008400,7.867290,0,0,2,2,0,0,0,0,pge:22959
PSF-007825,Madenburg,49.160800,8.017230,0,1,2,0,0,0,0,0,pge:22960
PSF-007826,Kobylská skála,48.940800,16.911400,2,1,0,0,0,0,0,1,pge:22961
PSF-007827,Strážovice,49.014000,17.059200,0,0,0,1,2,0,0,0,pge:22962
PSF-007828,Ju wol San,34.811900,127.211000,0,0,0,0,0,0,0,0,pge:22963
PSF-007829,Lyngby Strand,56.895500,8.305300,0,0,0,0,0,0,0,0,pge:22964
PSF-007830,Treskavec,41.399500,21.534600,0,0,0,0,0,0,0,0,pge:22965
PSF-007831,Rampa de Machados,-21.674000,-43.137800,2,2,2,0,0,0,0,0,pge:22966
PSF-007832,Lake Kisaki / Kizaki / 木崎湖フライトパーク/,36.571300,137.823000,0,0,0,0,0,0,0,0,pge:22967
PSF-007833,Falzeben (Meran2000),46.677200,11.254000,0,0,0,0,0,2,2,0,pge:22968
PSF-007834,La Rampa,42.105800,1.824460,0,0,0,1,2,1,0,0,pge:22969
PSF-007835,Sunrise Beach,-26.415200,153.110200,0,0,1,0,0,0,0,0,pge:22970;siteguide_au:14-234
PSF-007836,Mont Cabanes Graissessac,43.692300,3.061490,0,0,0,2,2,0,0,0,pge:22971
PSF-007837,Joncels,43.745500,3.175680,0,0,0,2,2,0,0,0,pge:22972
PSF-007838,Pente Ecole Malbosc - Montpellier,43.629200,3.831760,2,2,2,2,2,2,2,2,pge:22973
PSF-007839,Morro d Areia,16.096600,-22.937600,0,0,0,0,0,0,0,0,pge:22974
PSF-007840,Chaves,16.113000,-22.911300,0,0,0,0,0,0,0,0,pge:22975
PSF-007841,Praia Carlotta,16.166000,-22.912600,0,0,0,0,0,0,0,0,pge:22976
PSF-007842,Cabo Santa Maria,16.210300,-22.894100,0,0,0,0,0,0,0,0,pge:22977
PSF-007843,Uli´s Spot,16.206200,-22.748300,0,0,0,0,0,0,0,0,pge:22978
PSF-007844,Ervatao,16.046100,-22.691800,0,0,0,0,0,0,0,0,pge:22979
PSF-007845,CVLY OUEST,45.454200,-72.879700,0,0,0,0,0,0,0,0,pge:22980
PSF-007846,CVLY NORD EST,45.472800,-72.857700,0,0,0,0,0,0,0,0,pge:22981
PSF-007847,CVLY NORD,45.472900,-72.858600,0,0,0,0,0,0,0,0,pge:22982
PSF-007848,Yamaska deco SUD,45.447000,-72.872500,0,0,0,0,0,0,0,0,pge:22983
PSF-007849,Boiçucanga,-23.779100,-45.637200,0,0,0,0,0,0,0,0,pge:22984
PSF-007850,Sunnyvale Baylands Kiting Park,37.413300,-121.996000,1,0,0,0,0,0,1,1,pge:22985
PSF-007851,"Windy Hill - Portola Valley, CA",37.368100,-122.249000,0,0,0,0,0,0,0,0,pge:22986
PSF-007852,el Hierro -dos Hermanas,27.733100,-18.006900,0,0,0,0,0,0,0,2,pge:22987
PSF-007853,el Hierro -las Playas,27.741100,-17.965000,0,0,0,0,1,0,0,0,pge:22988
PSF-007854,el Hierro -Malpaso (Gnd Handling only),27.728300,-18.041000,0,0,0,0,2,2,0,0,pge:22989
PSF-007855,el Hierro - Jable de Mequena,27.726300,-18.012800,0,0,0,2,2,0,0,0,pge:22990
PSF-007856,el Hierro -el Golfo (600),27.745200,-18.012300,2,0,0,0,0,0,0,1,pge:22991
PSF-007857,Teleferico,25.643100,-100.245000,1,0,0,0,0,0,1,2,pge:22992
PSF-007858,Rayones,25.105200,-99.969200,0,1,1,0,0,0,0,0,pge:22993
PSF-007859,Kup tepe 720,39.598700,26.720900,0,0,0,1,2,1,0,0,pge:22994
PSF-007860,Doyran stat,39.568500,26.712000,0,0,0,0,0,0,0,0,pge:22995
PSF-007861,Odderoya,58.132200,8.004190,0,0,0,0,0,0,0,0,pge:22996
PSF-007862,Därstetten,46.657600,7.505160,0,0,0,0,0,0,0,0,pge:22997
PSF-007863,Geeristein Ost,46.669500,7.508230,0,0,0,0,0,0,0,0,pge:22998
PSF-007864,Geeristein West,46.669500,7.501260,0,0,0,0,0,0,0,0,pge:22999
PSF-007865,Geeristein Süd,46.668000,7.501490,0,0,0,0,0,0,0,0,pge:23000
PSF-007866,Seewlen,46.657300,7.530010,0,0,0,0,0,0,0,0,pge:23001
PSF-007867,Les Bioux,46.610300,6.283380,0,0,0,0,0,0,0,0,pge:23002
PSF-007868,Les Bioux,46.619000,6.264710,0,0,0,0,0,0,0,0,pge:23003
PSF-007869,Club Argentino de Aladelta /Flyranch Bs As,-34.643100,-59.456500,0,0,0,0,0,0,0,0,pge:23004
PSF-007870,Mount Malindang Gardens of the World,8.161110,123.688000,0,0,0,0,0,0,0,0,pge:23005
PSF-007871,Mount Malindang East Landing,8.161550,123.713000,0,0,0,0,0,0,0,0,pge:23006
PSF-007872,Yaylacık Burhaniye,39.428800,27.045000,0,0,0,0,1,1,2,1,pge:23007
PSF-007873,Bahadinli Landing,39.445900,27.019800,0,0,0,0,0,0,0,0,pge:23008
PSF-007874,Adelboden Boden (Winter),46.480200,7.560000,0,0,0,0,0,0,0,0,pge:23009
PSF-007875,SFMO,-32.716300,-66.159100,0,0,0,0,0,0,0,0,pge:23011
PSF-007876,Saint-Geniez,44.253300,6.070620,0,0,0,0,0,0,0,0,pge:23012
PSF-007877,Mt Tarrengower,-36.995560,144.044860,0,0,0,0,0,0,1,0,pge:23013;siteguide_au:193-190
PSF-007878,Canangay,10.975800,123.979000,0,0,0,0,0,0,0,0,pge:23014
PSF-007879,Cebu City,10.399600,123.872000,0,0,0,0,0,0,0,0,pge:23015
PSF-007880,Parma LZ,34.447500,-119.688000,0,0,0,0,0,0,0,0,pge:23016
PSF-007881,Green Dragons Airsports - Kennel Farm,51.314700,-0.039447,0,0,0,0,0,0,0,0,pge:23017
PSF-007882,Tangano,20.570400,-100.352000,0,0,0,0,0,1,2,1,pge:23018
PSF-007883,Huimilpan,20.358300,-100.259000,0,0,0,0,0,0,1,2,pge:23019
PSF-007884,San Bernardino Chalchihuapan,18.963000,-98.360100,0,0,0,1,2,1,0,0,pge:23020
PSF-007885,Rampa do Vale Verde,-14.204000,-47.584900,0,0,0,0,0,0,0,0,pge:23022
PSF-007886,Rampa da Água Fria,-14.085200,-47.492600,0,0,0,0,0,0,0,0,pge:23023
PSF-007887,Rampa do Buracão,-14.137700,-47.669700,0,0,0,0,0,0,0,0,pge:23024
PSF-007888,Rampa da Baleia,-14.121600,-47.647300,0,0,0,0,0,0,0,0,pge:23025
PSF-007889,Morrote da Veredas,-14.272100,-47.529700,0,0,0,0,0,0,0,0,pge:23026
PSF-007890,Rampa de Formosa,-15.512000,-47.292800,1,2,2,2,1,0,0,0,pge:23027
PSF-007891,Barwon Heads (13th Beach) - PG beach launch 30W,-38.288500,144.487100,0,0,0,0,1,1,0,0,pge:23028;siteguide_au:146-248
PSF-007892,Whites Beach,-38.318200,144.349000,0,0,0,0,0,0,0,0,pge:23029
PSF-007893,Porto da Cruz Maiata,32.767000,-16.822300,0,0,0,0,0,0,0,0,pge:23030
PSF-007894,Goderich,43.727300,-81.723500,0,0,0,0,0,0,2,1,pge:23031
PSF-007895,Žepče,44.412600,18.020300,2,2,2,2,0,0,0,2,pge:23032
PSF-007896,Uphill dune (Weston-super-mare),51.329300,-2.986460,0,0,0,0,0,0,2,1,pge:23033
PSF-007897,Milk Hill White Horse,51.373000,-1.853190,0,0,0,1,2,2,1,0,pge:23034
PSF-007898,Marsbach,48.462700,13.817800,0,0,0,0,0,0,0,0,pge:23035
PSF-007899,Fly Nha Trang,12.316900,109.134000,0,0,0,0,0,0,0,0,pge:23036
PSF-007900,Serra Comprida,-10.779300,-37.352000,0,0,1,2,0,0,0,0,pge:23037
PSF-007901,Dent de Vaulion,46.684000,6.350500,0,0,0,0,0,0,0,2,pge:23038
PSF-007902,Jequiá da Praia,-10.020100,-36.013800,0,0,0,0,0,0,0,0,pge:23039
PSF-007903,Morro da Asa Delta,-15.837500,-47.865700,0,0,0,0,0,0,0,0,pge:23040
PSF-007904,Rampa de Voo Livre Céu do Cerrado,-14.427600,-46.510800,0,0,0,0,0,0,0,0,pge:23041
PSF-007905,San Antonio de Las Alazanas,25.247800,-100.569000,0,0,0,1,2,2,1,0,pge:23042
PSF-007906,Cumbre San Andres y Sauces,28.752500,-17.831400,2,2,0,0,0,0,0,0,pge:23043
PSF-007907,punta dell'aquila,45.004600,7.239860,2,2,2,1,1,0,1,1,pge:23044
PSF-007908,Carpinteria Launch,34.381500,-119.484000,0,0,0,0,0,0,0,0,pge:23048
PSF-007909,Town of Prairie du Sac,43.256400,-89.774900,0,1,2,1,0,1,2,1,pge:23049
PSF-007910,Hokah,43.766000,-91.431300,0,0,0,0,1,2,0,0,pge:23050
PSF-007911,Oak Creek,42.864900,-87.840100,0,2,2,1,0,0,0,0,pge:23051
PSF-007912,Mauston-New Lisbon Airport,43.840600,-90.140100,1,0,1,2,1,0,0,2,pge:23052
PSF-007913,4CamimosBaradero,-33.936600,-59.566100,0,0,0,0,0,0,0,0,pge:23053
PSF-007914,4Caminos Oeste,-33.921000,-59.586200,0,0,0,0,0,0,0,0,pge:23054
PSF-007915,4Caminos Norte,-33.916500,-59.555200,0,0,0,0,0,0,0,0,pge:23055
PSF-007916,4Caminos Este,-33.941300,-59.559900,0,0,0,0,0,0,0,0,pge:23056
PSF-007917,Cofrades,42.476600,-2.793870,1,0,0,0,0,0,1,2,pge:23057
PSF-007918,Cofrades W,42.470200,-2.810840,2,0,0,0,0,0,1,2,pge:23058
PSF-007919,Cerro Mirabel,42.459500,-3.017850,1,0,0,0,0,0,2,1,pge:23059
PSF-007920,Grañón,42.441700,-3.007850,0,0,0,0,0,0,0,2,pge:23060
PSF-007921,Sesma,42.466800,-2.051550,1,2,0,0,0,0,0,0,pge:23061
PSF-007922,"Villa Luca, Ansermanuevo",4.806630,-76.012300,0,0,1,2,2,2,0,0,pge:23063
PSF-007923,Mount Tapyas,12.005400,120.205000,1,2,2,0,0,0,1,1,pge:23064
PSF-007924,Loiza Spot,18.436700,-65.873000,1,2,2,0,0,0,0,0,pge:23065
PSF-007925,Tansen,27.870700,83.535900,0,0,0,0,0,0,0,0,pge:23067
PSF-007926,Roldanillo - El torre,4.395170,-76.178400,0,0,0,1,2,2,0,0,pge:23068
PSF-007927,"Roldanillo, Aguapanela",4.395600,-76.213200,0,0,0,2,2,2,0,0,pge:23069
PSF-007928,Roldanillo - El trébol,4.407420,-76.195100,0,0,2,2,1,0,0,0,pge:23070
PSF-007929,Kotabagh,29.450700,79.309200,0,0,0,0,0,0,0,0,pge:23071
PSF-007930,Thanalla Top,32.928600,75.791200,0,0,0,0,0,0,0,0,pge:23072
PSF-007931,Baka,26.255100,91.757500,0,0,0,0,0,0,0,0,pge:23073
PSF-007932,"El Brillante, San José",5.070490,-75.800400,0,0,0,1,1,1,0,0,pge:23074
PSF-007933,Risaralda -Reyes de la colina,5.129690,-75.767200,0,2,2,1,0,2,2,0,pge:23075
PSF-007934,Salton Sea,33.329200,-115.947000,1,2,2,1,0,1,2,2,pge:23077
PSF-007935,Monte Bondone 3,46.041000,11.026500,0,2,2,0,0,0,0,0,pge:23078
PSF-007936,Boos/Staudernheim,49.786600,7.714570,0,0,0,0,0,0,0,0,pge:23079
PSF-007937,Duchroth NORD,49.775400,7.722400,0,0,0,0,0,0,0,0,pge:23080
PSF-007938,Snowshoe,38.421100,-79.996600,0,0,0,0,0,0,0,0,pge:23081
PSF-007939,Donskoe,54.933800,19.957400,0,0,0,0,0,0,1,2,pge:23082
PSF-007940,Primorie,54.946700,20.028300,2,0,0,0,0,0,0,0,pge:23083
PSF-007941,Strühter Wald / Hochstetten-Dhaun,49.792600,7.512220,0,0,0,0,0,0,0,0,pge:23084
PSF-007942,Zapadny start,54.914900,19.939600,0,0,0,0,0,0,2,1,pge:23085
PSF-007943,Kulikovo,54.943600,20.296900,1,2,0,0,0,0,0,0,pge:23086
PSF-007944,Novy Start,54.954600,20.191300,1,0,0,0,0,0,0,2,pge:23087
PSF-007945,Sokolniki,54.946100,20.417400,1,0,0,0,0,0,1,2,pge:23088
PSF-007946,Povarovka,54.818400,19.957000,0,0,0,0,0,2,0,0,pge:23089
PSF-007947,Kosa,55.048500,20.666000,0,0,0,0,0,0,0,2,pge:23090
PSF-007948,Skopje - Vodno,41.965400,21.391100,2,1,0,0,0,0,0,2,pge:23091
PSF-007949,Cegrane,41.825000,20.993100,1,0,0,0,0,0,1,2,pge:23092
PSF-007950,Fins,22.871000,59.177700,2,1,1,0,0,0,0,0,pge:23093
PSF-007951,Lookout Mountain,40.864800,-108.483000,2,1,0,0,0,0,1,2,pge:23095
PSF-007952,Duffy Mountain,40.425800,-107.862000,0,0,0,0,1,2,1,0,pge:23096
PSF-007953,Para-plaine du Berry,46.957000,1.597740,0,0,0,0,0,0,0,0,pge:23097
PSF-007954,Сопка Лысая,55.083500,83.875800,0,0,0,0,0,0,0,0,pge:23098
PSF-007955,Новотроицк,53.900500,83.716900,0,0,0,0,0,0,0,0,pge:23099
PSF-007956,La Rana Roja,9.379280,-83.992000,0,0,0,0,2,2,1,0,pge:23100
PSF-007957,Volcan Arenal,10.462400,-84.700900,0,0,0,0,0,0,0,0,pge:23101
PSF-007958,HongJiaoLing International Paragliding Flight Camp,18.572900,110.111000,0,0,0,0,0,0,0,0,pge:23102
PSF-007959,Mountain of separation,61.125300,152.406000,0,0,0,0,0,0,0,0,pge:23103
PSF-007960,Mountain of love,61.136500,152.398000,0,0,0,0,0,0,0,0,pge:23104
PSF-007961,Magadan,59.547500,150.784000,0,0,0,0,0,1,2,1,pge:23105
PSF-007962,start of the Magadansky club,59.573200,151.222000,0,0,0,0,2,1,0,0,pge:23106
PSF-007963,Нюкля,59.567500,151.255000,0,0,0,0,2,0,0,0,pge:23107
PSF-007964,Нагаевская сопка,59.572500,150.763000,0,0,0,0,2,1,0,0,pge:23108
PSF-007965,Кедровый,59.528600,150.905000,0,0,0,0,0,0,0,0,pge:23109
PSF-007966,Горняк,59.554300,150.892000,0,0,0,0,0,0,0,0,pge:23110
PSF-007967,Арманский перевал,59.675400,150.632000,2,0,0,1,1,1,2,2,pge:23111
PSF-007968,800сотка,59.663300,150.589000,1,0,0,0,0,0,0,1,pge:23112
PSF-007969,Хасын,60.080100,150.833000,1,2,0,0,0,0,1,0,pge:23113
PSF-007970,Marchekan,59.511500,150.831000,0,0,0,1,1,1,1,1,pge:23114
PSF-007971,Grand,60.744000,151.901000,0,0,0,1,2,1,0,0,pge:23115
PSF-007972,Site Paramotor Tayebi,30.572300,53.107500,0,0,0,0,0,0,0,0,pge:23116
PSF-007973,Area Tanzawa,35.426900,139.205000,0,0,0,0,0,0,0,0,pge:23117
PSF-007974,Area Tanzawa,35.427700,139.198000,0,0,0,0,0,0,0,0,pge:23118
PSF-007975,Indian Valley,40.141900,-120.850000,0,0,0,0,0,0,0,0,pge:23119
PSF-007976,St Helena,38.652400,-122.620000,0,0,0,0,0,0,0,0,pge:23120
PSF-007977,Sweetwater,38.382400,-119.379000,0,0,0,0,0,0,0,0,pge:23121
PSF-007978,Lake McClure,37.712500,-120.234000,0,0,0,0,0,0,0,0,pge:23122
PSF-007979,St Helena,38.667600,-122.628000,0,0,0,0,0,0,0,0,pge:23123
PSF-007980,GOIANASES - NE L,-20.723500,-47.019200,0,0,0,0,0,0,0,0,pge:23124
PSF-007981,Rampa do Café - L SE,-20.526200,-46.994100,0,0,0,0,0,0,0,0,pge:23125
PSF-007982,Mano de Gigante,2.420800,-75.486900,2,1,0,1,2,2,2,2,pge:23126
PSF-007983,Le Grand Mas,44.502200,2.505530,0,0,0,0,0,0,0,0,pge:23127
PSF-007984,Atterrissage Grand Mas,44.509800,2.507170,0,0,0,0,0,0,0,0,pge:23128
PSF-007985,decollage Balsac,44.413600,2.436270,0,0,0,0,0,0,0,0,pge:23129
PSF-007986,Atterrissage Balsac,44.408200,2.429240,0,0,0,0,0,0,0,0,pge:23130
PSF-007987,Décollage de Cassagne,44.433900,2.400670,0,0,0,0,0,0,0,0,pge:23131
PSF-007988,attérissage de Clairvaux-d'Aveyron,44.429300,2.411030,0,0,0,0,0,0,0,0,pge:23132
PSF-007989,Décollage de Recoules,44.343300,2.994470,0,0,0,0,0,0,0,0,pge:23133
PSF-007990,Atterrissage de Recoules,44.346700,2.989910,0,0,0,0,0,0,0,0,pge:23134
PSF-007991,Décollage de Lavernhe,44.325700,3.004480,0,0,0,0,0,0,0,0,pge:23136
PSF-007992,El Pobo,40.537100,-0.913629,0,0,0,0,0,2,2,2,pge:23137
PSF-007993,Nadur,36.036700,14.291100,0,0,0,0,2,0,0,0,pge:23138
PSF-007994,Villarroya de los Pinares (Alas),40.516100,-0.629300,0,0,0,0,0,1,2,1,pge:23139
PSF-007995,Villarroya de los Pinares (Parapente),40.518300,-0.630121,0,0,0,0,0,1,2,1,pge:23140
PSF-007996,prati del piz,46.169400,10.965900,0,1,2,2,2,1,1,0,pge:23141
PSF-007997,Chita Tafresh,34.737000,50.022400,0,0,0,0,0,0,0,0,pge:23142
PSF-007998,Hisarcik Kule,40.465600,29.929700,0,0,0,0,0,0,0,0,pge:23143
PSF-007999,El Cubilete,21.004600,-101.371000,0,0,0,0,1,2,1,0,pge:23144
PSF-008000,Cacchiporra,-50.307500,-71.778500,0,0,0,0,0,0,0,0,pge:23145
PSF-008001,Cerro Moyano,-50.448400,-72.391200,0,0,0,0,0,0,0,0,pge:23146
PSF-008002,Los Alamos,-49.527500,-72.344300,0,0,0,0,0,0,0,0,pge:23147
PSF-008003,Cerro Polo,-49.254800,-72.927400,0,0,0,0,0,0,0,0,pge:23148
PSF-008004,La Popa,26.156300,-100.779000,0,1,1,0,0,0,0,0,pge:23149
PSF-008005,Chita Estalakhjan,36.930700,49.537700,0,0,0,0,0,0,0,0,pge:23150
PSF-008006,Laturce,42.353600,-2.407670,1,2,0,0,0,0,0,0,pge:23152
PSF-008007,Kandaura,41.692500,45.583800,0,0,0,0,2,0,0,0,pge:23153
PSF-008008,Manavi Tsivi,41.779500,45.450200,0,0,0,1,2,0,0,0,pge:23154
PSF-008009,Lalisquri,42.099200,45.418000,0,0,0,1,2,1,0,0,pge:23155
PSF-008010,Hormilleja,42.464500,-2.733850,0,2,2,0,0,0,0,0,pge:23156
PSF-008011,Højerup Kirke,55.277200,12.444800,0,0,0,0,0,0,0,0,pge:23157
PSF-008012,Bahía Ballena,9.211140,-83.772100,0,0,0,0,2,2,1,0,pge:23158
PSF-008013,Trepa Trepa,20.761500,-102.610000,0,0,0,0,0,0,1,0,pge:23159
PSF-008014,Atotonilco,20.559300,-102.554000,0,0,0,0,1,2,0,0,pge:23160
PSF-008015,Margariti,39.374600,20.440700,0,0,0,0,0,2,2,1,pge:23161
PSF-008016,Olimpiada,40.571400,21.560500,0,0,0,0,0,0,0,0,pge:23162
PSF-008017,Rampa Evandro Bussolaro - Rosário Oeste,-14.842900,-56.575100,0,0,0,0,0,0,0,0,pge:23163
PSF-008018,Rampa do Marcão - Pisca - Lago do Manso,-15.022700,-55.699100,0,0,0,0,0,0,0,0,pge:23164
PSF-008019,Rampa do Japa - Pisca - Lago do Manso,-15.025700,-55.704300,0,0,0,0,0,0,0,0,pge:23165
PSF-008020,Sonnerup Strand,55.952600,11.511700,0,0,0,0,0,0,0,0,pge:23166
PSF-008021,FSV - Optræk,55.769100,12.325100,0,0,0,0,0,0,0,0,pge:23167
PSF-008022,Bøgeskoven,55.364300,12.420300,0,0,0,0,0,0,0,0,pge:23168
PSF-008023,Schellenberg,47.244400,9.567850,0,0,0,0,0,0,0,0,pge:23169
PSF-008024,Bazora,47.189100,9.625230,0,0,0,0,0,0,0,0,pge:23170
PSF-008025,Stevns - H&F,55.304500,12.446200,0,0,0,0,0,0,0,0,pge:23171
PSF-008026,Palmar Norte,9.000070,-83.472800,0,0,0,0,2,2,1,0,pge:23172
PSF-008027,Ebbeløkke,55.959700,11.471800,0,0,0,0,0,0,0,0,pge:23173
PSF-008028,Geno Paraglider Landing Site,27.349800,56.154200,0,0,0,0,0,0,0,0,pge:23174
PSF-008029,Geno Madrese,27.362400,56.154800,0,0,1,2,2,1,0,0,pge:23177
PSF-008030,Pardi,27.463600,54.304500,0,0,1,2,2,2,1,0,pge:23178
PSF-008031,Segh,27.817100,56.386600,0,0,1,2,2,2,1,0,pge:23179
PSF-008032,Petrolina-PE,-9.232740,-40.690000,0,0,0,0,0,0,0,0,pge:23180
PSF-008033,SKY RIVER,6.234330,-73.896500,2,0,0,0,0,1,1,2,pge:23181
PSF-008034,Rampa Sobradinho,-9.404740,-40.811600,0,0,0,0,0,0,0,0,pge:23182
PSF-008035,Zapotal,10.017600,-85.290300,0,0,0,0,0,0,0,0,pge:23183
PSF-008036,Pereval Zarkiy,61.812200,153.298000,0,0,0,0,0,0,0,0,pge:23184
PSF-008037,Palatka,60.144200,151.064000,0,0,0,1,2,1,0,0,pge:23185
PSF-008038,Gundowring (Savhill) - SW-NW launch,-36.395511,147.090228,1,0,0,0,1,1,0,1,pge:23186;siteguide_au:219-186
PSF-008039,Fujimi,35.908900,138.185000,0,0,0,0,0,0,0,0,pge:23187
PSF-008040,San Raffaele Cimena,45.155500,7.860860,0,0,0,1,2,2,1,0,pge:23188
PSF-008041,Prats,42.213200,1.373390,0,0,0,1,2,2,0,0,pge:23189
PSF-008042,Zuccul Supigna,46.146900,12.608900,0,0,0,0,0,0,0,0,pge:23190
PSF-008043,Verdens Ende,55.737900,11.856500,0,0,0,0,0,0,0,0,pge:23191
PSF-008044,Kyndeløse,55.714900,11.846900,0,0,0,0,0,0,0,0,pge:23192
PSF-008045,TianMeng  Mountain,35.474900,118.041000,2,2,2,2,2,2,2,2,pge:23193
PSF-008046,AbShirin Ridge,27.616200,56.220600,0,0,0,2,2,2,0,0,pge:23194
PSF-008047,Naz Island East,26.826100,56.113800,0,0,0,0,0,0,0,0,pge:23195
PSF-008048,Naz Island West,26.808100,56.093900,0,0,0,0,0,0,0,0,pge:23196
PSF-008049,Kuh Sefid,26.935500,54.386900,0,0,0,2,2,2,0,0,pge:23197
PSF-008050,Big Lew's Launch,45.717100,-110.971000,0,0,0,0,0,0,0,0,pge:23198
PSF-008051,Club Asociacion Parapentes Junin,-34.655600,-61.042300,0,0,0,0,0,0,0,0,pge:23199
PSF-008052,Zobrana,48.885800,21.349500,0,0,0,2,1,1,0,0,pge:23200
PSF-008053,Parapentes Junin,-34.655400,-61.043200,0,0,0,0,0,0,0,0,pge:23201
PSF-008054,Hyllingebjerg,56.005600,11.938400,0,0,0,0,0,0,0,0,pge:23202
PSF-008055,Tisvildeleje,56.060400,12.068400,0,0,0,0,0,0,0,0,pge:23203
PSF-008056,Vedersø Klit,56.274800,8.128290,0,0,0,0,0,0,0,0,pge:23204
PSF-008057,Lyngby Strand,56.891100,8.300750,0,0,0,0,0,0,0,0,pge:23205
PSF-008058,Кликач,41.929600,22.911800,0,0,2,2,1,0,0,0,pge:23206
PSF-008059,SayadShirazi (Varche) | ورچه,33.770200,49.893000,0,1,2,1,0,0,0,0,pge:23207
PSF-008060,Hellesklint,55.728500,10.912600,0,0,0,0,0,0,0,0,pge:23208
PSF-008061,Kulhuse,55.927700,11.905200,0,0,0,0,0,0,0,0,pge:23209
PSF-008062,Klinten Strand,55.854800,12.045200,0,0,0,0,0,0,0,0,pge:23210
PSF-008063,Las Virtudes,9.991140,-83.741800,0,1,2,1,0,0,0,0,pge:23211
PSF-008064,Møns Klint,54.952200,12.546400,0,0,0,0,0,0,0,0,pge:23212
PSF-008065,Hvideklint,54.936500,12.280100,0,0,0,0,0,0,0,0,pge:23213
PSF-008066,Kamae,32.810100,131.967000,0,0,0,2,2,2,0,0,pge:23214
PSF-008067,Vånsjö,59.746600,17.092500,0,2,2,1,0,2,2,1,pge:23215
PSF-008068,Bäckviken,55.892500,12.716200,0,0,0,0,0,0,0,0,pge:23216
PSF-008069,Fécamp Val St Nicolas,49.771100,0.388223,0,0,0,0,0,0,0,2,pge:23217
PSF-008070,Életot,49.787600,0.435044,0,0,0,0,0,0,0,2,pge:23218
PSF-008071,Bielli,45.785900,11.634300,0,0,0,0,0,0,0,0,pge:23219
PSF-008072,Possagno Vedetta Mandria,45.881900,11.841200,0,0,0,0,0,0,0,0,pge:23220
PSF-008073,Possagno Il Piz,45.884000,11.850200,0,0,0,0,0,0,0,0,pge:23221
PSF-008074,Valdobbiadene Colonia,45.916500,12.011600,0,0,0,0,2,1,0,0,pge:23222
PSF-008075,Miane Budui,45.946800,12.060700,0,0,0,0,1,2,0,0,pge:23223
PSF-008076,Col Visentin,46.055700,12.282300,0,0,1,1,0,1,1,0,pge:23224
PSF-008077,Fregona Pizzoc,46.042700,12.340300,0,0,0,1,0,1,0,0,pge:23225
PSF-008078,Belluno Monte Serva,46.200500,12.231200,0,0,0,1,1,1,0,0,pge:23226
PSF-008079,Nishiharadai,31.178600,130.776000,0,0,0,0,0,1,2,1,pge:23227
PSF-008080,Pesada PPG Agios Pavlos,38.118100,20.578700,0,0,0,0,0,0,0,0,pge:23228
PSF-008081,PPG Kampos Agiou Gerasimou,38.167500,20.585300,0,0,0,0,0,0,0,0,pge:23229
PSF-008082,Observatory Paragliding,38.166800,20.615800,0,0,0,0,0,0,0,0,pge:23230
PSF-008083,Mouda Beach PPG+PG,38.059100,20.787000,0,0,0,0,0,0,0,0,pge:23231
PSF-008084,Avithos PPG+PG,38.104700,20.529100,0,0,0,0,0,0,0,0,pge:23232
PSF-008085,Avithos2 PG+PPG,38.104600,20.532300,0,0,0,0,0,0,0,0,pge:23233
PSF-008086,Skala Beach PPG,38.072900,20.800500,0,0,0,0,0,0,0,0,pge:23234
PSF-008087,ΜΟΝΗ ΣΙΣΙΩΝ  Paramotor,38.101100,20.659500,0,0,0,0,0,0,0,0,pge:23235
PSF-008088,Mizuj,36.416600,50.121400,0,0,1,2,2,2,0,0,pge:23236
PSF-008089,Ali Younes,36.389000,50.228100,0,0,0,0,0,0,0,0,pge:23237
PSF-008090,Alamut Eagles,36.382900,50.213400,0,0,0,0,0,0,0,0,pge:23240
PSF-008091,Aying,47.965100,11.771300,0,0,0,0,0,0,0,0,pge:23241
PSF-008092,mraya.skyriders,37.286800,9.768970,0,0,0,2,2,2,0,0,pge:23242
PSF-008093,Mount Bromo,-7.934630,112.948000,0,0,0,0,0,0,0,0,pge:23243
PSF-008094,Laram,34.790200,71.960100,0,0,0,2,2,2,0,0,pge:23244
PSF-008095,Krania,39.226200,20.750800,0,1,2,1,0,0,0,0,pge:23245
PSF-008096,Huta,50.332600,16.545600,0,2,1,0,0,0,0,0,pge:23246
PSF-008097,Mt.MingyueShan/明月山,27.607200,114.237000,0,0,0,0,0,0,0,0,pge:23247
PSF-008098,Adams Friendship Airport,43.963700,-89.793500,1,2,1,2,1,2,2,2,pge:23248
PSF-008099,Klintebjerg,55.960900,11.581500,0,0,0,0,0,0,0,0,pge:23249
PSF-008100,Airlider Paramotor,-35.048200,-58.152400,0,0,0,0,0,0,0,0,pge:23250
PSF-008101,Kleinkummerfeld,54.026500,10.078200,0,0,0,0,0,0,0,0,pge:23251
PSF-008102,Jujak Mt'(주작산),34.505600,126.699000,0,0,0,0,0,0,0,0,pge:23252
PSF-008103,Galdhøpiggen,61.630300,8.363490,0,0,0,0,0,0,0,0,pge:23253
PSF-008104,La croix du Dan,46.827300,5.705310,0,0,0,0,0,0,0,0,pge:23255
PSF-008105,EPZP PRZYLEP - ZIELONA GÓRA,51.978900,15.463700,1,2,1,2,1,2,1,2,pge:23257
PSF-008106,Ha Ling,51.060200,-115.398000,0,0,0,0,0,0,0,0,pge:23258
PSF-008107,Grotto Mountain,51.095200,-115.288000,0,0,0,0,0,0,0,0,pge:23259
PSF-008108,Zieleniec,50.335700,16.381000,0,2,1,0,0,0,0,0,pge:23260
PSF-008109,Atitlán Volcano,14.583300,-91.185600,1,2,1,2,1,1,1,1,pge:23261
PSF-008110,Laguna Seca,-32.904500,-71.201800,0,0,0,0,0,0,0,0,pge:23262
PSF-008111,Despegue 1 Pataguas,-32.901600,-71.187200,0,0,0,0,0,0,0,0,pge:23263
PSF-008112,Hirzer Mittelstation,46.725900,11.231300,0,0,0,0,0,0,0,0,pge:23264
PSF-008113,Siones,43.324600,-5.959840,2,2,0,0,0,0,0,1,pge:23265
PSF-008114,San Andres Panajachel,14.737300,-91.142600,0,0,0,2,2,1,0,0,pge:23266
PSF-008115,Gulbene,57.159200,26.802300,0,0,0,0,0,0,0,0,pge:23268
PSF-008116,Vonadziņi boat winch,57.253000,26.895300,0,0,0,0,0,0,0,0,pge:23269
PSF-008117,Darab- Azarakhsh,28.851500,54.573000,0,0,2,2,2,2,2,0,pge:23270
PSF-008118,Bandar Abbas Paragliders Ground Handling Site,27.186000,56.333000,0,0,0,0,0,0,0,0,pge:23271
PSF-008119,Pico do Capivari,-25.122600,-48.822400,2,2,2,2,2,1,2,2,pge:23273
PSF-008120,ZFS Bruggerstube,47.181300,11.870400,0,0,0,0,0,0,0,0,pge:23274
PSF-008121,Nymindegab,55.845300,8.163250,0,0,0,0,0,0,0,0,pge:23276
PSF-008122,Bækbygård,56.194000,8.126190,0,0,0,0,0,0,0,0,pge:23277
PSF-008123,St Llorenc,41.865900,0.818445,0,0,2,2,2,0,0,0,pge:23278
PSF-008124,Aeroclub Las Varillas,-31.889800,-62.707000,2,2,0,2,2,0,0,0,pge:23279
PSF-008125,takeoff Heydarloo,37.457800,45.014500,0,1,2,1,0,0,0,0,pge:23280
PSF-008126,Nekselø,55.781000,11.284600,0,0,0,0,0,0,0,0,pge:23281
PSF-008127,Kawagutiko,35.535500,138.733000,0,0,0,2,2,2,0,0,pge:23282
PSF-008128,Yeppoon,-23.127000,150.749000,0,0,0,0,0,0,0,0,pge:23283
PSF-008129,Kemp hill,-23.181700,150.799000,0,0,0,0,0,0,0,0,pge:23284
PSF-008130,Kärkölän varjoliito,60.863700,25.142700,0,0,0,0,0,0,0,0,pge:23285
PSF-008131,Khabarovsk,48.553200,135.017000,0,0,0,0,0,1,2,1,pge:23286
PSF-008132,South start,48.529300,135.019000,0,0,0,0,2,2,1,0,pge:23287
PSF-008133,Taddiford gap,50.729900,-1.630580,0,0,0,0,2,2,0,0,pge:23288
PSF-008134,Stigsbacken,55.391600,14.034500,0,0,0,0,0,0,0,0,pge:23289
PSF-008135,Lac-au-Saumon,48.445700,-67.346800,0,0,0,0,1,2,1,0,pge:23290
PSF-008136,Amqui,48.452900,-67.372900,0,0,0,2,1,0,0,0,pge:23291
PSF-008137,Saint-Fulgence,48.443600,-70.900000,0,0,1,1,1,2,1,0,pge:23292
PSF-008138,Heiligkreuz,46.942700,8.057820,0,0,0,0,0,0,0,0,pge:23293
PSF-008139,Cerro Pelón,9.314610,-83.530600,0,0,0,1,1,2,1,1,pge:23294
PSF-008140,Parapente Esmeralda,6.305110,-75.231200,0,1,2,1,0,0,0,0,pge:23295
PSF-008141,GTOPIK AIR SPORTS,6.288060,-75.115400,1,2,2,2,2,2,2,1,pge:23296
PSF-008142,Huty,49.249600,19.572100,0,1,1,1,0,0,0,0,pge:23297
PSF-008143,Castejón,42.556400,-2.987810,1,2,1,0,0,0,0,0,pge:23298
PSF-008144,Javello,43.961600,11.088000,0,0,0,0,1,2,2,1,pge:23299
PSF-008145,Ucan_Sef Durağan Olukbaşı Takeoff,41.387400,35.015300,0,0,0,0,0,0,0,0,pge:23300
PSF-008146,Durağan Buzluk Umuttepe Takeoff,41.491900,35.130000,0,0,0,0,0,0,0,0,pge:23301
PSF-008147,Arbas Cornudère,42.958000,0.890772,0,0,0,0,0,0,0,0,pge:23303
PSF-008148,Arbas Herran (Michel Belaygue),42.960200,0.912509,0,0,0,0,0,0,0,0,pge:23304
PSF-008149,Arbas Relais,43.007300,0.918882,0,0,0,0,0,0,0,0,pge:23305
PSF-008150,Take-off Talvena,46.181200,12.160500,0,0,0,0,0,0,0,0,pge:23306
PSF-008151,Mt Flo,-21.921700,166.013000,0,0,0,0,0,0,0,0,pge:23309
PSF-008152,mt.wansuishan,41.215300,124.141000,0,0,0,0,0,0,0,0,pge:23310
PSF-008153,Town of Greece,43.303600,-77.716600,0,0,0,0,0,0,0,0,pge:23311
PSF-008154,Bassano - Colle Campeggia,45.837400,11.748900,0,0,0,2,2,0,0,0,pge:23312
PSF-008155,Lotniskowiec Małuszów,51.106900,16.165100,0,0,0,0,0,0,0,0,pge:23313
PSF-008156,Firladeni,46.785100,29.287000,0,0,0,0,0,0,0,0,pge:23314
PSF-008157,Bukit Panau Paragliding Park,5.893570,102.176000,0,0,0,0,0,0,0,0,pge:23315
PSF-008158,Burhaniye Taylieli,39.460800,26.922400,2,2,0,0,0,0,0,1,pge:23316
PSF-008159,Taylieli Burhaniye,39.461700,26.926400,1,2,0,0,0,0,0,1,pge:23317
PSF-008160,Lazarevo,48.226200,132.469000,0,0,0,0,0,0,0,0,pge:23318
PSF-008161,Sereduha,48.143800,132.326000,0,0,0,0,0,0,0,0,pge:23319
PSF-008162,San Donato - Forca d'Acero,41.736400,13.808700,0,0,0,2,0,0,0,0,pge:23320
PSF-008163,Elk Mound,44.785400,-91.751400,2,1,2,1,2,1,2,1,pge:23321
PSF-008164,Blomberg North,47.734600,11.506600,0,0,0,0,0,0,0,0,pge:23322
PSF-008165,Rushford,43.810600,-91.758600,0,0,0,2,1,0,0,0,pge:23323
PSF-008166,Skylancing,-8.895130,116.192000,0,0,0,0,0,0,0,0,pge:23324
PSF-008167,Areguling,-8.898530,116.243000,0,0,0,0,0,0,0,0,pge:23325
PSF-008168,Prabu hill,-8.901870,116.270000,0,0,0,0,0,0,0,0,pge:23326
PSF-008169,Klinteby Klint,55.189200,11.588400,0,0,0,0,0,0,0,0,pge:23327
PSF-008170,Reersø,55.533900,11.089300,0,0,0,0,0,0,0,0,pge:23328
PSF-008171,Bjerge Strand,55.570500,11.157800,0,0,0,0,0,0,0,0,pge:23329
PSF-008172,Hintereck,48.049000,8.124140,0,0,0,0,0,0,0,0,pge:23330
PSF-008173,Cosmos,44.906800,-94.869500,0,0,0,0,0,0,0,0,pge:23331
PSF-008174,Cosmos,44.906800,-94.799200,0,0,0,0,0,0,0,0,pge:23332
PSF-008175,Cosmos,44.964800,-94.737800,0,0,0,0,0,0,0,0,pge:23333
PSF-008176,Cosmos,45.011000,-94.798400,0,0,0,0,0,0,0,0,pge:23334
PSF-008177,Boscombe cliffs,50.721400,-1.831870,0,0,0,1,2,1,0,0,pge:23335
PSF-008178,Kleinmond,-34.328200,19.028100,0,0,0,0,2,2,0,0,pge:23336
PSF-008179,Kardoesie SW,-32.643200,18.953100,0,0,0,0,2,2,0,0,pge:23337
PSF-008180,Kardoesie NW,-32.631700,18.946000,0,0,0,0,0,0,2,2,pge:23338
PSF-008181,Talamone,42.551800,11.167900,0,0,0,0,2,1,1,0,pge:23339
PSF-008182,Castello belvedere,41.846800,12.893500,0,0,0,0,0,1,2,1,pge:23340
PSF-008183,ByeokDo San,35.806500,129.160000,0,0,0,0,0,0,0,0,pge:23342
PSF-008184,ByeokDo San,35.806500,129.160000,0,0,0,0,0,0,0,0,pge:23343
PSF-008185,ByeokDo San,35.806500,129.160000,0,0,0,0,0,0,0,0,pge:23345
PSF-008186,ByeokDo San,35.806500,129.160000,0,0,0,0,0,0,0,0,pge:23346
PSF-008187,ByeokDo San,35.806500,129.160000,0,0,0,0,0,0,0,0,pge:23347
PSF-008188,ByeokDo San,35.806500,129.160000,0,0,0,0,0,0,0,0,pge:23348
PSF-008189,ByeokDo San,35.806500,129.160000,0,0,0,0,0,0,0,0,pge:23349
PSF-008190,ByeokDo San,35.806500,129.160000,0,0,0,0,0,0,0,0,pge:23350
PSF-008191,Bongrae San,35.081900,129.055000,0,0,0,0,0,0,0,0,pge:23351
PSF-008192,Orangdae,35.205400,129.227000,0,0,0,0,0,0,0,0,pge:23352
PSF-008193,"Le Rocchine, Serravalle Pistoiese",43.865700,10.882000,1,2,0,0,0,0,0,0,pge:23353
PSF-008194,Ovčín,50.014600,16.522300,0,0,0,0,0,0,0,0,pge:23355
PSF-008195,Buková hora,50.007500,16.709200,0,0,0,0,0,0,0,0,pge:23356
PSF-008196,Ciampinoi,46.539400,11.753100,0,0,0,0,0,0,0,0,pge:23357
PSF-008197,Damníkov SE,49.877500,16.523100,0,0,0,0,0,0,0,0,pge:23358
PSF-008198,Saint-Martin-aux-Buneaux,49.842900,0.558296,0,0,0,0,0,0,1,1,pge:23359
PSF-008199,Saint-Pierre-en-Port bas,49.808500,0.487958,0,0,0,0,0,0,0,1,pge:23360
PSF-008200,Saint-Pierre-en-Port haut,49.810600,0.491145,0,0,0,0,0,0,0,0,pge:23361
PSF-008201,Bénouville - Valleuse du curé,49.722800,0.252530,0,0,0,0,0,0,1,2,pge:23362
PSF-008202,Ganzeville - Pente-ecole,49.727100,0.405408,0,2,0,1,0,0,0,1,pge:23363
PSF-008203,Chal Homa | چالهما,33.802800,49.291400,0,0,0,0,0,2,0,0,pge:23365
PSF-008204,Pedra do Relógio,-21.398600,-42.966300,0,0,0,0,0,0,0,0,pge:23367
PSF-008205,Platanares,9.127450,-83.628900,0,0,0,0,0,0,0,0,pge:23368
PSF-008206,DÉMNA.skyriders,37.257400,10.054900,2,0,0,0,0,0,0,2,pge:23370
PSF-008207,Sidi Bouchoucha.skyriders,37.253200,10.060200,2,0,0,0,0,0,0,1,pge:23373
PSF-008208,MIRAAA skyriders,37.088700,8.995490,2,0,0,0,0,0,0,2,pge:23374
PSF-008209,CAP NÉGRO .skyriders,37.107000,8.987470,2,2,0,0,0,0,0,2,pge:23375
PSF-008210,zag ..skyriders,36.379400,10.111900,0,0,0,0,0,0,0,0,pge:23378
PSF-008211,Houma ... skyridres,36.613200,10.333000,0,0,0,0,0,0,0,0,pge:23379
PSF-008212,skyriders kobros,36.788700,10.556300,0,0,0,0,0,0,0,0,pge:23380
PSF-008213,waga..skyriders,36.893900,10.738400,0,0,0,0,0,0,0,0,pge:23381
PSF-008214,Sidi Abd Mekki.. skyriders,36.791200,10.758700,0,0,0,2,0,0,0,0,pge:23382
PSF-008215,El Haouaria. .skyriders,37.071400,11.041600,0,0,0,0,0,0,0,0,pge:23383
PSF-008216,mona skyriders,35.783700,10.810200,0,0,0,0,0,0,0,0,pge:23384
PSF-008217,boulahnach..skyriders,35.708500,8.698500,0,0,0,0,0,0,0,0,pge:23387
PSF-008218,Guermessa skyriders,32.987100,10.251300,0,0,1,2,1,0,0,0,pge:23391
PSF-008219,tata ...skyridres,32.943600,10.838400,0,0,0,0,0,0,0,0,pge:23392
PSF-008220,Zamza.skyriders,33.273100,10.182600,0,0,0,0,0,0,0,0,pge:23393
PSF-008221,zamour.skyriders,33.277600,10.194000,0,0,0,0,0,0,0,0,pge:23394
PSF-008222,skyriders  sans nom,33.282700,10.236800,0,0,0,0,0,0,0,0,pge:23395
PSF-008223,Gabès.... skyriderstunisia.,33.382800,10.147400,0,0,0,0,0,0,0,0,pge:23396
PSF-008224,toujane skyriders,33.479700,10.120300,0,0,0,0,0,0,0,0,pge:23397
PSF-008225,El Mahassen repère de skyriders,34.035000,8.280600,0,0,0,0,0,0,0,0,pge:23398
PSF-008226,errdaif skyriders spot,34.363400,8.098910,0,0,0,0,0,0,0,0,pge:23399
PSF-008227,le Mont rsass skyriders,36.610500,10.336100,0,0,0,0,0,0,0,0,pge:23401
PSF-008228,Beni Ouff,37.319700,9.788290,2,1,0,0,0,0,0,1,pge:23403
PSF-008229,Nelidovo,55.974500,36.004900,0,0,0,0,0,0,0,0,pge:23404
PSF-008230,سایت پروازی ترکان ماکو,39.235100,44.444300,0,0,0,0,0,0,0,0,pge:23405
PSF-008231,Gerdoo | گردو,34.052500,49.676800,1,2,0,0,1,2,0,0,pge:23406
PSF-008232,Bonassola,44.199200,9.592370,0,0,0,0,1,2,1,0,pge:23407
PSF-008233,Monte San Nicolao,44.253700,9.570420,0,0,0,0,1,2,1,0,pge:23408
PSF-008234,Riva Ginestra,44.259400,9.410310,0,0,1,2,1,0,0,0,pge:23409
PSF-008235,Riva Renà,44.244800,9.442280,0,0,0,0,1,2,1,0,pge:23410
PSF-008236,شهباز | Shahbaz,33.847600,49.424900,0,0,0,0,1,2,1,0,pge:23411
PSF-008237,ارگن امان آباد | Argan,34.016200,49.889300,0,0,0,0,0,0,0,0,pge:23412
PSF-008238,نظم آباد | Nazm Abad,34.037200,49.744200,0,0,0,0,0,0,0,0,pge:23413
PSF-008239,DESERT MOUNTAIN OLD SCHOOL HG/PG LAUNCH,48.426600,-113.966000,2,1,0,0,0,1,2,2,pge:23414
PSF-008240,Volcán Ceboruco,21.106000,-104.503000,0,0,0,1,2,0,0,0,pge:23416
PSF-008241,Tecuitata,21.468600,-105.161000,0,0,0,0,0,1,2,1,pge:23417
PSF-008242,Rock Canyon,40.269500,-111.625000,0,0,0,0,0,0,0,0,pge:23418
PSF-008243,Buffalo,40.284100,-111.614000,0,0,0,0,0,0,0,0,pge:23419
PSF-008244,Two Trees,40.594300,-111.653000,0,0,0,0,0,0,0,0,pge:23420
PSF-008245,Cherry,40.516800,-111.817000,0,0,0,0,0,0,0,0,pge:23421
PSF-008246,The Dunes,48.968700,-115.142000,2,0,0,0,0,1,2,2,pge:23422
PSF-008247,Many Feathers Paragliding Meat collection launch,48.784600,-115.245000,2,0,0,0,1,2,2,2,pge:23424
PSF-008248,Many Feathers Paralgiding School Launch,48.258300,-115.235000,2,2,2,2,2,1,1,1,pge:23425
PSF-008249,Many Feathers Paragliding School  bunny hill launch,48.401900,-115.296000,1,1,1,1,1,1,1,1,pge:23426
PSF-008250,Many Feathers Paragliding School Launch,48.182600,-114.966000,0,0,1,2,2,2,1,0,pge:23427
PSF-008251,Many Feathers Paragliding Launch,48.578100,-114.430000,1,0,0,0,1,2,2,2,pge:23428
PSF-008252,Bar Z mtn launch,48.012300,-114.946000,1,0,0,0,1,2,2,2,pge:23429
PSF-008253,DEMERS RIDGE HIKE AND FLY LAUNCH,48.624100,-114.170000,1,1,1,1,2,2,2,2,pge:23430
PSF-008254,ball mtn,39.238100,-106.221000,1,0,0,0,1,2,2,2,pge:23431
PSF-008255,Paramotorturkey Take off,41.243800,28.968500,0,0,0,0,0,0,0,0,pge:23432
PSF-008256,Paramotorturkey Take off,40.875900,29.222000,0,0,0,0,0,0,0,0,pge:23433
PSF-008257,Şırnak Namaz Dagi,37.528400,42.491700,0,0,0,0,0,0,0,0,pge:23434
PSF-008258,mumianshan,22.860900,114.284000,0,0,0,0,0,0,0,0,pge:23437
PSF-008259,Avunduk Burhaniye,39.411600,27.041000,0,0,0,0,0,1,2,1,pge:23438
PSF-008260,garmak,37.295800,56.939700,0,0,0,0,0,0,0,0,pge:23439
PSF-008261,Pène de Souquette - Ayzac,43.047700,-0.095799,0,0,0,1,2,2,0,0,pge:23440
PSF-008262,Mont de Gez - Argelès Gazost,43.007200,-0.123862,0,0,2,1,2,0,0,0,pge:23441
PSF-008263,Soum de Trezères - Ger,43.016700,-0.018987,2,0,0,0,0,0,2,2,pge:23442
PSF-008264,Pic du Merdanson - Arthez d'Asson,43.054200,-0.297706,2,1,0,1,2,2,2,2,pge:23443
PSF-008265,Pic du Jer - Anclade,43.081100,-0.030908,0,2,2,0,0,0,0,0,pge:23444
PSF-008266,Arimoun - Ger,43.052800,-0.029287,2,0,0,0,0,0,0,2,pge:23445
PSF-008267,Soum de Moustayou - Luz Saint-Sauveur,42.894200,0.003969,0,0,1,2,2,2,2,0,pge:23446
PSF-008268,Hounte Blanque - Campan,42.974500,0.166768,0,0,0,0,0,0,0,0,pge:23447
PSF-008269,DaJianShan/大尖山,30.350300,120.762000,0,0,0,0,0,0,0,0,pge:23448
PSF-008270,Pic de Bergons - Luz Saint-Sauveur,42.840900,0.014782,0,0,0,0,0,0,0,0,pge:23449
PSF-008271,Pic du Pas de Broc - Arthez d'Asson,43.059000,-0.289378,2,2,2,2,2,1,0,1,pge:23450
PSF-008272,Pic de Miqueu - St Pé de Bigorre,43.060100,-0.172393,1,0,0,0,0,0,1,2,pge:23451
PSF-008273,Soum de Coste Oueillere - Payolle,42.895400,0.249227,2,2,2,2,2,2,2,2,pge:23452
PSF-008274,Kokterek,49.117200,84.547200,0,0,0,0,0,0,0,0,pge:23453
PSF-008275,Zavrh,45.908100,14.349500,1,2,1,0,0,0,0,0,pge:23454
PSF-008276,Dikili karadag,38.983100,26.856700,0,0,1,1,1,2,2,2,pge:23456
PSF-008277,Dikili bimeyko,38.941200,26.851000,0,0,0,0,0,1,1,1,pge:23458
PSF-008278,Pic de Taulemale,43.076600,-0.116482,1,0,0,0,0,0,1,2,pge:23459
PSF-008279,Shamo-Araz,40.681100,48.675900,0,0,0,0,0,0,0,0,pge:23460
PSF-008280,Pirishkul @ Emil,40.477800,49.522100,0,0,0,0,0,0,0,0,pge:23461
PSF-008281,Pirishkul @ Ziya Sensey,40.476400,49.522800,0,0,0,0,0,0,0,0,pge:23462
PSF-008282,Bayraq Meyd Groundhandling,40.336400,49.840100,0,0,0,0,0,0,0,0,pge:23463
PSF-008283,Erdek,40.485900,27.725300,1,1,1,0,1,1,1,0,pge:23464
PSF-008284,Dateh Paragliding,11.603500,107.552000,0,0,0,0,0,0,0,0,pge:23465
PSF-008285,Nui Nghe,10.599500,107.187000,0,0,0,0,0,0,0,0,pge:23466
PSF-008286,Destino Aventura,3.632620,-76.176900,1,0,0,0,1,2,2,2,pge:23467
PSF-008287,Slivnica,45.788600,14.406500,0,0,0,1,2,2,1,0,pge:23468
PSF-008288,Achenkirch Christlum Südost,47.505900,11.664800,0,0,0,0,0,0,0,0,pge:23469
PSF-008289,Achenkirch Christlum Nordost,47.502700,11.661900,0,0,0,0,0,0,0,0,pge:23470
PSF-008290,Chicamocha Canyon - Roso,6.769880,-73.007100,0,0,0,0,0,0,2,2,pge:23471
PSF-008291,Chicamocha Canyon - Dos Ventanas,6.749590,-73.006100,0,0,0,0,0,0,2,2,pge:23472
PSF-008292,mar matiy,36.498300,43.440200,0,0,0,0,0,0,0,0,pge:23473
PSF-008293,Bayanzurh Mountain,47.896800,107.142000,0,0,0,0,0,0,0,0,pge:23474
PSF-008294,Ladik Akdağ,40.877100,35.910000,0,0,0,0,0,0,0,0,pge:23475
PSF-008295,Bafra Kapıkaya,41.365500,35.780000,0,0,0,0,0,0,0,0,pge:23476
PSF-008296,Hezarfen,37.941900,29.136400,0,0,0,0,0,0,0,0,pge:23477
PSF-008297,Emerald Lake,51.456500,-116.570000,0,0,0,0,0,0,0,0,pge:23479
PSF-008298,Moose Mountain,50.905000,-114.783000,0,0,0,0,0,0,0,0,pge:23480
PSF-008299,Lady MacDonald,51.116200,-115.317000,0,0,0,0,0,0,0,0,pge:23481
PSF-008300,Panorama Roller Coaster Launch,50.436300,-116.219000,0,0,0,0,0,0,0,0,pge:23482
PSF-008301,Panorama Top Launch,50.430900,-116.205000,0,0,0,0,0,0,0,0,pge:23483
PSF-008302,kamayami paragliding(nanxijiang river),28.340600,120.774000,0,0,0,0,0,0,0,0,pge:23484
PSF-008303,Castello Palestrina Tempio,41.843700,12.895100,0,0,0,1,2,1,0,0,pge:23485
PSF-008304,Omis,43.432700,16.714400,0,0,0,0,2,2,2,0,pge:23486
PSF-008305,El Macho,20.219900,-76.549500,0,0,0,0,0,0,0,0,pge:23487
PSF-008306,سایت پروازی کنارسیاه blackjujube flying site,28.738200,52.457500,0,0,0,0,0,0,0,0,pge:23488
PSF-008307,سایت پروازی کنارسیاه,28.738200,52.457500,0,0,0,0,0,0,0,0,pge:23489
PSF-008308,Drøsselbjerg,55.469500,11.183400,0,0,0,0,0,0,0,0,pge:23490
PSF-008309,Cintepe Takeoff,38.428100,28.599900,0,0,0,0,0,0,0,0,pge:23491
PSF-008310,Firoozabad Nodoran Airport,28.812300,52.475600,0,0,0,0,0,0,0,0,pge:23492
PSF-008311,Paragliding Ontario Tow Field,42.925600,-80.120100,1,1,1,1,1,1,1,1,pge:23493
PSF-008312,üçkardeşler takeoff,41.505700,41.560600,0,0,0,0,0,0,0,0,pge:23494
PSF-008313,Cefuka Takeoof,41.471600,41.575400,0,0,0,0,0,0,0,0,pge:23495
PSF-008314,Chocolate Hill,9.788480,124.168000,0,1,1,1,0,0,0,0,pge:23497
PSF-008315,Mahinog,9.177310,124.755000,0,1,1,1,0,0,0,0,pge:23498
PSF-008316,Shinde Training Hill,18.739800,73.625900,0,1,2,1,0,0,0,0,pge:23499
PSF-008317,Cucetto Tabellone,44.980300,7.234630,1,1,1,2,2,2,2,1,pge:23501
PSF-008318,Monte Corno,45.240900,7.481000,0,0,2,2,2,1,0,0,pge:23502
PSF-008319,Le Combe,45.178100,7.161200,0,0,0,1,2,1,0,0,pge:23503
PSF-008320,Ambuluwawa,7.158570,80.548000,0,1,2,1,0,0,0,0,pge:23504
PSF-008321,Salina,38.556100,14.843900,0,0,0,0,2,1,1,0,pge:23505
PSF-008322,Pizzi Deneri,37.765000,15.017300,1,1,1,1,1,1,1,1,pge:23506
PSF-008323,"Marina State Beach, Reservation Rd. www.coastalcondors.org",36.698100,-121.809000,0,0,0,0,0,1,1,1,pge:23507
PSF-008324,L'Orient - Les Esserts,46.592700,6.244130,0,0,0,0,0,0,0,2,pge:23508
PSF-008325,Berja,36.897000,-2.884910,0,0,0,0,1,2,1,0,pge:23509
PSF-008326,Drykha Training Ridge,27.333000,56.029800,0,0,0,0,0,0,0,0,pge:23510
PSF-008327,Para Adventure- Gampola,7.139640,80.554300,0,1,1,1,0,0,0,0,pge:23513
PSF-008328,Saran,34.381600,73.527600,0,0,0,0,0,0,0,0,pge:23514
PSF-008329,Kourdeh North,27.753600,54.459600,1,0,0,0,0,0,1,1,pge:23515
PSF-008330,Kourdeh South,27.750900,54.455600,0,0,0,1,1,1,1,0,pge:23516
PSF-008331,Keshar - Anguran,27.273100,55.785500,0,0,1,1,1,1,1,0,pge:23517
PSF-008332,Paragliding SRI LANKA- Kavisigamuwa,7.499900,80.480400,0,0,0,0,0,1,2,1,pge:23519
PSF-008333,Sv. Peter,46.383000,14.192700,0,0,0,0,0,0,0,0,pge:23521
PSF-008334,PARA Adventure Rathkele,7.126130,81.146400,1,2,2,2,0,0,0,0,pge:23523
PSF-008335,Zuydcoote,51.069600,2.478280,0,0,0,0,0,0,0,0,pge:23524
PSF-008336,XCT 900,49.299300,-122.216000,0,0,0,0,0,0,0,0,pge:23525
PSF-008337,Waltersberg,49.191400,11.524800,2,1,0,1,2,1,0,1,pge:23526
PSF-008338,Winnberg,49.233800,11.485600,0,1,2,1,0,1,2,1,pge:23527
PSF-008339,Schernfeld,48.898800,11.128800,1,0,1,2,1,0,1,2,pge:23528
PSF-008340,Obereichstätt,48.896700,11.134300,0,0,0,0,1,2,1,0,pge:23529
PSF-008341,Böhming,48.944600,11.350000,0,1,2,2,0,0,0,0,pge:23530
PSF-008342,Vrbice NNE kontrolovat NOTAM,50.092100,16.261900,0,0,0,0,0,0,0,0,pge:23531
PSF-008343,Aspiro,22.711700,-83.181800,0,0,1,2,1,0,0,0,pge:23532
PSF-008344,pente EOL,37.195300,10.062800,0,0,2,1,0,0,0,0,pge:23534
PSF-008345,San Marino,43.921400,12.453100,0,1,2,1,0,0,0,0,pge:23535
PSF-008346,Saunders . Mount Egmont,-51.353800,-60.091700,0,0,1,1,1,2,2,0,pge:23536
PSF-008347,Léoncel Sud,44.906800,5.205280,0,0,0,0,0,0,0,0,pge:23537
PSF-008348,Sammenheim,49.050800,10.733000,0,1,1,1,0,0,0,0,pge:23538
PSF-008349,Gerbizon NO,45.191100,3.991310,0,0,0,0,0,0,0,0,pge:23539
PSF-008350,Gerbizon NE,45.188600,4.000590,0,0,0,0,0,0,0,0,pge:23540
PSF-008351,Conil,44.965200,3.704680,0,0,0,0,0,0,0,0,pge:23541
PSF-008352,Monte Erio,45.887000,11.416500,0,0,0,0,0,0,0,0,pge:23542
PSF-008353,Pignu,42.694400,9.398070,0,0,0,0,0,0,0,0,pge:23543
PSF-008354,Tovière,45.453600,6.921750,0,0,0,0,0,0,0,0,pge:23544
PSF-008355,Arête De Fresse Table d’Orientation,45.448500,6.926130,0,0,0,0,0,0,0,0,pge:23545
PSF-008356,Coetzala,18.771500,-96.934000,1,2,1,0,0,0,0,0,pge:23546
PSF-008357,Myrsjö,59.765400,17.091300,0,0,0,0,0,0,0,0,pge:23548
PSF-008358,Ottos,49.260900,-119.607000,0,2,2,2,2,0,0,0,pge:23549
PSF-008359,Seacrest,49.254300,-119.578000,2,0,0,0,0,2,2,2,pge:23550
PSF-008360,Tokça,38.163900,29.783000,1,0,0,0,0,0,1,1,pge:23551
PSF-008361,JingDeZhen,29.450300,117.533000,0,0,0,0,0,0,0,0,pge:23552
PSF-008362,DaMingShan,23.552300,108.341000,0,0,0,0,0,0,0,0,pge:23553
PSF-008363,"Lofsdalen, Hovärken",62.129500,13.319800,0,0,0,0,0,0,0,0,pge:23554
PSF-008364,Salesópolis - Rampa do Pinheirinho,-23.578200,-45.889300,0,0,0,0,0,0,0,0,pge:23555
PSF-008365,Gower Point,49.384400,-123.537000,0,0,0,0,0,0,0,0,pge:23556
PSF-008366,Murdock,40.693600,-111.598000,0,0,0,0,0,0,0,0,pge:23557
PSF-008367,mt. babaoshan,40.498100,115.414000,0,0,0,0,0,0,0,0,pge:23558
PSF-008368,Fly ZhiYou,40.210300,117.315000,0,0,0,0,0,0,0,0,pge:23559
PSF-008369,Tješilo,43.924900,17.873600,0,0,0,0,0,0,0,0,pge:23560
PSF-008370,Monte Smith,36.439100,28.208400,0,0,0,0,0,0,0,0,pge:23561
PSF-008371,Santa Marina,42.871100,-2.114710,0,0,0,0,0,0,0,0,pge:23562
PSF-008372,San Miguel de Aralar,42.946500,-1.964140,0,0,0,0,0,0,0,0,pge:23563
PSF-008373,Mount Blair,56.750900,-3.363160,1,2,2,2,1,1,1,1,pge:23564
PSF-008374,Coire Nan Cisteachan,56.898200,-4.202400,0,0,0,0,0,1,2,2,pge:23566
PSF-008375,Loch Alvie,57.162800,-3.918780,0,2,2,1,0,0,0,0,pge:23567
PSF-008376,West Lomond,56.245900,-3.297600,2,2,0,0,0,0,1,2,pge:23568
PSF-008377,Meall A' Chaorainn,56.877900,-4.219320,1,0,0,0,0,2,2,1,pge:23569
PSF-008378,Balquhidder,56.367600,-4.341000,0,0,0,1,2,1,0,0,pge:23570
PSF-008379,Lochearnhead,56.397500,-4.276160,0,0,0,0,1,2,0,0,pge:23571
PSF-008380,King's Seat Abernyte (KSA),56.481700,-3.249130,0,0,1,2,2,0,0,0,pge:23572
PSF-008381,Ben Gulabin,56.830100,-3.468250,0,0,0,1,2,1,0,0,pge:23573
PSF-008382,Newburgh,56.354000,-3.200800,1,0,0,0,0,0,0,2,pge:23574
PSF-008383,Upper Ripley,49.243200,-119.622000,1,2,2,2,1,0,0,0,pge:23576
PSF-008384,Cuervitos,32.138000,-116.875000,0,0,0,0,0,0,1,2,pge:23577
PSF-008385,Cuervos,32.141400,-116.873000,0,0,0,0,0,0,1,1,pge:23578
PSF-008386,Dungavel,55.557200,-3.678700,0,0,0,0,0,1,2,1,pge:23579
PSF-008387,Pittsgrove Township,39.545100,-75.128200,0,0,0,0,0,0,0,0,pge:23580
PSF-008388,"Montericcio decollo da sotto, Tarquinia",42.228200,11.847600,0,0,0,1,2,1,0,0,pge:23581
PSF-008389,"Montericcio, Zio Peppe",42.231400,11.843000,0,0,0,1,2,1,0,0,pge:23582
PSF-008390,"Tarquinia, Decollo Nord",42.241800,11.794000,2,1,0,0,0,0,0,1,pge:23583
PSF-008391,"Tarquinia, Decollo Sud Est",42.220100,11.824200,0,0,0,2,1,0,0,0,pge:23584
PSF-008392,"Falesietta, Sud, SudEst, Tarquinia",42.206000,11.797400,0,0,0,1,1,1,0,0,pge:23585
PSF-008393,Caspiandolphins1,36.250800,52.155100,0,0,0,0,0,0,0,0,pge:23586
PSF-008394,Caspiandolphins2,36.241400,52.211900,0,0,0,0,0,0,0,0,pge:23587
PSF-008395,Sugar,41.806300,-120.329000,0,0,0,0,0,0,0,0,pge:23588
PSF-008396,Les Pétis,46.194900,6.869820,0,0,0,2,0,0,0,0,pge:23589
PSF-008397,Antème,46.165400,6.886270,0,0,0,0,0,0,0,0,pge:23590
PSF-008398,Porciano,41.744700,13.232200,0,0,0,0,0,2,2,0,pge:23591
PSF-008399,Plan de la Boutte,45.648500,6.763050,0,0,0,0,0,0,0,0,pge:23592
PSF-008400,Rajatie,62.823300,22.834600,0,0,0,1,0,0,0,1,pge:23593
PSF-008401,Horoonsuora,62.859000,22.805700,0,1,0,0,0,1,0,0,pge:23594
PSF-008402,Heroonsuora,62.777700,22.606100,0,2,1,0,0,2,1,0,pge:23595
PSF-008403,Lapuan suora,63.054200,22.934400,1,0,0,2,1,0,0,2,pge:23596
PSF-008404,JP:n suora,62.744000,22.625800,0,0,0,0,0,0,0,0,pge:23597
PSF-008405,Jumoonsuora,62.784000,22.566900,0,0,0,0,0,0,0,0,pge:23599
PSF-008406,Dourgne Saint-Stapin,43.475800,2.143090,2,0,0,0,0,0,0,2,pge:23600
PSF-008407,Zenzano,42.323100,-2.373630,0,0,0,0,0,0,0,0,pge:23602
PSF-008408,Pico del Aguila,42.423600,-2.486750,0,0,0,0,0,0,0,0,pge:23603
PSF-008409,Puerto Herrera,42.593400,-2.674920,0,0,0,0,0,0,0,0,pge:23604
PSF-008410,Vila de fatima,-20.146300,-42.157600,0,0,0,0,0,0,0,0,pge:23606
PSF-008411,Catacol,55.696400,-5.319100,0,0,0,0,0,2,2,1,pge:23607
PSF-008412,Bennan Head,55.435400,-5.198260,0,0,0,0,2,0,0,0,pge:23608
PSF-008413,Cerro Azul,4.289630,-76.266000,0,1,1,1,0,0,0,0,pge:23609
PSF-008414,Loriaz,46.039400,6.915760,0,0,1,2,1,0,0,0,pge:23610
PSF-008415,Kurutzebarri,43.003700,-2.489430,0,0,0,0,0,0,0,0,pge:23611
PSF-008416,Dereneneach,55.546100,-5.273000,0,0,0,0,0,1,2,1,pge:23613
PSF-008417,Finestret,42.686800,2.485910,0,0,0,0,0,0,0,0,pge:23614
PSF-008418,El Tablado,41.691000,-1.826950,0,0,0,0,0,0,0,0,pge:23615
PSF-008419,"Ágreda, parque eólico San blas",41.857700,-1.969880,0,0,0,0,0,0,0,0,pge:23616
PSF-008420,Dakar,14.712500,-17.489000,0,0,0,0,0,0,0,0,pge:23617
PSF-008421,Rampa de Joanópolis,-22.955900,-46.284500,2,2,0,0,0,0,0,1,pge:23618
PSF-008422,Extrema - Pico do Lobo Guará face Sul,-22.816900,-46.249000,0,0,0,1,2,1,0,0,pge:23619
PSF-008423,Meryem Dagi,40.215100,30.089000,2,1,0,0,0,0,0,1,pge:23620
PSF-008424,Kayis Dagi,40.969500,29.173000,2,2,0,0,0,0,0,0,pge:23621
PSF-008425,Kuchugury,45.430000,36.927800,0,0,0,0,0,0,0,0,pge:23622
PSF-008426,Trotternish - West,57.614700,-6.352640,0,0,2,1,0,0,0,0,pge:23623
PSF-008427,Glenmore,57.386200,-6.242560,0,0,1,1,1,0,0,0,pge:23624
PSF-008428,Vouécourt,48.273500,5.135080,0,0,0,0,0,0,0,0,pge:23628
PSF-008429,Bologne,48.214000,5.152500,0,0,0,0,0,0,0,0,pge:23629
PSF-008430,Pra Plan,45.577000,6.623910,0,0,0,0,0,0,0,0,pge:23630
PSF-008431,Teleski Granier,45.580200,6.647460,0,0,0,0,0,0,0,0,pge:23631
PSF-008432,Bologne,48.218600,5.149760,0,0,0,0,0,0,0,0,pge:23632
PSF-008433,Gölbaşı Takeoff,37.812200,37.646300,0,0,0,0,0,0,0,0,pge:23633
PSF-008434,Sakcagozu Takeoff,37.191500,36.972600,0,0,0,0,0,0,0,0,pge:23634
PSF-008435,Ul-Flugplatz Hinterweiler,50.245000,6.755520,0,0,0,0,0,0,0,0,pge:23635
PSF-008436,Serra Negra - Alto da Serra,-22.620000,-46.677600,1,0,0,1,1,0,1,1,pge:23636
PSF-008437,São Pedro - Rampa do Cristo,-22.520000,-47.929700,0,0,0,0,1,2,1,0,pge:23637
PSF-008438,Rampa de Piquete,-22.569300,-45.225500,0,0,0,1,2,1,0,0,pge:23638
PSF-008439,Parque Nacional do Itatiaia,-22.381000,-44.703200,0,0,0,0,1,2,1,0,pge:23639
PSF-008440,Nuuk city,64.172200,-51.748900,0,0,0,0,0,0,0,0,pge:23640
PSF-008441,Narsaq,60.915100,-46.013000,0,0,0,0,0,0,0,0,pge:23641
PSF-008442,Nasassaq seddle,66.927900,-53.586800,0,0,0,0,0,0,0,0,pge:23642
PSF-008443,Canoe center,66.906000,-51.780600,0,0,0,0,0,0,0,0,pge:23643
PSF-008444,Bojna Niva,42.969900,19.591000,0,0,0,1,2,1,0,0,pge:23644
PSF-008445,Perico Ruiz,37.839600,-2.552580,0,0,0,0,0,0,0,0,pge:23646
PSF-008446,Pico Pedra da Onça - SFX,-22.881200,-46.001900,0,0,0,2,1,0,0,0,pge:23647
PSF-008447,Vercorin,46.259400,7.529020,0,0,0,0,0,0,2,0,pge:23649
PSF-008448,Les Giettes,46.220500,6.957770,0,2,0,0,0,0,0,0,pge:23651
PSF-008449,Refuge de Chalin,46.179300,6.947710,2,1,1,0,0,0,2,2,pge:23652
PSF-008450,PAF,37.178300,10.193100,0,0,0,2,2,1,0,0,pge:23653
PSF-008451,Beydağ,38.040300,28.235900,1,1,1,0,0,0,0,1,pge:23654
PSF-008452,Karadag Zirvesi 1950,36.850600,30.426300,0,0,0,0,0,0,0,0,pge:23655
PSF-008453,Pico dos Marins,-22.501900,-45.121100,2,0,0,1,2,1,2,1,pge:23658
PSF-008454,Luminosa - MG,-22.610000,-45.615800,2,1,0,0,0,0,0,1,pge:23659
PSF-008455,Rampa de Piranguçu,-22.560900,-45.480300,1,1,0,0,0,0,0,1,pge:23661
PSF-008456,Caraguatatuba - Martin de Sá,-23.625300,-45.369400,0,0,1,2,1,0,0,0,pge:23663
PSF-008457,"Villaroux ""Les vaches""",45.456200,6.075650,1,0,0,0,0,0,1,1,pge:23664
PSF-008458,Crêt Blanc,46.645400,6.346340,0,0,0,0,0,0,2,0,pge:23665
PSF-008459,Porciano Alto,41.761400,13.205500,0,0,0,2,2,0,0,0,pge:23666
PSF-008460,Col d'Izoard,44.818800,6.728190,1,0,0,0,2,0,0,0,pge:23667
PSF-008461,Rollamienta,41.946900,-2.528290,0,0,0,1,2,2,0,0,pge:23668
PSF-008462,Bounaamane,29.510800,-9.755610,2,0,0,0,0,0,0,0,pge:23669
PSF-008463,Mt. Bailongshan,38.897400,115.076000,0,0,0,0,0,0,0,0,pge:23670
PSF-008464,Campocatino - Punta della Valle - Est,41.828600,13.329400,0,0,2,2,2,0,0,0,pge:23671
PSF-008465,Picacho,21.877400,-102.422000,0,1,2,1,0,0,0,0,pge:23672
PSF-008466,Ağva,41.125500,29.862900,0,0,0,0,1,2,0,0,pge:23674
PSF-008467,ATAY TEPE,41.038200,29.296300,0,0,0,0,1,2,0,0,pge:23675
PSF-008468,Pointe du Lavachet,45.462200,6.922830,0,0,0,0,0,0,0,0,pge:23676
PSF-008469,Pedraiza,41.981500,-2.409570,0,0,0,2,2,2,0,0,pge:23677
PSF-008470,Maiden Rock,44.495200,-92.281000,0,0,0,0,1,2,1,0,pge:23678
PSF-008471,Bivacco Bedin,46.313300,11.978900,0,0,0,0,0,0,0,0,pge:23679
PSF-008472,Spišský hrad - Ostrá hora,48.998100,20.772200,2,2,2,0,0,0,0,0,pge:23680
PSF-008473,Siminy,49.209900,20.730100,2,1,0,0,0,0,0,1,pge:23681
PSF-008474,Baldovce,48.984700,20.729900,2,1,0,0,0,0,0,0,pge:23682
PSF-008475,Kokoška,49.047000,19.322100,2,1,0,0,0,0,0,1,pge:23683
PSF-008476,Jamník,48.946400,20.672200,0,1,2,1,0,0,0,0,pge:23684
PSF-008477,Vojňanská hora,49.257500,20.446800,0,0,0,2,1,0,2,2,pge:23685
PSF-008478,Dubina,49.009200,20.316600,0,0,0,0,2,0,0,0,pge:23686
PSF-008479,Campocatino - Punta della Valle - Ovest,41.828700,13.328700,0,0,0,0,0,2,2,0,pge:23687
PSF-008480,Marvão,39.392800,-7.376610,0,0,0,0,1,2,1,0,pge:23688
PSF-008481,Arrabida HG ramp,38.481400,-8.989210,0,0,0,1,2,0,0,0,pge:23689
PSF-008482,Černovír ZSZ,49.979400,16.439400,0,0,0,0,0,0,0,0,pge:23690
PSF-008483,RİVA,41.212600,29.231200,0,0,0,0,0,0,0,0,pge:23691
PSF-008484,el Hierro -Saida 1200,27.731100,-18.015700,2,0,0,0,0,0,0,0,pge:23693
PSF-008485,Peña Escrita 2,36.820500,-3.768490,0,0,0,0,0,0,0,0,pge:23696
PSF-008486,Biscia,44.368300,9.488350,0,0,0,1,2,2,2,0,pge:23699
PSF-008487,Kamasutra,44.315100,9.400390,0,0,0,1,2,2,2,0,pge:23700
PSF-008488,Bligny-sur-Ouche,47.114500,4.675570,0,0,0,0,0,0,1,1,pge:23703
PSF-008489,Trechy,48.399400,3.012220,0,0,0,0,2,0,0,0,pge:23704
PSF-008490,El calenton,6.604370,-75.857500,0,0,2,2,1,0,0,0,pge:23705
PSF-008491,TEAKETTLE LAUNCH,48.392200,-114.114000,0,0,0,0,0,0,0,0,pge:23706
PSF-008492,Jaú,-22.610600,-43.259500,0,0,0,0,0,0,0,0,pge:23707
PSF-008493,La Coma,40.042600,-0.030842,0,0,1,2,2,0,0,0,pge:23709
PSF-008494,Cabezo E,39.864400,-0.986052,0,0,2,1,0,0,0,0,pge:23710
PSF-008495,Cabezo S,39.868400,-0.994449,0,0,0,1,2,1,0,0,pge:23711
PSF-008496,Quartell,39.766100,-0.251899,0,0,0,1,2,0,0,0,pge:23712
PSF-008497,Picayo Redó,39.754500,-0.374637,0,1,2,2,1,0,0,0,pge:23713
PSF-008498,Castellnovo,39.865900,-0.455775,0,0,0,0,0,0,0,0,pge:23714
PSF-008499,Milagrosa,39.641500,-0.318233,0,1,1,1,0,0,0,0,pge:23716
PSF-008500,Alto del Toril,37.171200,-3.436560,0,0,0,0,0,1,1,0,pge:23717
PSF-008501,Cavall Bernat,39.133700,-0.352721,0,2,0,0,0,0,0,0,pge:23718
PSF-008502,La Serella,38.702300,-0.312846,1,0,0,0,0,0,0,1,pge:23719
PSF-008503,Cervidae,43.622700,-115.981000,0,0,0,0,0,1,2,2,pge:23720
PSF-008504,Alnes,62.480700,5.973900,0,0,0,0,0,0,0,0,pge:23721
PSF-008505,Willow lake,63.243500,-142.379000,0,0,0,0,0,0,0,0,pge:23722
PSF-008506,Poodle,42.285500,-123.326000,0,0,0,0,0,0,0,0,pge:23723
PSF-008507,Doubravice,49.722400,16.733600,2,0,0,0,0,0,1,1,pge:23724
PSF-008508,Pedra das Flores - face Sul,-22.901000,-46.340400,0,0,1,2,1,0,0,0,pge:23725
PSF-008509,Pedra das Flores - face Norte,-22.898400,-46.340700,1,0,0,0,0,0,1,2,pge:23726
PSF-008510,Deck KTR Itapeva,-22.752500,-45.504000,0,0,1,2,1,0,0,0,pge:23727
PSF-008511,Pedra Grande Alterenativo - Rampa do Cabelo,-23.161300,-46.530600,0,0,0,0,0,0,0,2,pge:23728
PSF-008512,Pedra Grande arternativo - trilha curta,-23.155100,-46.529700,0,0,0,0,0,0,1,2,pge:23729
PSF-008513,Extrema - Pico do Lobo Guara face Norte,-22.816100,-46.248800,2,1,1,0,0,0,0,1,pge:23730
PSF-008514,Pedra do Elefante,-22.124100,-46.488000,1,0,0,0,0,0,0,2,pge:23731
PSF-008515,Pedra da Mina,-22.428100,-44.843100,1,1,0,0,2,0,0,1,pge:23732
PSF-008516,Córrego do Bom Jesus - Rampa Pico da Raposa,-22.656000,-45.979200,1,2,0,0,0,0,0,0,pge:23733
PSF-008517,Córrego do Bom Jesus - Rampa do Neguinho,-22.589300,-45.988100,1,0,0,0,0,0,0,2,pge:23734
PSF-008518,Aiuruoca - Pedra Pico do Papagaio,-22.042300,-44.644500,2,1,0,0,0,0,0,1,pge:23735
PSF-008519,Silveiras - Alto da boa Vista,-22.754600,-44.777800,2,1,0,0,0,0,1,2,pge:23736
PSF-008520,Laranja da Terra - Cinco Pontões Capixaba,-19.804300,-40.992300,0,0,0,0,0,0,2,0,pge:23737
PSF-008521,Antonina - Pico Paraná,-25.252500,-48.809000,0,1,2,1,0,0,0,0,pge:23738
PSF-008522,Baependi -  Pico da Careta,-22.113700,-44.783500,2,1,1,1,2,1,1,1,pge:23739
PSF-008523,Alagoa - Pico de Santo Agostinho,-22.200600,-44.760300,0,1,2,1,0,0,0,0,pge:23740
PSF-008524,Costalta (Baselga di Piné),46.130100,11.289000,0,0,0,0,0,0,0,0,pge:23742
PSF-008525,Petrópolis - Castelinho,-22.542800,-43.161400,1,0,0,0,0,0,1,2,pge:23743
PSF-008526,Petrópolis - Cobiçado,-22.526200,-43.139500,2,0,0,0,0,1,1,2,pge:23744
PSF-008527,Montoso,44.763800,7.250470,0,0,1,2,1,0,0,0,pge:23745
PSF-008528,Molè,45.155400,7.167510,0,0,1,2,1,0,0,0,pge:23746
PSF-008529,Rocca Patanua,45.174800,7.221490,1,2,2,2,2,2,2,0,pge:23747
PSF-008530,Piramide Vincent,45.908000,7.861320,2,2,2,2,2,2,2,2,pge:23748
PSF-008531,Bonghwasan,35.316600,128.780000,0,0,0,0,0,0,0,0,pge:23749
PSF-008532,Kunlun Shan,36.134800,129.392000,0,0,0,0,0,0,0,0,pge:23750
PSF-008533,Mangun Shan,34.844800,127.845000,0,0,0,0,0,0,0,0,pge:23751
PSF-008534,Yeonhwa san,35.632700,129.206000,0,0,0,0,0,0,0,0,pge:23752
PSF-008535,Quatre Soeurs VCA,-20.308300,57.774700,0,0,0,0,0,0,0,0,pge:23753
PSF-008536,Le Morne VCA,-20.453800,57.330400,0,0,0,0,0,0,0,0,pge:23754
PSF-008537,Souillac VCA,-20.524600,57.530600,0,0,0,0,0,0,0,0,pge:23755
PSF-008538,Le Chat,-20.312900,57.775000,0,0,0,0,0,0,0,0,pge:23756
PSF-008539,Decollo-Sant'Oreste,42.245300,12.501900,0,0,0,0,0,2,1,0,pge:23757
PSF-008540,Strahlhorn,46.013400,7.898390,0,0,0,0,0,0,0,0,pge:23758
PSF-008541,Vila do Carvalho,40.324200,-7.494890,0,0,0,0,0,0,0,0,pge:23759
PSF-008542,Al Minieh,34.464800,35.903700,0,0,0,0,0,0,0,0,pge:23760
PSF-008543,"Grand coude ""le petit serré""",-21.302800,55.626800,0,0,0,0,0,0,0,0,pge:23761
PSF-008544,Dolina termikov,57.331300,56.947100,1,0,0,1,1,0,0,1,pge:23763
PSF-008545,Naranjal,18.795200,-96.973900,0,1,2,1,0,0,0,0,pge:23764
PSF-008546,Fohnsdorf 1,47.220300,14.680900,0,0,0,0,0,0,0,0,pge:23765
PSF-008547,Hochödenbauer,47.168800,14.378500,0,0,0,0,0,0,0,0,pge:23766
PSF-008548,JinJiaShan/金家山,29.784200,119.510000,0,0,0,0,0,0,0,0,pge:23767
PSF-008549,AnJi YuFeng/驭风,30.485400,119.447000,0,0,0,0,0,0,0,0,pge:23768
PSF-008550,LuNiao/鸬鸟,30.466600,119.726000,0,0,0,0,0,0,0,0,pge:23769
PSF-008551,ShaoXing HeiBao/黑豹,29.624700,120.959000,0,0,0,0,0,0,0,0,pge:23770
PSF-008552,BaiHe/白鹤,29.237700,120.908000,0,0,0,0,0,0,0,0,pge:23771
PSF-008553,Fuyang DieKong/叠空,29.993100,119.611000,0,0,0,0,0,0,0,0,pge:23772
PSF-008554,Crow Butte,43.548900,-116.084000,0,0,0,0,0,0,0,2,pge:23773
PSF-008555,Poverty Ridge,38.525200,-112.173000,0,0,0,0,0,0,0,0,pge:23774
PSF-008556,Mte Summano,45.756400,11.391200,0,0,0,2,2,2,0,0,pge:23775
PSF-008557,Borowa,51.188300,17.294700,0,0,0,0,0,0,0,0,pge:23779
PSF-008558,Jahuel,-32.675800,-70.593000,0,0,0,0,0,0,0,0,pge:23782
PSF-008559,pata de Guanaco,-32.704000,-70.594800,0,0,0,0,0,0,0,0,pge:23783
PSF-008560,Pribrezhka,54.402300,48.596800,0,0,0,0,0,0,0,2,pge:23786
PSF-008561,Biyurgan,55.847100,52.853400,2,1,0,0,0,0,0,1,pge:23787
PSF-008562,Sugar take off,49.357700,93.121600,0,0,0,0,0,0,0,0,pge:23788
PSF-008563,Dymka,54.512300,53.315800,0,0,0,0,2,0,0,0,pge:23789
PSF-008564,Aslykul,54.242200,54.655400,2,1,0,0,1,0,0,1,pge:23790
PSF-008565,Lipka,54.519500,53.897900,0,0,0,0,2,2,0,0,pge:23791
PSF-008566,Shikhan,53.554500,56.099100,0,0,0,2,2,2,2,0,pge:23792
PSF-008567,Las Delicias,9.103640,-83.508600,0,0,1,2,2,0,0,0,pge:23793
PSF-008568,Romeu,39.714700,-0.279776,0,0,0,0,0,0,0,0,pge:23794
PSF-008569,Irwin Lower,49.340700,-124.856000,0,0,0,0,2,2,1,0,pge:23795
PSF-008570,Palmital H&F,9.401560,-83.513600,0,0,1,2,2,2,1,0,pge:23796
PSF-008571,Manastash Butte,46.948200,-120.667000,0,0,0,0,0,0,0,0,pge:23797
PSF-008572,Dubandi Soaring,40.466500,50.245800,0,0,0,0,0,0,0,0,pge:23798
PSF-008573,Sospirolo,46.150400,12.059000,0,0,0,0,0,0,0,0,pge:23799
PSF-008574,Isolähde,60.900100,26.126700,0,0,0,0,0,0,0,0,pge:23800
PSF-008575,Itamonte - Rampa do Cipó,-22.358800,-44.844400,1,0,0,0,0,0,1,2,pge:23801
PSF-008576,Eagle Creek Raptor Ridge,47.667600,-120.560000,0,0,0,0,0,0,0,0,pge:23802
PSF-008577,HuiXian International Flying Club Taking Off Site,35.468800,113.489000,0,0,0,0,0,0,0,0,pge:23803
PSF-008578,Babaçulândia,-7.199600,-47.828700,0,0,0,0,0,0,0,0,pge:23804
PSF-008579,Ozben,46.249400,13.603800,0,0,0,0,1,2,1,0,pge:23805
PSF-008580,Toila,59.430000,27.488000,0,0,0,0,0,0,0,0,pge:23807
PSF-008581,Pomorie,42.555500,27.568100,0,0,0,0,0,0,0,0,pge:23808
PSF-008582,Burgas,42.541000,27.498100,0,0,0,0,0,0,0,0,pge:23809
PSF-008583,Recta de Arguedas,42.110100,-1.576340,0,0,0,0,0,0,0,0,pge:23810
PSF-008584,Landeplatz,40.171300,19.581700,0,0,0,0,0,0,0,0,pge:23811
PSF-008585,Morgen Tomorr 2400m,40.637000,20.159600,0,0,1,0,0,1,2,1,pge:23812
PSF-008586,YueLiangWan/月亮湾,30.690500,118.541000,0,0,0,0,0,0,0,0,pge:23813
PSF-008587,Barabón,-2.903190,-79.095400,0,0,0,0,0,0,0,0,pge:23815
PSF-008588,Busa,-3.169300,-79.276000,0,0,0,0,0,0,0,0,pge:23816
PSF-008589,Jubones,-3.347560,-79.319300,0,0,0,0,0,0,0,0,pge:23817
PSF-008590,Susudel,-3.394980,-79.188000,0,0,0,0,0,0,0,0,pge:23818
PSF-008591,Don Miguelito Paute,-2.755050,-78.751800,0,0,0,0,0,0,0,0,pge:23819
PSF-008592,Minas,-2.837420,-79.100700,0,0,0,0,0,0,0,0,pge:23820
PSF-008593,Djerissa,35.825300,8.642950,0,0,0,0,0,0,0,0,pge:23821
PSF-008594,Racar,-2.830170,-79.051900,0,0,0,0,0,0,0,0,pge:23822
PSF-008595,the Whale,40.501700,116.785000,0,0,0,0,0,0,0,0,pge:23823
PSF-008596,Cruzloma,-2.819960,-79.049300,0,0,0,0,0,0,0,0,pge:23824
PSF-008597,Pawnee - Brian’s,40.811900,-104.061000,0,0,0,0,0,0,0,0,pge:23825
PSF-008598,Mt Strachan NW,49.411000,-123.195000,0,0,0,0,0,0,0,0,pge:23826
PSF-008599,Douglas Pass CO,39.599300,-108.797000,0,0,0,0,0,0,0,0,pge:23827
PSF-008600,Taubaté - Morro do Cruzeiro,-23.112400,-45.416500,1,0,0,0,0,0,1,2,pge:23828
PSF-008601,Anjishan/安基山,28.990300,120.968000,0,0,0,0,0,0,0,0,pge:23829
PSF-008602,QuanZhou  JiuDu/泉州九都,25.231600,118.437000,0,0,0,0,0,0,0,0,pge:23832
PSF-008603,大幕山滑翔伞基地,29.735200,114.645000,0,0,0,0,0,0,0,0,pge:23833
PSF-008604,São Francisco Xavier - Rampa UHF,-22.899300,-45.930500,2,0,0,0,0,0,1,1,pge:23834
PSF-008605,Joinville - Duas mamas,-26.368500,-49.003500,0,1,2,1,0,0,0,0,pge:23835
PSF-008606,Rapla North,58.999500,24.704900,0,1,2,2,2,1,0,0,pge:23836
PSF-008607,Curly,36.241500,8.804300,1,0,0,2,1,0,0,2,pge:23837
PSF-008608,Pantai Merdeka,5.668990,100.372000,0,0,0,0,0,0,0,0,pge:23838
PSF-008609,Khao Raboet,13.163000,101.417000,0,0,0,0,0,0,0,0,pge:23840
PSF-008610,Rosengarten/ Catinaccio -Paolina (Karersee),46.415900,11.616400,0,0,0,0,0,2,2,1,pge:23841
PSF-008611,The Warren,51.101700,1.224260,0,0,0,1,1,1,0,0,pge:23842
PSF-008612,Komos,35.010800,24.762100,0,0,0,0,0,0,0,0,pge:23843
PSF-008613,Milatos,35.321700,25.588400,0,0,0,0,0,0,0,0,pge:23844
PSF-008614,Algodonales - Poniente,36.895000,-5.415790,0,0,0,0,0,2,2,1,pge:23845
PSF-008615,La Barreta,20.815500,-100.537000,0,0,0,0,0,0,0,0,pge:23846
PSF-008616,Cañada de Moreno,21.278900,-100.357000,0,0,0,0,0,0,0,0,pge:23847
PSF-008617,Obere Gurnigal,46.748900,7.462120,0,1,2,1,0,0,0,0,pge:23848
PSF-008618,Raizan,33.480300,130.218000,0,0,0,0,0,0,0,0,pge:23849
PSF-008619,Paldiski East,59.360100,24.154500,0,1,2,0,0,0,0,0,pge:23850
PSF-008620,AYAHUMA,-2.801260,-78.797800,0,0,0,0,0,0,0,0,pge:23851
PSF-008621,Horrocks Beach,-28.341700,114.411900,0,0,0,0,0,1,1,1,pge:23852;siteguide_au:49-131
PSF-008622,ParaglideTours,39.475600,-120.136000,2,2,2,2,2,2,2,2,pge:23856
PSF-008623,NevadaGanya,39.771200,-120.009000,1,0,0,0,1,2,2,2,pge:23857
PSF-008624,Tow road,39.837500,-119.719000,2,2,2,2,2,2,2,2,pge:23858
PSF-008625,Let Fly HQ,38.595200,-122.237000,0,0,0,0,0,0,0,0,pge:23859
PSF-008626,Montellano - Lower,37.007200,-5.542730,0,2,0,0,0,0,0,0,pge:23860
PSF-008627,Algodonales - North,36.903300,-5.407810,0,0,0,0,0,0,0,2,pge:23861
PSF-008628,Jindouyun 筋斗云,31.156400,103.778000,0,0,0,0,0,0,0,0,pge:23863
PSF-008629,Socorro - Pico da Cascavel,-22.643500,-46.482000,1,0,0,0,0,1,1,2,pge:23864
PSF-008630,Kitchener,50.284400,-125.703000,0,0,1,2,2,1,0,0,pge:23865
PSF-008631,Hel,54.627100,18.774300,0,0,0,0,0,2,2,0,pge:23866
PSF-008632,Miyatayama,31.585700,131.079000,0,0,0,1,2,2,1,0,pge:23868
PSF-008633,Kamegaoka,31.358500,130.212000,2,2,1,0,0,0,0,1,pge:23869
PSF-008634,Uomidake,31.269000,130.657000,0,1,2,1,0,0,0,0,pge:23870
PSF-008635,Komenoyama,32.420000,131.664000,0,0,1,2,1,0,0,0,pge:23871
PSF-008636,Tsuno-winery,32.274300,131.552000,0,0,0,1,2,1,0,0,pge:23872
PSF-008637,Kamegaoka-ura,31.355000,130.212000,0,0,0,0,1,2,1,0,pge:23873
PSF-008638,Taemon,31.545000,131.333000,0,0,1,2,1,0,0,0,pge:23874
PSF-008639,Ranguino,31.664100,131.341000,0,0,0,1,2,1,0,0,pge:23875
PSF-008640,Batou,32.016500,130.750000,0,0,0,0,0,1,2,1,pge:23876
PSF-008641,Hyakunodai,28.299800,129.974000,0,0,1,2,1,0,0,0,pge:23877
PSF-008642,You,28.519900,129.691000,0,0,0,0,0,0,0,0,pge:23881
PSF-008643,Bira,28.407200,129.632000,0,0,0,0,0,0,0,0,pge:23882
PSF-008644,Ankyaba,28.475800,129.620000,0,0,0,0,0,0,0,0,pge:23883
PSF-008645,Rantya,28.404800,129.613000,0,0,0,0,0,0,0,0,pge:23884
PSF-008646,Sani,28.529600,129.688000,0,0,0,0,0,0,0,0,pge:23887
PSF-008647,Taragi,32.233800,130.969000,0,0,0,0,0,0,0,0,pge:23888
PSF-008648,Jingaku,31.484000,131.136000,0,0,0,0,0,0,0,0,pge:23889
PSF-008649,Rampa Mirante de Brotas,-22.247700,-48.351700,2,1,0,0,0,0,0,1,pge:23890
PSF-008650,Santa Fe,42.208000,1.300020,0,0,0,1,2,1,0,0,pge:23891
PSF-008651,Wojcieszów,50.968500,15.925100,0,0,0,0,0,1,2,1,pge:23892
PSF-008652,Makaldeniya - Poonagala,6.747910,81.054400,0,1,2,2,0,0,0,0,pge:23893
PSF-008653,Many Feathers Paragliding School Bunny Hill,48.212300,-114.313000,0,0,0,0,0,0,0,0,pge:23894
PSF-008654,Many feathers Paragliding School Launch,47.841600,-114.540000,0,0,0,1,2,2,2,1,pge:23895
PSF-008655,Puhong,31.082900,103.662000,0,0,0,0,0,0,0,0,pge:23896
PSF-008656,Douchuan Mountain,31.914600,104.812000,0,0,0,0,0,0,0,0,pge:23897
PSF-008657,Manbuyunduan,30.559800,104.328000,0,0,0,0,0,0,0,0,pge:23898
PSF-008658,Little Cloud,30.788600,104.539000,0,0,0,0,0,0,0,0,pge:23899
PSF-008659,Tawonga Gap,-36.716540,147.122520,0,1,0,0,0,0,0,0,pge:23900;siteguide_au:211-103
PSF-008660,Rainbow Peak (Park),46.812600,-114.058000,0,0,0,0,0,0,0,0,pge:23901
PSF-008661,Cox Launch,46.844300,-113.973000,0,0,0,0,0,0,0,0,pge:23902
PSF-008662,South Summit,46.846800,-113.965000,0,0,0,0,0,0,0,0,pge:23903
PSF-008663,Neuffen-Nord,48.556100,9.405460,0,0,0,0,0,0,0,0,pge:23904
PSF-008664,Hanyuan,29.382300,102.660000,0,0,0,0,0,0,0,0,pge:23905
PSF-008665,Cleeve Hill,51.928500,-2.023500,0,0,0,0,0,0,0,0,pge:23906
PSF-008666,Junction Butte,40.036600,-106.354000,1,0,0,0,0,0,1,2,pge:23907
PSF-008667,The Duck,39.583900,-106.041000,1,0,0,0,0,0,1,2,pge:23908
PSF-008668,skyblanc,37.330500,9.839410,0,1,2,0,0,0,0,0,pge:23909
PSF-008669,Metheora,39.543700,21.564900,0,0,0,0,0,0,0,0,pge:23910
PSF-008670,rampa boa vista Catas Altas,-20.076100,-43.426000,0,0,0,0,0,0,0,0,pge:23911
PSF-008671,Reed’s Lookout Paraglider launch,-36.711000,146.816000,2,2,0,0,0,0,0,2,pge:23912
PSF-008672,Cerro Largo,-36.915600,-60.153000,2,1,0,0,0,0,0,1,pge:23913
PSF-008673,Petrópolis – Alto Morin,-22.539200,-43.149800,0,0,0,0,0,0,0,0,pge:23914
PSF-008674,Κυρά Παναγιά,39.400600,20.495800,0,0,0,0,0,0,0,0,pge:23915
PSF-008675,yuzui850,31.005400,103.562000,0,0,0,0,0,0,0,0,pge:23916
PSF-008676,同温层 > ENGLISH please - otherwise site will be cancelled!,30.818100,104.563000,0,0,0,0,0,0,0,0,pge:23917
PSF-008677,Sieseler Alm,51.215100,7.901860,0,0,0,0,0,0,0,0,pge:23918
PSF-008678,Am Kleff,51.214800,7.931820,0,0,0,0,0,0,0,0,pge:23919
PSF-008679,KotohiraSkyPark,32.946300,129.991000,0,0,0,0,0,0,0,0,pge:23920
PSF-008680,FlyPark,43.737400,10.534800,0,0,0,0,0,0,0,0,pge:23922
PSF-008681,JoMo Takeoff,47.707600,92.002500,0,0,0,0,0,0,0,0,pge:23923
PSF-008682,João Monlevade,-19.838700,-43.159600,0,0,0,0,0,0,0,0,pge:23924
PSF-008683,serrs do seara,-19.856200,-43.179300,0,0,0,0,0,0,0,0,pge:23925
PSF-008684,Passa Quatro - Campo do Muro,-22.407300,-44.914200,1,0,0,0,0,0,1,2,pge:23926
PSF-008685,Pico do Lobo,-22.194100,-45.725000,2,1,0,1,2,0,0,2,pge:23927
PSF-008686,Neochorouda,40.735600,22.891900,0,0,0,0,0,0,0,0,pge:23928
PSF-008687,Port Washington,43.395200,-87.864100,0,0,1,2,1,0,0,0,pge:23930
PSF-008688,Airport Barssel (EDXL),53.162700,7.799930,1,0,1,2,1,0,1,2,pge:23931
PSF-008689,Pushkin-Tau,42.538000,47.855700,0,0,2,2,0,0,0,0,pge:23932
PSF-008690,Indre Tvangen,61.331500,7.185320,0,0,0,0,0,0,0,0,pge:23933
PSF-008691,Fiori del Baldo,45.679700,10.816700,0,0,0,2,2,2,0,0,pge:23934
PSF-008692,CEREZO ADVENTURE LAUNCH,9.976190,-83.721600,0,2,2,2,2,0,0,0,pge:23935
PSF-008693,Landingplace Frutigen,46.586300,7.653960,0,0,0,0,0,0,0,0,pge:23936
PSF-008694,Grimer,46.553000,7.685840,0,0,0,0,0,0,0,0,pge:23937
PSF-008695,Rampa Quinta dos Cogumelos,-22.734300,-45.787800,2,1,0,0,0,0,0,1,pge:23938
PSF-008696,Alagoa - Pico do Gavião,-22.138100,-44.654000,0,0,0,2,2,1,0,0,pge:23939
PSF-008697,Risoul,42.763700,1.509080,1,0,0,0,0,1,0,1,pge:23940
PSF-008698,Cumbaya,-0.226888,-78.455800,0,0,0,0,0,0,0,0,pge:23941
PSF-008699,Despegue Palmavega,-1.802790,-79.240600,0,0,0,0,0,0,0,0,pge:23942
PSF-008700,Molovata,47.363800,29.076900,0,0,0,0,0,0,0,0,pge:23943
PSF-008701,Trebujeni south,47.309900,28.961500,0,0,0,0,0,0,0,0,pge:23944
PSF-008702,Trebujeni west,47.308700,28.992200,0,0,0,0,0,0,0,0,pge:23945
PSF-008703,Boscobel,43.155600,-90.679400,1,2,1,0,1,2,1,0,pge:23946
PSF-008704,VOLCANIC ASCENT AT  LAS ABRAS,9.996730,-83.731300,0,2,1,1,1,0,0,0,pge:23947
PSF-008705,Tysha,42.680700,74.595900,0,0,0,0,0,0,0,0,pge:23948
PSF-008706,Big Sur - Lower Hike and Fly,35.935000,-121.460000,0,0,0,0,0,0,0,0,pge:23949
PSF-008707,Prospect Trail Launch,41.330400,-123.540000,0,0,0,0,0,0,0,0,pge:23950
PSF-008708,Usal Beach South,39.827200,-123.846000,0,0,0,0,0,0,0,0,pge:23951
PSF-008709,Usal Beach North H&F,39.835000,-123.850000,0,0,0,0,0,0,0,0,pge:23952
PSF-008710,Tow Road,42.295800,-113.980000,1,0,1,2,1,0,1,2,pge:23953
PSF-008711,Piv Estaques,42.411000,2.035200,0,0,0,0,0,0,0,0,pge:23954
PSF-008712,Belloch,42.479000,1.925820,0,0,0,0,0,0,0,0,pge:23955
PSF-008713,Meranges,42.450900,1.812820,0,0,0,0,0,0,0,0,pge:23956
PSF-008714,Sant Alis Àger,42.039900,0.766854,0,0,0,0,0,0,0,0,pge:23957
PSF-008715,Cambre d'Aze Eyne,42.452900,2.122810,0,0,0,0,0,0,0,0,pge:23958
PSF-008716,Mont Tauch Paziols,42.891300,2.690880,0,0,0,0,0,0,0,0,pge:23959
PSF-008717,Timóteo,-19.545100,-42.597500,0,0,0,0,0,0,0,0,pge:23960
PSF-008718,KARATAŞ HARBİŞ TAKE OFF,36.543900,35.339100,0,0,0,0,0,0,0,0,pge:23961
PSF-008719,Corps de Garde,-20.251000,57.449600,0,0,0,0,0,0,0,0,pge:23962
PSF-008720,Mt Saint Piere,-20.265900,57.429500,0,0,0,0,0,0,0,0,pge:23963
PSF-008721,La tourelle Tamarin,-20.347300,57.376300,0,0,0,0,0,0,0,0,pge:23964
PSF-008722,Porto União,-26.332100,-50.930100,0,0,0,0,0,0,0,0,pge:23965
PSF-008723,Berazategui,-34.760400,-58.176000,0,0,0,0,0,0,0,0,pge:23966
PSF-008724,Neverland 2 towing site in season nov to may,26.781400,-81.245800,0,0,0,0,0,0,0,0,pge:23967
PSF-008725,MAGARSUS TAKEOFF,36.545100,35.353900,0,0,0,0,0,0,0,0,pge:23968
PSF-008726,Karlskoga Flygplats,59.339700,14.492900,0,0,0,0,0,0,0,0,pge:23969
PSF-008727,Federal Butte,43.130100,-116.635000,0,0,1,2,1,0,0,0,pge:23970
PSF-008728,Coo S,50.396000,5.888090,0,0,0,0,2,1,0,0,pge:23971
PSF-008729,Monthermé,49.889200,4.725430,0,0,0,2,1,0,0,0,pge:23972
PSF-008730,Ockfen,49.624100,6.594950,0,0,0,0,0,0,0,0,pge:23973
PSF-008731,Colombier,45.905800,5.761390,0,0,0,0,0,0,2,0,pge:2498
PSF-008732,Innimond,45.784900,5.591900,0,1,2,1,0,0,0,0,pge:2499
PSF-008733,Parves,45.739200,5.728060,0,0,0,0,0,2,2,2,pge:2500
PSF-008734,Sorgia,46.138300,5.855560,0,0,0,0,0,2,1,1,pge:2501
PSF-008735,Champfromier,46.214700,5.814440,0,0,0,2,0,0,0,0,pge:2502
PSF-008736,Balvay,46.183100,5.465830,0,0,0,0,2,0,0,0,pge:2503
PSF-008737,Jarbonnet,46.191400,5.459720,0,0,0,0,2,0,0,0,pge:2504
PSF-008738,Merpuis,46.122800,5.441390,0,0,0,0,0,2,2,2,pge:2505
PSF-008739,Cascade de glandieu,45.671700,5.615280,0,0,0,0,0,2,0,0,pge:2506
PSF-008740,Mont Myon,46.330600,5.396940,0,0,0,0,0,1,2,1,pge:2509
PSF-008741,Evosges,45.951400,5.486390,0,0,0,0,0,2,0,0,pge:2510
PSF-008742,Torcieu,45.911100,5.397220,2,0,0,0,0,0,0,0,pge:2511
PSF-008743,Saint sorlin,45.880000,5.398890,0,0,0,0,1,2,1,0,pge:2512
PSF-008744,Port,46.158600,5.573610,1,0,0,0,0,0,1,2,pge:2513
PSF-008745,La Vesancière,46.367800,6.080280,0,0,0,2,2,2,0,0,pge:2514
PSF-008746,Crozet (Les Deux Potes),46.298600,5.983330,0,2,2,2,2,0,0,0,pge:2515
PSF-008747,Mijoux,46.366400,6.010830,0,0,0,0,0,0,0,2,pge:2516
PSF-008748,Pente ecole de menthieres,46.174200,5.848610,0,0,0,0,2,0,0,0,pge:2518
PSF-008749,Le chanay,45.943100,5.511390,0,0,0,0,2,0,0,0,pge:2519
PSF-008750,Le Bouant,46.160800,5.835830,0,0,0,0,2,0,0,0,pge:2520
PSF-008751,Lurcy levis,46.713300,2.947220,0,2,0,0,0,2,0,0,pge:2522
PSF-008752,Grou de bane,44.050000,5.635000,0,0,0,2,0,0,0,0,pge:2523
PSF-008753,St Geniez - le Trainon,44.249200,6.066390,0,0,0,0,2,0,0,0,pge:2525
PSF-008754,Archail,44.109700,6.363330,0,0,0,0,0,0,0,2,pge:2526
PSF-008755,Digne les Bains - l'Andran,44.115600,6.213610,2,2,0,0,0,0,2,2,pge:2527
PSF-008756,Le cousson,44.053600,6.239720,0,0,0,0,0,2,0,0,pge:2528
PSF-008757,Gache,44.224600,5.979100,0,0,0,0,0,0,0,2,pge:2529
PSF-008758,Sumiou,44.138000,5.863500,0,2,0,0,0,0,0,0,pge:2531
PSF-008759,Molard,44.133100,5.966670,2,0,0,0,2,0,0,0,pge:2532
PSF-008760,Villevieille,44.076100,6.241390,0,0,0,0,0,0,2,0,pge:2534
PSF-008761,Moustiers Ste.Marie - Mt.Denier,43.853900,6.267220,0,0,0,0,2,2,2,2,pge:2536
PSF-008762,Gamby,44.051400,5.683610,0,0,0,0,0,0,0,0,pge:2537
PSF-008763,Contras,44.118900,5.725000,0,0,0,0,0,0,2,0,pge:2538
PSF-008764,Saint Vincent les Forts,44.443200,6.371600,0,0,0,0,0,1,2,1,pge:2539
PSF-008765,Les Richards,44.681100,6.231520,1,0,0,0,2,2,1,0,pge:2540
PSF-008766,Orcieres,44.699100,6.306060,0,0,0,0,0,2,0,0,pge:2541
PSF-008767,Mont guillaume,44.568300,6.423890,0,0,0,0,0,2,0,0,pge:2544
PSF-008768,Puy Aillaud,44.850400,6.479370,0,0,1,2,2,1,0,0,pge:2545
PSF-008769,Laragne - le Chabre,44.297800,5.765100,2,1,0,2,2,1,0,0,pge:2546
PSF-008770,Aspres,44.543000,5.709200,0,0,0,2,2,2,0,0,pge:2547
PSF-008771,Sospel - Agaisen,43.887800,7.455830,0,0,1,1,2,2,1,0,pge:2548
PSF-008772,Gourdon,43.723000,6.943800,0,0,1,2,1,0,0,0,pge:2549
PSF-008773,Cagnorina - Tende- Tenda,44.098900,7.600000,0,0,0,1,2,1,0,0,pge:2550
PSF-008774,Monaco- Roquebrune- Mont Gros,43.765700,7.442720,0,0,2,2,2,2,0,0,pge:2551
PSF-008775,Greolieres,43.802200,6.962220,0,0,0,1,2,0,0,0,pge:2553
PSF-008776,Thorenc - Col de Bleyne,43.813600,6.808490,0,0,0,1,2,1,0,0,pge:2554
PSF-008777,Auron,44.236700,6.903610,0,0,0,0,2,0,0,0,pge:2555
PSF-008778,Déco Baisse de Raymond (Veillos),44.096100,7.190830,0,0,0,0,0,2,0,0,pge:2556
PSF-008779,Lai barai,43.755800,7.410560,0,0,0,0,0,0,0,0,pge:2557
PSF-008780,Mont mezenc,44.910300,4.192800,0,0,2,0,2,0,0,0,pge:2558
PSF-008781,Roches des cuzets,44.891900,4.184400,0,0,2,0,0,0,0,0,pge:2559
PSF-008782,Serre en don,44.872200,4.397940,2,1,0,0,0,0,0,0,pge:2560
PSF-008783,Tanargue,44.611700,4.082500,0,0,0,0,2,0,0,0,pge:2561
PSF-008784,Serre de barre,44.403300,4.081390,0,2,0,0,0,0,0,0,pge:2562
PSF-008785,St sebastien,44.322800,4.152780,2,2,0,0,0,0,0,0,pge:2563
PSF-008786,Chabanet,44.712100,4.602200,2,0,0,0,0,0,0,0,pge:2564
PSF-008787,Cheynet,44.682600,4.614530,0,0,2,0,0,0,0,0,pge:2565
PSF-008788,Saint-Desirat,45.253600,4.796780,2,0,2,0,0,0,2,0,pge:2566
PSF-008789,Revin Fallieres,49.948300,4.624500,0,0,0,2,2,2,0,0,pge:2567
PSF-008790,Fumay-haybes Les AURAINS,49.987300,4.720900,0,0,0,0,0,0,2,2,pge:2568
PSF-008791,Haulmé,49.862800,4.778600,0,2,2,0,0,0,0,0,pge:2570
PSF-008792,Nohan sur semoy,49.873000,4.831280,2,2,0,0,0,0,0,0,pge:2571
PSF-008793,Laifour,49.917100,4.704620,0,0,0,0,0,2,0,0,pge:2573
PSF-008794,Letanne beaumont,49.557100,5.060690,0,2,2,0,0,0,0,0,pge:2574
PSF-008795,Stonne,49.550700,4.928700,2,2,0,0,0,0,0,0,pge:2575
PSF-008796,Verdun,42.791900,1.707500,0,0,0,0,0,0,2,0,pge:2577
PSF-008797,Massat - port de lers,42.812400,1.393700,0,0,0,0,0,0,0,2,pge:2579
PSF-008798,Moulis,42.953300,1.100280,0,2,0,0,0,0,0,0,pge:2580
PSF-008799,Cazavet,42.984300,1.035600,0,2,0,0,0,0,0,0,pge:2581
PSF-008800,Col de la core,42.862300,1.107950,0,0,0,0,0,0,0,2,pge:2582
PSF-008801,Arrout,42.943500,1.014710,0,0,2,0,0,0,0,0,pge:2583
PSF-008802,Peyre mensongere,42.798200,1.230770,0,0,0,0,0,0,0,0,pge:2585
PSF-008803,Monts d'olmes,42.826400,1.745560,0,0,0,0,0,0,2,0,pge:2586
PSF-008804,Col de pailheres,42.735000,2.012220,0,0,0,2,0,0,0,0,pge:2587
PSF-008805,Sainte germaine,48.218300,4.699440,0,2,0,0,0,0,0,0,pge:2588
PSF-008806,Sainte colombe - Eaux-Puiseaux,48.119800,3.904100,0,0,0,0,0,0,2,0,pge:2589
PSF-008807,Lusigny sur barse,48.252500,4.269000,0,1,0,0,0,1,0,0,pge:2590
PSF-008808,Cap Leucate,42.916700,3.050000,0,0,2,0,0,0,0,0,pge:2592
PSF-008809,Chateau de Peyrepertuse,42.871100,2.565830,0,0,0,2,2,0,0,0,pge:2593
PSF-008810,Argeliers,43.315000,2.885000,0,0,2,2,2,1,0,0,pge:2594
PSF-008811,Villeseque des corbieres,43.009200,2.867500,0,0,0,0,0,0,0,2,pge:2595
PSF-008812,Pic de Brau,43.011800,2.225900,1,0,0,0,0,0,0,2,pge:2596
PSF-008813,Millau - Brunas,44.073200,3.064070,2,0,0,0,0,0,0,2,pge:2597
PSF-008814,Novis-Séverac le Chateau,44.257500,3.118060,0,0,0,2,2,0,0,0,pge:2598
PSF-008815,Compolibat,44.364200,2.206390,0,0,0,0,0,0,2,2,pge:2601
PSF-008816,Le kaymard,44.546300,2.478160,0,0,0,0,2,0,0,0,pge:2602
PSF-008817,Saujac,44.487200,1.891390,0,0,0,0,0,0,2,2,pge:2603
PSF-008818,La sainte victoire,43.537800,5.648890,0,0,0,1,2,2,1,0,pge:2604
PSF-008819,La Roche a Bunel,48.993300,-0.498700,0,0,2,1,0,0,0,0,pge:2610
PSF-008820,Villers sur mer,49.318400,-0.019000,2,0,0,0,0,0,0,2,pge:2611
PSF-008821,Vierville sur mer,49.382800,-0.910556,0,2,0,0,0,0,0,0,pge:2612
PSF-008822,Commes,49.346100,-0.725556,2,2,0,0,0,0,0,0,pge:2613
PSF-008823,St Marc d'Ouilly,48.882400,-0.445000,1,2,0,0,0,0,0,0,pge:2614
PSF-008824,Clecy-st omer,48.929400,-0.470000,0,0,0,0,2,2,2,0,pge:2615
PSF-008825,Le mont du pere,48.930600,-0.445000,0,0,0,2,0,0,0,2,pge:2616
PSF-008826,Stade plaine de falaise,49.011100,-0.254167,0,2,0,0,0,0,0,0,pge:2617
PSF-008827,Ouilly le tesson,49.008100,-0.235556,0,2,0,0,0,0,0,0,pge:2618
PSF-008828,Soulangy,48.942200,-0.201389,2,0,0,0,0,0,0,2,pge:2620
PSF-008829,Olendon,48.976100,-0.168333,0,0,0,0,0,0,2,2,pge:2621
PSF-008830,Versainville,48.931400,-0.184167,2,0,0,0,0,0,0,2,pge:2622
PSF-008831,La Boissiere sur Eure,48.940100,1.351600,0,0,0,0,0,0,0,0,pge:2625
PSF-008832,Tracy,49.342500,-0.635556,1,2,0,0,0,0,0,0,pge:2627
PSF-008833,Aunay-sur-Odon,49.001900,-0.655060,1,0,0,0,0,0,0,2,pge:2629
PSF-008834,Col d\'aulac,45.193600,2.596940,0,0,0,0,0,2,0,0,pge:2631
PSF-008835,Col de serre,45.133100,2.788060,0,0,0,0,0,0,0,2,pge:2632
PSF-008836,Dienne - pierre de labro,45.169400,2.795000,0,0,0,2,2,0,0,0,pge:2633
PSF-008837,Dienne - rocher de laqueuille,45.149400,2.794720,2,0,0,0,2,0,0,0,pge:2634
PSF-008838,Brezons,45.006700,2.814300,0,0,0,0,1,2,2,1,pge:2635
PSF-008839,Vic sur cere,44.981900,2.659020,0,0,0,0,0,0,0,2,pge:2636
PSF-008840,Plomb du cantal,45.061100,2.760830,2,0,0,0,0,0,2,2,pge:2637
PSF-008841,Chabraire,45.152800,2.732780,1,0,0,0,0,0,1,2,pge:2638
PSF-008842,Puy de la tourte Est,45.116100,2.671270,0,0,2,0,0,0,0,0,pge:2639
PSF-008843,Puy mary - sud,45.104300,2.661160,0,0,0,0,2,0,0,0,pge:2641
PSF-008844,Puy mary - nord est,45.106300,2.681620,0,0,2,0,0,0,0,0,pge:2642
PSF-008845,Barbeziere,45.899700,0.016667,2,0,0,0,2,0,0,0,pge:2644
PSF-008846,Aigre,45.921900,3.575000,0,0,2,0,0,0,2,0,pge:2645
PSF-008847,Angouleme,45.554700,0.016389,2,0,0,0,2,0,0,0,pge:2646
PSF-008848,Magnac lavalette,45.495800,0.260278,2,2,2,2,2,2,2,2,pge:2647
PSF-008849,Expiremont,45.340600,-0.375833,0,0,0,0,0,0,0,0,pge:2648
PSF-008850,Bort les orgues,45.397200,2.456390,0,0,0,0,2,2,2,0,pge:2650
PSF-008851,Les chanceves,45.092500,1.853330,0,0,0,2,0,0,0,2,pge:2651
PSF-008852,Monceaux - le temple,45.049600,1.926170,0,0,0,0,2,2,2,0,pge:2652
PSF-008853,Monceaux - bros,45.064700,1.899440,2,0,2,0,0,0,0,0,pge:2653
PSF-008854,Monceaux - puy du tour,45.081600,1.921290,0,0,0,2,2,2,0,0,pge:2654
PSF-008855,Monceaux - treyssac entauve,45.038900,1.896390,0,0,0,0,0,0,0,2,pge:2655
PSF-008856,Puy de la monediere,45.486000,1.839390,1,2,2,0,0,0,2,2,pge:2656
PSF-008857,Espace vent,45.418100,1.848610,0,0,0,0,0,0,0,0,pge:2657
PSF-008858,Battaglia,42.548300,9.007220,0,0,0,0,0,0,0,2,pge:2658
PSF-008859,Belgodere,42.591700,9.029170,0,0,0,0,0,0,2,0,pge:2659
PSF-008860,Battaglia - croce d\'olu,42.548400,8.998400,0,0,0,0,0,0,0,2,pge:2660
PSF-008861,Corbara,42.616500,8.903530,0,0,0,0,0,0,0,2,pge:2661
PSF-008862,Teghime,42.674400,9.378100,0,1,2,1,0,0,0,0,pge:2663
PSF-008863,Nonza,42.792500,9.355280,0,0,0,0,0,0,2,0,pge:2664
PSF-008864,Calacuccia,42.312200,9.041110,0,0,0,0,0,0,0,2,pge:2665
PSF-008865,Lozzi,42.351100,8.967220,0,2,0,0,0,2,0,0,pge:2666
PSF-008866,Cervione,42.326700,9.476940,0,0,2,2,2,0,0,0,pge:2667
PSF-008867,Birout\'ale,42.891100,9.371940,0,1,0,0,1,1,0,1,pge:2668
PSF-008868,Pasques,47.372900,4.866100,0,2,0,0,0,2,0,0,pge:2669
PSF-008869,Domaine de la cras,47.326000,4.986200,2,2,0,0,0,0,0,0,pge:2670
PSF-008870,Seuriot baudot,47.341700,4.747220,0,0,2,2,0,0,0,0,pge:2671
PSF-008871,Le Bressiot,47.299800,4.650000,2,0,0,0,0,0,0,0,pge:2672
PSF-008872,Meloisey,47.039200,4.725560,0,0,0,2,1,0,0,0,pge:2673
PSF-008873,Saint philippe,46.962500,4.623610,0,0,0,0,2,0,0,0,pge:2675
PSF-008874,Athie,47.573300,4.272400,0,0,0,0,0,1,2,1,pge:2676
PSF-008875,Roselier,48.554700,-2.715800,2,2,1,2,0,0,0,0,pge:2677
PSF-008876,Le maupuy sur gueret,46.164200,1.837780,0,2,2,0,0,0,0,0,pge:2678
PSF-008877,La foret,45.116700,1.301390,2,2,0,0,0,0,0,2,pge:2680
PSF-008878,Bigaroque,44.853100,0.935833,0,0,0,0,0,2,0,0,pge:2681
PSF-008879,Le bugue,44.893900,0.954444,2,0,0,0,0,0,0,0,pge:2682
PSF-008880,Saint cyprien,44.858900,1.020560,0,0,2,2,0,0,0,0,pge:2683
PSF-008881,Bordas,45.048300,0.663611,0,0,0,2,2,0,0,0,pge:2684
PSF-008882,St leon sur vezere,45.017200,1.070560,0,0,0,2,0,0,0,0,pge:2685
PSF-008883,Aubas,45.088600,1.215100,2,1,0,0,0,0,0,1,pge:2686
PSF-008884,La planoise SO,47.204400,5.977500,0,0,0,0,1,2,0,0,pge:2687
PSF-008885,Vieilley,47.324200,6.085560,2,0,0,0,0,0,0,2,pge:2688
PSF-008886,Montfaucon,47.240800,6.081940,0,0,0,0,0,0,0,2,pge:2689
PSF-008887,Echevannes,47.066900,6.234440,0,0,0,0,0,0,2,0,pge:2690
PSF-008888,Ougney la roche,47.308100,6.227500,0,0,0,0,0,0,0,2,pge:2691
PSF-008889,Mont d'or,46.732500,6.360280,0,0,2,0,0,0,0,0,pge:2692
PSF-008890,Metabief,46.760500,6.357100,2,0,0,0,0,0,2,2,pge:2693
PSF-008891,Mont chateleu,46.990000,6.575560,0,0,0,0,0,0,2,0,pge:2694
PSF-008892,Clerval,47.390800,6.513330,0,0,0,0,0,0,2,0,pge:2696
PSF-008893,Roche les clerval,47.356700,6.478890,2,2,0,0,0,0,0,2,pge:2697
PSF-008894,Montlandon,47.310800,6.843890,0,2,0,0,0,0,0,0,pge:2698
PSF-008895,Mathay,47.431400,6.795800,0,0,0,0,0,1,2,1,pge:2699
PSF-008896,Bief,47.314200,6.772500,2,0,0,0,0,0,0,0,pge:2701
PSF-008897,Baume les dames,47.349400,6.386670,0,0,0,0,0,0,2,0,pge:2702
PSF-008898,Amathay,47.020000,6.221670,0,0,0,0,0,0,0,2,pge:2703
PSF-008899,Rosemont,47.221700,6.000000,0,0,0,0,2,2,2,0,pge:2704
PSF-008900,Morond mont d'or,46.750400,6.343900,0,0,0,0,0,0,2,0,pge:2705
PSF-008901,Arguel,47.194700,5.990560,2,0,0,0,0,0,0,0,pge:2706
PSF-008902,Garde Grosse,44.336700,5.155830,0,0,0,0,2,0,1,2,pge:2707
PSF-008903,Sederon-mevouillon : le fort,44.238900,5.483330,0,0,2,0,0,0,2,0,pge:2709
PSF-008904,La trappe,44.253300,5.504400,0,0,0,0,2,0,0,0,pge:2710
PSF-008905,Sederon-mevouillon : ballons,44.266700,5.640280,0,0,0,0,2,0,0,0,pge:2711
PSF-008906,Bergies,44.203500,5.511400,2,0,0,0,0,2,0,0,pge:2712
PSF-008907,Col d'Ey,44.311000,5.281800,2,0,0,0,0,0,0,1,pge:2713
PSF-008908,Col de Soubeyrand,44.375000,5.333330,0,0,0,0,1,2,0,0,pge:2714
PSF-008909,Clamontard - Luc-en-Diois,44.603100,5.441110,2,0,0,0,0,0,0,0,pge:2715
PSF-008910,Lesches en diois,44.609700,5.547780,0,0,0,1,2,1,0,0,pge:2716
PSF-008911,Die,44.742200,5.350830,0,0,0,0,0,0,2,0,pge:2718
PSF-008912,Valdrome,44.489700,5.550200,2,0,0,0,0,0,0,0,pge:2719
PSF-008913,Aurel,44.703600,5.318060,0,0,0,0,0,0,0,2,pge:2720
PSF-008914,Les Limouches,44.890600,5.141310,2,0,0,0,0,0,0,0,pge:2721
PSF-008915,Roynac - col du deves,44.657500,4.936530,0,0,0,0,0,2,0,0,pge:2722
PSF-008916,Sahune,44.366700,5.266700,0,0,0,0,0,0,2,0,pge:2723
PSF-008917,Beauvoisin,44.303100,5.236940,0,0,0,0,2,2,1,0,pge:2724
PSF-008918,Musan,45.990000,5.236670,0,0,2,0,0,0,0,0,pge:2725
PSF-008919,Pre valet la sarna,44.969800,5.448700,0,0,0,0,0,0,2,0,pge:2726
PSF-008920,Saint-Jean-en-Royans,45.006700,5.317360,1,0,0,0,0,0,1,2,pge:2731
PSF-008921,Le Pas Saint Martin,45.022800,5.465000,0,0,0,0,0,2,0,0,pge:2732
PSF-008922,Buc,44.225100,5.473300,0,0,1,0,0,0,2,2,pge:2733
PSF-008923,La cote des deux amants,49.319100,1.246000,1,0,0,0,0,1,1,2,pge:2734
PSF-008924,Fontaine sous jouy,49.066800,1.284310,0,1,2,0,0,0,0,0,pge:2735
PSF-008925,Barneville sur seine,49.387800,0.848100,1,2,0,0,0,0,0,1,pge:2736
PSF-008926,Quatremare,49.176800,1.077730,0,0,0,0,0,0,2,0,pge:2738
PSF-008927,Brosville,49.118100,1.119440,0,0,0,0,0,2,0,0,pge:2739
PSF-008928,La roquette,49.242700,1.329900,0,0,0,2,1,0,0,0,pge:2740
PSF-008929,Trebeurden,48.760900,-3.577100,0,0,0,0,0,0,2,1,pge:2741
PSF-008930,Quittebeuf,49.113100,1.023610,0,0,0,2,0,0,0,2,pge:2743
PSF-008931,Marais vernier,49.402500,0.467200,1,2,0,0,0,0,0,0,pge:2744
PSF-008932,St samson de la roque,49.420900,0.427200,0,0,0,0,0,2,0,0,pge:2745
PSF-008933,Louviers,49.212200,1.188610,0,0,0,0,0,0,0,0,pge:2746
PSF-008934,Surtauville,49.197900,1.056060,0,0,0,0,0,0,0,0,pge:2747
PSF-008935,Daubeuf la campagne,49.190300,1.036060,0,0,0,0,0,0,0,0,pge:2748
PSF-008936,Le tilleul othon,49.110000,0.822778,0,0,0,0,0,0,0,0,pge:2749
PSF-008937,Tuchenn ar kador,48.373800,-3.952200,0,0,2,2,0,0,0,0,pge:2750
PSF-008938,Menez-Hom (Menez Hom),48.220500,-4.236400,2,1,0,0,0,0,1,2,pge:2751
PSF-008939,Kervigen,48.156800,-4.277900,0,0,0,0,2,2,0,0,pge:2752
PSF-008940,Saint Come,43.835400,4.197900,0,0,0,0,2,0,0,0,pge:2753
PSF-008941,Sinsans,43.810700,4.182200,0,2,2,1,0,0,0,0,pge:2754
PSF-008942,Mont Bouquet,44.132000,4.285450,1,2,2,2,2,1,0,0,pge:2755
PSF-008943,Sueille,44.107800,3.908330,0,0,0,0,0,2,0,0,pge:2756
PSF-008944,Anduze,44.059200,3.998610,0,0,0,0,0,0,1,1,pge:2757
PSF-008945,Saint sebastien,44.310600,4.148330,2,2,0,0,0,0,0,0,pge:2758
PSF-008946,Pompignan,43.876900,3.857700,2,2,0,0,0,0,0,1,pge:2760
PSF-008947,Superbagneres - luchon,42.768100,0.579722,0,0,2,0,2,0,0,0,pge:2761
PSF-008948,Pujo de gery,42.919400,0.668986,2,0,0,0,0,0,0,0,pge:2763
PSF-008949,Dausse,43.047900,0.791700,0,2,0,0,0,0,0,2,pge:2764
PSF-008950,Gensac,43.212200,1.131110,0,0,0,0,0,0,0,2,pge:2765
PSF-008951,Roquefort sur garonne,43.159700,0.990278,0,0,0,0,0,0,2,0,pge:2766
PSF-008952,Cabanac et villagrains,44.615000,-0.575556,0,1,2,1,0,1,2,1,pge:2768
PSF-008953,Saut de Vesole,43.562800,2.829440,0,0,0,2,2,0,0,0,pge:2770
PSF-008954,La Seranne - Déco France,43.868900,3.640600,0,0,0,1,2,1,0,0,pge:2771
PSF-008955,Claret SUD,43.875700,3.886700,0,0,0,2,2,1,0,0,pge:2772
PSF-008956,Cezas,43.966700,3.784400,0,0,0,2,2,2,0,0,pge:2773
PSF-008957,La guimorais,48.695300,-1.934170,1,0,0,0,0,0,1,1,pge:2776
PSF-008958,Sougeal le marais,48.513900,-1.513890,2,1,1,1,2,1,1,1,pge:2777
PSF-008959,Malleval,45.131700,5.441940,0,0,0,0,0,0,0,2,pge:2778
PSF-008960,La lia,45.175700,5.437000,0,0,0,0,0,0,0,2,pge:2779
PSF-008961,Connex,44.995300,5.725560,0,0,0,2,2,0,0,0,pge:2780
PSF-008962,Jas d'oris,44.926900,5.887780,0,0,0,0,1,2,0,0,pge:2781
PSF-008963,Chalais,45.292400,5.661700,0,0,0,1,2,0,0,0,pge:2782
PSF-008964,Villard - cote 2000,45.030000,5.567200,2,0,0,0,0,2,2,0,pge:2783
PSF-008965,Colombiers d'Entraigues,44.872200,5.929440,0,0,0,0,0,0,1,2,pge:2784
PSF-008966,Saint Pierre de Chartreuse - La Scia,45.345300,5.846000,0,0,0,1,2,2,2,2,pge:2785
PSF-008967,Allevard-Malatrait,45.393700,6.106600,1,0,0,0,0,0,2,1,pge:2786
PSF-008968,Allevard-St Pierre,45.385000,6.038800,0,0,0,2,0,0,0,0,pge:2787
PSF-008969,Courtet,44.770000,5.798060,1,0,0,0,0,0,2,2,pge:2788
PSF-008970,Méaudre,45.116900,5.517220,0,2,2,0,0,0,0,0,pge:2789
PSF-008971,Chamrousse - l'Aiguille / la Croix,45.130100,5.883410,1,0,0,0,1,2,2,2,pge:2791
PSF-008972,L'allevoux,45.123600,5.380000,1,0,0,0,0,1,2,1,pge:2792
PSF-008973,Le Grand Ratz,45.329300,5.635900,0,0,0,0,0,2,2,1,pge:2793
PSF-008974,Montaud,45.245000,5.574450,2,1,0,0,0,0,0,1,pge:2794
PSF-008975,Alpes d'huez,45.101200,6.060590,0,0,2,0,0,0,0,0,pge:2795
PSF-008976,Lans en vercors,45.118600,5.597220,0,0,0,0,0,0,2,0,pge:2797
PSF-008977,Les 2 alpes,44.996900,6.148330,0,0,0,0,0,2,2,0,pge:2798
PSF-008978,Varces-plateau de Saint Anges,45.096700,5.646940,2,0,0,0,0,0,0,0,pge:2799
PSF-008979,Prapoutel les 7 laux,45.238600,6.016940,0,0,0,0,0,0,2,0,pge:2800
PSF-008980,Lezat,46.503200,5.936830,0,0,2,2,0,0,0,0,pge:2803
PSF-008981,Noirmont,46.486900,6.107220,2,0,0,0,0,0,0,2,pge:2804
PSF-008982,Septmoncel,46.366700,5.900000,0,0,0,0,0,0,2,0,pge:2805
PSF-008983,Montcusel,46.333300,5.666670,0,0,0,0,2,0,2,0,pge:2806
PSF-008984,Mont poupet,46.970200,5.876200,0,0,0,0,1,0,1,1,pge:2807
PSF-008985,Pannessieres,46.705400,5.603450,0,0,0,0,0,0,2,0,pge:2808
PSF-008986,Grusse,46.587800,5.513060,0,0,0,0,0,0,0,2,pge:2810
PSF-008987,Ney,46.731900,5.893610,0,2,0,0,0,2,0,0,pge:2811
PSF-008988,Pic de l\'aigle,46.614700,5.901940,0,0,0,0,0,0,2,2,pge:2812
PSF-008989,La jasserie,45.385100,4.567900,2,1,0,0,0,1,2,2,pge:2813
PSF-008990,Mont semiol,45.633100,3.971390,2,0,0,0,0,0,0,0,pge:2814
PSF-008991,Sail sous couzan,45.725800,3.969720,0,0,2,2,0,0,0,0,pge:2815
PSF-008992,Cherier,45.984900,3.923580,2,2,2,2,2,0,0,0,pge:2817
PSF-008993,Lavoute sur loire,45.112200,3.918060,2,1,0,0,0,0,0,2,pge:2819
PSF-008994,Chaspinhac,45.104400,3.931390,0,2,2,0,0,0,0,0,pge:2820
PSF-008995,Mont Denise,45.059400,3.855560,0,0,0,0,2,1,2,1,pge:2821
PSF-008996,Chaudeyrolles,44.935900,4.191560,2,2,0,0,0,0,0,0,pge:2822
PSF-008997,Mont d'alambre,44.915300,4.159170,0,0,0,0,2,2,0,0,pge:2823
PSF-008998,Abbaretz,47.562200,-1.540000,0,2,0,0,0,0,0,0,pge:2824
PSF-008999,Le roc,42.877800,1.451110,0,0,0,0,0,0,2,0,pge:2825
PSF-009000,Soult,44.898000,1.654270,1,0,0,0,0,0,1,2,pge:2826
PSF-009001,Mont mercou,44.911300,1.582000,0,0,0,2,2,0,0,0,pge:2827
PSF-009002,Meyronne,44.882200,1.608330,0,0,0,0,0,0,2,0,pge:2828
PSF-009003,Luzech,44.493900,1.288330,0,0,0,2,2,2,0,0,pge:2829
PSF-009004,Douelle,44.463600,1.372200,2,2,0,0,0,0,0,2,pge:2830
PSF-009005,Crayssac,44.502900,1.321290,0,0,0,2,2,2,0,0,pge:2831
PSF-009006,Dreuilh,44.480700,1.795200,0,0,0,2,0,0,0,0,pge:2832
PSF-009007,Le roc site ouest,44.873600,1.450650,0,0,0,0,0,0,2,0,pge:2833
PSF-009008,Le roc nord,44.863100,1.436670,2,0,0,0,0,0,0,0,pge:2834
PSF-009009,Ayet,44.339900,0.333300,0,0,0,0,0,2,0,2,pge:2835
PSF-009010,Penne d\'agenais,44.391200,0.822600,2,1,0,0,0,0,0,2,pge:2836
PSF-009011,Laparade,44.383300,0.442600,0,0,0,2,0,0,0,0,pge:2837
PSF-009012,Nicole,44.324900,0.347100,0,2,1,0,0,2,1,0,pge:2838
PSF-009013,Mende nord,44.507800,3.477780,2,0,0,0,0,0,0,0,pge:2839
PSF-009014,Mende sud,44.490300,3.510280,0,0,0,0,2,0,0,0,pge:2840
PSF-009015,Mende est,44.515000,3.458330,0,0,2,0,0,0,0,0,pge:2841
PSF-009016,Barjac,44.502200,3.418610,0,0,0,0,0,2,2,0,pge:2842
PSF-009017,Ispagnac,44.357900,3.540500,0,0,0,0,0,0,0,2,pge:2843
PSF-009018,Le villard,44.468100,3.270830,2,0,0,0,0,0,0,0,pge:2844
PSF-009019,Brain sur l\'authion,47.433300,-0.400000,2,0,0,0,2,0,0,0,pge:2845
PSF-009020,Coutures,47.370000,-0.355500,0,0,2,0,0,0,2,0,pge:2846
PSF-009021,Saint mathurin,47.430000,-0.343000,0,0,2,0,0,0,2,0,pge:2847
PSF-009022,Chemellier,47.350000,-0.345000,0,2,0,0,0,0,0,0,pge:2848
PSF-009023,Vauville les Pierres pouquelees,49.649900,-1.855600,0,0,0,0,0,2,0,0,pge:2849
PSF-009024,Dielette Le plate,49.557700,-1.850300,0,0,0,0,0,0,0,2,pge:2850
PSF-009025,Carolles,48.754500,-1.572800,0,0,0,0,0,0,2,2,pge:2851
PSF-009026,Champeaux,48.706000,-1.499400,0,0,0,0,2,2,0,0,pge:2852
PSF-009027,Omonville la rogue,49.695100,-1.833000,0,2,0,0,0,0,0,0,pge:2853
PSF-009028,Landemer,49.678600,-1.774500,2,0,0,0,0,0,0,0,pge:2854
PSF-009029,Carteret deco Sud,49.373000,-1.805700,0,0,0,0,2,0,0,0,pge:2855
PSF-009030,Le rozel,49.474500,-1.844300,0,0,0,0,0,0,0,2,pge:2856
PSF-009031,Grauves,48.982300,3.963600,0,0,0,0,0,2,1,0,pge:2857
PSF-009032,Port a binson,49.072700,3.762500,2,0,0,0,0,0,0,0,pge:2858
PSF-009033,Nozet,48.836900,3.541540,0,0,0,0,0,0,0,0,pge:2859
PSF-009034,Cul-au-jean,48.761900,3.790000,0,0,0,0,0,0,0,0,pge:2860
PSF-009035,Soncourt sur marne,48.256400,5.103890,0,0,0,2,2,0,0,0,pge:2863
PSF-009036,Vouecourt,48.266700,5.145830,0,0,0,0,0,0,2,0,pge:2864
PSF-009037,Charmoilles,47.955600,5.360000,2,2,0,0,0,0,0,0,pge:2866
PSF-009038,Sion - vaudemont,48.408700,6.068900,0,0,0,0,1,2,0,0,pge:2867
PSF-009039,Base de chambley,49.033300,5.866670,0,0,0,0,0,0,0,0,pge:2868
PSF-009040,Jouy sous les cotes,48.784300,5.680600,0,2,0,0,0,0,0,0,pge:2869
PSF-009041,Penestin - La mine d'or,47.482600,-2.495600,0,0,0,0,0,2,2,0,pge:2870
PSF-009042,Haselbourg-neustadtmuhle,48.650000,7.233300,0,0,0,0,0,0,2,0,pge:2871
PSF-009043,Donon,48.531600,7.168920,0,0,0,0,1,2,2,0,pge:2872
PSF-009044,Hommert,48.681000,7.189130,2,2,0,0,0,0,0,0,pge:2873
PSF-009045,Haute-kontz,49.458900,6.338890,0,0,0,1,1,0,0,0,pge:2874
PSF-009046,Grenois,47.325000,3.537990,0,0,0,0,2,0,0,0,pge:2875
PSF-009047,Auteuil,49.330300,2.091300,2,0,0,0,0,0,0,0,pge:2876
PSF-009048,Licques - haut vigneau,50.785800,1.935830,0,0,0,1,1,1,0,0,pge:2878
PSF-009049,Dannes,50.587500,1.636670,0,0,0,0,0,0,1,0,pge:2879
PSF-009050,Olhain - Parc d'Olhain,50.433800,2.585900,0,0,0,0,1,2,0,0,pge:2880
PSF-009051,Pointe de la creche,50.750600,1.605560,0,0,0,0,0,1,1,1,pge:2881
PSF-009052,Frencq,50.559300,1.668800,0,1,0,0,0,0,0,0,pge:2882
PSF-009053,Mont hulin,50.663900,1.850000,0,0,0,0,0,0,0,0,pge:2883
PSF-009054,Mieures - campagne les boulonnais,50.621700,1.987500,0,0,2,0,0,0,2,0,pge:2884
PSF-009055,Wimereux - Pointe de la crèche,50.751200,1.597300,0,0,0,0,1,2,0,2,pge:2886
PSF-009056,La comte,50.416700,2.514900,0,0,0,0,0,0,1,1,pge:2887
PSF-009057,Equihen,50.679600,1.567400,0,0,0,0,0,1,1,0,pge:2888
PSF-009058,La montagne d\'acquin,50.735600,2.108610,0,0,0,0,0,2,0,0,pge:2889
PSF-009059,Pic st pierre,45.532200,2.989720,0,0,0,2,2,0,0,0,pge:2891
PSF-009060,Croix de st sandoux,45.631900,3.115560,2,2,0,0,0,0,0,0,pge:2893
PSF-009061,Puy de st romain,45.680800,3.246390,0,0,0,0,2,2,2,0,pge:2894
PSF-009062,Le chateau,44.471700,3.275000,0,0,0,0,0,2,0,0,pge:2895
PSF-009063,Puy de Dome,45.772800,2.962500,2,2,2,2,2,2,2,2,pge:2896
PSF-009064,Saurier,45.528600,3.058890,2,2,0,2,2,0,2,2,pge:2897
PSF-009065,Valbeleix,45.466700,2.997780,2,0,0,0,0,2,2,2,pge:2898
PSF-009066,Anzat le luguet,45.330300,3.005000,2,2,2,2,0,0,0,0,pge:2899
PSF-009067,Super-besse,45.524700,2.826110,0,0,0,0,2,2,2,0,pge:2900
PSF-009068,Sancy nord,45.600600,2.785000,0,0,0,0,2,0,0,0,pge:2901
PSF-009069,Puy de corent,45.661700,3.176940,0,0,0,2,2,2,2,2,pge:2902
PSF-009070,Sancy est,45.530600,2.813060,2,0,0,0,0,0,0,0,pge:2903
PSF-009071,Job-ambert Mont Chouve,45.630800,3.781110,0,0,0,0,2,2,2,2,pge:2905
PSF-009072,Le mont dore,45.528600,2.813890,2,0,0,0,0,0,0,0,pge:2906
PSF-009073,Trossagne,45.519700,2.983890,2,2,0,0,0,0,0,0,pge:2907
PSF-009074,Le puy gros,45.598300,2.789720,0,0,2,2,2,2,2,0,pge:2908
PSF-009075,Puy de l\'angle et du mareuilh,45.572800,2.840000,0,0,2,2,0,0,2,0,pge:2909
PSF-009076,Puy de l\'ouire,45.628600,2.831390,2,0,0,0,0,2,2,2,pge:2910
PSF-009077,Puy de la tache,45.591900,2.845560,2,2,0,0,0,0,0,0,pge:2911
PSF-009078,La montagne de la plate,45.533300,2.867500,2,2,0,0,0,0,0,0,pge:2912
PSF-009079,Cabidos - piste du moulin (Pau),43.549700,-0.533056,0,0,2,0,0,0,2,0,pge:2913
PSF-009080,Accous - 500,42.974700,-0.561111,0,0,0,0,2,0,0,0,pge:2916
PSF-009081,Accous - delta-parapente,42.981900,-0.570278,0,0,0,0,0,2,2,0,pge:2917
PSF-009082,Baigura,43.293100,-1.291500,2,2,2,0,0,0,2,2,pge:2918
PSF-009083,Jara,43.198900,-1.290000,2,0,0,0,2,0,0,0,pge:2919
PSF-009084,Mail d'Eygarry,42.961000,-0.660000,2,0,0,0,2,0,0,0,pge:2920
PSF-009085,Le Layens,43.020300,-0.644722,0,0,0,0,2,0,0,0,pge:2921
PSF-009086,Labigouer,42.881000,-0.619787,0,0,2,0,0,0,2,0,pge:2922
PSF-009087,Pic d'Annie,42.943900,-0.719444,0,0,2,0,0,0,0,0,pge:2923
PSF-009088,Grange des Cinq Monts,43.003100,-0.432222,0,2,2,0,0,0,0,0,pge:2924
PSF-009089,La Madeleine,43.148000,-0.844000,2,2,2,2,2,2,2,2,pge:2925
PSF-009090,Vallee du louron,42.809000,0.375600,0,1,2,1,1,0,0,0,pge:2926
PSF-009091,Col du Couraduque,42.990300,-0.196390,0,0,2,2,0,0,0,0,pge:2927
PSF-009092,Hautacam -la Bergerie,42.982200,-0.032500,0,0,0,0,0,2,0,0,pge:2928
PSF-009093,Bareges-tourmalet,42.910400,0.143139,0,0,0,0,0,0,2,0,pge:2930
PSF-009094,Pla d'Adet,42.814700,0.298200,1,2,0,0,0,0,0,0,pge:2931
PSF-009095,Ceret,42.458700,2.767440,2,2,1,0,0,0,0,2,pge:2933
PSF-009096,Mauroux (Pic dels Moros),42.510500,1.988520,0,0,0,2,2,2,0,0,pge:2934
PSF-009097,Les Angles - Les Pelerins,42.589700,2.030560,1,2,1,0,0,0,0,0,pge:2935
PSF-009098,Forca real,42.726700,2.701400,0,0,0,2,0,0,0,0,pge:2937
PSF-009099,Altenberg - rocher du coucou,48.298700,7.311700,1,2,0,0,0,0,0,0,pge:2941
PSF-009100,Belmont,48.419200,7.239200,0,0,0,0,0,2,0,0,pge:2942
PSF-009101,Schwartzbach,48.499100,7.282100,2,2,0,0,0,0,0,2,pge:2943
PSF-009102,Breitenbach-Pelage,48.383700,7.282600,0,0,1,2,2,1,0,0,pge:2944
PSF-009103,Niedermatten (pente ecole),48.375200,7.308000,0,0,0,0,2,1,1,0,pge:2945
PSF-009104,Reinhardsmunster,48.677500,7.312000,0,2,2,2,0,0,0,0,pge:2946
PSF-009105,Gustiberg,47.893800,6.934430,0,0,0,1,2,1,0,0,pge:2948
PSF-009106,Stockenberg,47.883600,7.021390,0,0,0,0,0,2,2,0,pge:2949
PSF-009107,Schnepfenried,47.979300,7.043100,0,2,2,0,0,0,0,0,pge:2950
PSF-009108,Altmatt,48.031100,7.074720,0,0,0,2,2,2,0,0,pge:2951
PSF-009109,Bonhomme - la closerie,48.186100,7.095560,0,0,0,2,0,0,0,0,pge:2952
PSF-009110,Ribeaugoutte,48.178100,7.158060,0,2,0,0,0,0,0,0,pge:2954
PSF-009111,Surcenord,48.152500,7.132200,0,2,2,1,0,0,0,0,pge:2956
PSF-009112,Le gaschney,48.035300,7.035560,0,0,0,0,2,0,2,0,pge:2958
PSF-009113,Treh markstein,47.925700,7.011880,0,0,0,0,1,2,2,1,pge:2959
PSF-009114,Hohrodberg,48.069400,7.129440,0,0,0,0,1,1,1,0,pge:2960
PSF-009115,Quincié en Beaujolais,46.108500,4.619010,2,1,0,0,0,0,0,1,pge:2961
PSF-009116,Grand cret,46.126100,4.582780,0,2,0,0,0,0,0,0,pge:2963
PSF-009117,Echenoz la meline,47.602000,6.129970,0,0,2,0,0,0,0,0,pge:2965
PSF-009118,Sainte marie en chanois,47.837800,6.528000,0,0,0,1,2,1,0,0,pge:2966
PSF-009119,La berbasse,47.775600,6.738890,0,0,0,0,2,0,0,0,pge:2967
PSF-009120,Haute planche,47.768300,6.775000,2,0,0,0,0,0,0,0,pge:2968
PSF-009121,Tete des sapins,47.760300,6.764170,0,0,0,0,0,0,2,0,pge:2969
PSF-009122,Mont de vannes,47.758100,6.623890,0,0,0,0,0,0,0,2,pge:2970
PSF-009123,Villers poz,47.669500,6.251400,2,0,0,0,0,0,0,0,pge:2971
PSF-009124,Camp de cesar sud,47.622500,6.089400,0,0,0,0,0,2,0,0,pge:2972
PSF-009125,Mont Dardon Sud,46.676700,4.036670,0,0,0,0,2,0,0,0,pge:2973
PSF-009126,Uchon,46.806400,4.252760,0,0,0,0,0,0,2,2,pge:2974
PSF-009127,Roche-coche,46.367700,4.704900,0,0,0,1,2,2,1,0,pge:2975
PSF-009128,La certenue,46.853100,4.281600,2,2,0,0,0,0,0,0,pge:2976
PSF-009129,Montsard,46.344000,4.709000,2,0,0,0,0,0,0,0,pge:2977
PSF-009130,La Roche d'Aujoux,46.581900,4.818060,0,0,0,0,0,0,0,2,pge:2978
PSF-009131,Autun,46.933900,4.287220,2,2,0,0,0,0,0,0,pge:2979
PSF-009132,Lanslevillard,45.271600,6.925520,0,0,0,0,0,0,0,0,pge:2983
PSF-009133,L'ebaudiaz,45.606500,6.379720,1,0,0,0,0,1,2,2,pge:2984
PSF-009134,Plan de langot,45.681700,6.322080,0,0,1,1,1,1,1,0,pge:2985
PSF-009135,Val Pelouse,45.420500,6.169100,1,0,0,0,0,1,2,1,pge:2987
PSF-009136,Roche parstir,45.670800,6.597780,0,0,0,0,0,0,2,0,pge:2988
PSF-009137,Cormet de roselend,45.688100,6.694720,1,0,0,0,0,0,1,2,pge:2990
PSF-009138,Fenetre 7,45.650000,6.467780,0,0,0,0,0,0,1,1,pge:2991
PSF-009139,Montlambert,45.552800,6.105100,2,2,2,2,1,0,1,1,pge:2992
PSF-009140,Le Sire Sud,45.630600,5.966110,0,0,0,1,2,2,0,0,pge:2994
PSF-009141,Verel pragondran,45.626700,5.946110,2,1,1,0,0,0,2,2,pge:2995
PSF-009142,Aussois,45.245800,6.735560,0,0,0,2,2,0,0,0,pge:2996
PSF-009143,Modane - valfrejus,45.251100,6.666670,0,0,0,0,2,0,0,0,pge:2997
PSF-009144,Courchevel (Bouc Blanc),45.411000,6.614900,0,0,0,0,0,0,0,2,pge:2998
PSF-009145,Les arcs,45.567800,6.845000,0,0,0,0,0,0,2,0,pge:2999
PSF-009146,La rosiere - la sevoliere,45.640000,6.851940,0,0,0,0,0,0,0,2,pge:3000
PSF-009147,La rosiere - la poletta,45.638600,6.858890,0,0,0,0,0,0,0,2,pge:3001
PSF-009148,Bourg st maurice,45.569200,6.763060,0,0,0,0,0,0,2,0,pge:3002
PSF-009149,L'ours,45.552400,6.772200,0,0,0,0,0,0,2,0,pge:3003
PSF-009150,Chamoux,45.529500,6.252800,0,0,0,0,0,1,2,0,pge:3004
PSF-009151,Revard,45.683300,5.974700,1,0,0,0,0,1,2,2,pge:3005
PSF-009152,Sapenay (pass),45.824200,5.867220,0,0,0,0,0,1,2,0,pge:3006
PSF-009153,L'épine - lac d'aiguebelette,45.601800,5.807200,1,0,0,0,2,2,2,2,pge:3007
PSF-009154,Bande,45.473000,5.777400,0,0,0,0,1,0,0,0,pge:3009
PSF-009155,Fort du truc,45.637600,6.743700,0,0,2,2,0,0,0,0,pge:3010
PSF-009156,Sapenay (south-west),45.798900,5.866940,0,0,0,0,0,2,0,0,pge:3011
PSF-009157,Val d'Isere,45.434700,6.990560,0,0,0,0,0,0,2,0,pge:3012
PSF-009158,Macot la plagne,45.493600,6.734170,0,0,0,0,0,2,0,0,pge:3013
PSF-009159,Mont de la chambre,45.317800,6.578330,0,0,0,0,0,2,2,0,pge:3014
PSF-009160,Le chat,45.662800,5.821390,0,0,0,0,0,0,0,2,pge:3015
PSF-009161,Naves (lac des bozons),45.553600,6.549720,0,0,0,0,0,0,2,2,pge:3017
PSF-009162,St jean de maurienne,45.291900,6.319720,0,0,0,0,2,0,0,0,pge:3018
PSF-009163,Bisanne Sud,45.746900,6.507040,0,0,1,2,2,2,1,0,pge:3019
PSF-009164,Megeve,45.833300,6.612700,2,2,2,0,0,0,2,2,pge:3020
PSF-009165,Plaine Joux (Passy),45.949600,6.739700,2,2,2,2,1,1,1,2,pge:3021
PSF-009166,Agy plane,46.079700,6.619070,2,2,0,0,0,2,2,2,pge:3022
PSF-009167,Saleve - Telepherique,46.154800,6.194340,2,1,0,0,0,0,0,2,pge:3023
PSF-009168,Morzine,46.192500,6.721670,0,0,0,0,0,2,0,0,pge:3024
PSF-009169,La Clusaz,45.890500,6.464500,2,0,0,0,0,0,2,2,pge:3026
PSF-009170,Les carroz d'araches,46.030800,6.670200,1,0,0,0,0,0,1,2,pge:3027
PSF-009171,Plan Praz/ Brevent (Chamonix),45.935600,6.855000,0,2,0,0,2,0,0,0,pge:3028
PSF-009172,Aiguillette (les Houches),45.911400,6.819170,0,0,0,0,2,2,0,0,pge:3029
PSF-009173,Les houches -  Prarion,45.896100,6.750560,0,2,0,0,0,0,2,0,pge:3030
PSF-009174,Entrevernes,45.788900,6.193810,0,0,2,0,0,0,0,0,pge:3032
PSF-009175,Chatel Morclan (summit),46.276400,6.857700,0,0,0,2,0,0,2,0,pge:3034
PSF-009176,Abondance,46.258900,6.780280,0,0,0,2,0,0,2,0,pge:3035
PSF-009177,Les Gets - Mont Chery,46.168600,6.648890,0,0,1,2,1,1,0,0,pge:3036
PSF-009178,le Grand Bornand,45.958700,6.476300,0,2,0,0,0,2,0,0,pge:3037
PSF-009179,Habere poche,46.238600,6.493330,2,0,0,0,0,0,2,0,pge:3038
PSF-009180,Mieussy,46.144900,6.545910,0,0,0,2,2,2,2,0,pge:3039
PSF-009181,Thonon-orcier,46.286700,6.490830,2,1,0,0,0,1,2,2,pge:3040
PSF-009182,Saint-Gervais-les-Bains - Mont Paccard,45.894400,6.726670,0,0,0,0,0,2,2,1,pge:3041
PSF-009183,Mont Lachat,45.871400,6.793890,0,0,0,0,0,2,2,2,pge:3042
PSF-009184,Sambuy,45.691300,6.272350,2,2,1,0,0,0,0,1,pge:3043
PSF-009185,Thollon les memises,46.381200,6.728000,2,2,1,1,0,0,0,0,pge:3044
PSF-009186,"Varan dit  ""Pobu""",45.945000,6.682000,0,0,0,1,2,1,0,0,pge:3045
PSF-009187,Montmin (Col de la Forclaz),45.814200,6.247000,2,0,0,0,0,0,1,2,pge:3046
PSF-009188,Praz sur arly,45.833600,6.570280,2,0,0,0,2,0,2,0,pge:3047
PSF-009189,la Tete du Mottey (St.Gervais),45.842200,6.700000,0,2,2,0,0,0,0,0,pge:3048
PSF-009190,La belle idee (treuil),48.920800,3.291670,0,0,0,0,0,0,0,0,pge:3049
PSF-009191,Jeufosse,49.036100,1.539400,0,2,0,0,0,0,0,0,pge:3050
PSF-009192,Chenay,46.348600,-0.012778,0,0,0,0,0,0,0,0,pge:3051
PSF-009193,Le raffoux,46.766700,-0.133333,2,0,0,0,2,0,0,0,pge:3052
PSF-009194,Le mont clairon,49.919400,2.729500,0,0,0,0,0,2,0,0,pge:3054
PSF-009195,Chaussee de brunehaut,50.021100,2.138890,0,0,0,0,0,0,0,0,pge:3055
PSF-009196,Cordes st marcel campes,44.064300,1.975620,2,0,0,0,0,0,0,0,pge:3056
PSF-009197,Dourgne - La Capelette,43.479500,2.164000,2,2,0,0,0,0,0,1,pge:3058
PSF-009198,La grande decouverte,44.000300,2.140560,0,0,0,0,0,0,0,0,pge:3059
PSF-009199,Soreze,43.441600,2.069900,2,0,0,0,0,0,0,2,pge:3060
PSF-009200,Marnaves - parapente,44.106100,1.885000,0,0,0,2,0,0,0,0,pge:3061
PSF-009201,Leguille,43.965000,1.553330,0,0,2,0,0,0,2,0,pge:3062
PSF-009202,Cazals,44.116500,1.731330,0,0,0,0,0,0,0,2,pge:3063
PSF-009203,St Antonin Noble Val,44.158000,1.770040,2,0,0,2,2,0,0,2,pge:3064
PSF-009204,Signes - siou blanc - la limatte,43.268700,5.893500,0,0,2,0,0,0,0,0,pge:3065
PSF-009205,Signes - agnis,43.302200,5.872900,0,0,0,2,1,2,0,0,pge:3066
PSF-009206,Lachens South,43.744700,6.657220,0,0,1,1,2,1,0,0,pge:3067
PSF-009207,Lachens south (school slope),43.736400,6.660800,0,0,0,1,1,2,0,0,pge:3068
PSF-009208,Lachens North,43.745600,6.653060,2,1,0,0,0,0,0,1,pge:3069
PSF-009209,Lachens West,43.739400,6.640830,0,0,0,0,0,2,1,0,pge:3070
PSF-009210,La cadiere d azur,43.197100,5.736680,0,0,0,0,0,2,2,2,pge:3071
PSF-009211,Bargemon - col du belhomme,43.638300,6.560450,0,0,0,2,2,0,0,0,pge:3072
PSF-009212,Aiguines,43.779700,6.256670,0,0,0,0,0,1,2,0,pge:3073
PSF-009213,Le Mai - Cap Sicié,43.055300,5.859100,0,0,2,2,0,0,0,0,pge:3074
PSF-009214,Ste Anastasie,43.354200,6.120200,0,0,0,2,2,0,0,0,pge:3075
PSF-009215,Rustrel,43.941700,5.476110,0,0,0,0,0,0,2,0,pge:3076
PSF-009216,Arfuyen,44.191300,5.101400,0,0,2,2,0,0,0,0,pge:3077
PSF-009217,Fleure,46.489700,0.510278,0,0,0,2,0,0,0,2,pge:3081
PSF-009218,Libarderie,46.060800,0.986111,0,0,0,0,0,0,0,0,pge:3082
PSF-009219,Ballon d Alsace,47.824900,6.840020,2,2,2,0,0,0,0,2,pge:3083
PSF-009220,La bouloie,47.870900,6.865790,0,0,0,0,0,0,0,2,pge:3084
PSF-009221,La tete des revolles,47.892500,6.846670,0,0,2,0,0,0,0,0,pge:3085
PSF-009222,Rupt sur moselle,47.922500,6.685830,0,0,0,0,0,2,0,0,pge:3086
PSF-009223,Saulxures - graviers,47.953300,6.725310,0,2,2,0,0,0,0,0,pge:3087
PSF-009224,Poele sauvage,48.035600,6.615560,0,0,0,0,0,2,0,0,pge:3090
PSF-009225,Tumulus,47.966700,6.652780,0,0,0,0,0,0,0,2,pge:3091
PSF-009226,Chevre roche,48.038600,6.708200,0,0,0,1,2,2,0,0,pge:3092
PSF-009227,Moyenmont,48.009400,6.899720,0,0,2,0,0,0,2,0,pge:3093
PSF-009228,Les bouchaux,47.997800,6.891110,2,0,0,0,0,0,0,2,pge:3094
PSF-009229,Champis,48.035600,6.948610,0,0,2,0,0,0,0,0,pge:3095
PSF-009230,Moutiers des fees,48.013900,6.886110,0,0,0,0,2,0,0,0,pge:3096
PSF-009231,St die - ormont,48.314200,7.006940,0,0,0,0,0,2,0,0,pge:3097
PSF-009232,St die - kemberg,48.256800,6.932000,0,2,2,0,0,0,0,0,pge:3099
PSF-009233,Le menil,47.903100,6.804500,2,2,0,0,0,2,2,2,pge:3100
PSF-009234,Socourt,48.388100,6.249200,0,2,1,0,0,0,0,0,pge:3101
PSF-009235,La sotiere,48.042800,6.793060,0,0,0,0,0,0,0,0,pge:3103
PSF-009236,Arcy sur cure,47.601100,3.777780,0,0,0,0,2,2,0,0,pge:3104
PSF-009237,St. Martin Sur Armancon,47.873900,4.056700,0,0,0,2,0,0,0,0,pge:3105
PSF-009238,north table,57.402700,-6.627800,1,1,2,2,2,2,2,1,pge:37
PSF-009239,shah-raan (lower hill),35.793500,51.296700,0,0,0,1,2,1,0,0,pge:38
PSF-009240,Rijab,34.505300,45.942000,0,0,0,0,0,1,2,1,pge:39
PSF-009241,Sarpol-e Zahab,34.470200,45.858000,0,0,0,0,0,2,0,0,pge:40
PSF-009242,Kerend-Gharb,34.280900,46.255700,0,0,0,0,1,2,1,0,pge:41
PSF-009243,Kermanshah,34.406100,47.118700,0,0,0,1,2,1,0,0,pge:42
PSF-009244,Ardeshir,31.952100,54.459800,0,0,0,0,0,0,0,2,pge:43
PSF-009245,"Yazd, school site",31.932500,54.479400,0,0,0,2,0,0,0,0,pge:44
PSF-009246,Taft,31.726000,54.179000,2,1,0,0,0,0,0,1,pge:46
PSF-009247,Manilla - Mt Borah - West launch,-30.679200,150.608600,1,1,1,1,1,1,1,1,pge:4632;siteguide_au:136-20
PSF-009248,"Mosman Park, Perth",-32.010800,115.772000,0,1,0,0,0,0,0,0,pge:4633
PSF-009249,"Canberra, Lake George, Geary\'s Gap",-35.095600,149.374000,0,0,1,0,0,0,0,0,pge:4634
PSF-009250,Spring Hill,-35.094790,149.083360,0,0,0,0,0,1,1,1,pge:4635;siteguide_au:104-26
PSF-009251,"Cabramurra, Black Jack",-35.968900,148.317000,0,0,0,0,0,0,1,1,pge:4637
PSF-009252,"Canberra, Pig Hill",-35.223300,148.897000,0,1,1,0,0,0,0,0,pge:4638
PSF-009253,Lennox Head,-28.807600,153.603000,0,1,0,0,0,0,0,0,pge:4642
PSF-009254,Stanwell Park - Bald Hill - The Point,-34.224000,150.997100,0,0,0,1,1,0,0,0,pge:4648;siteguide_au:132-112
PSF-009255,Rainbow Beach,-25.915900,153.097000,0,2,1,0,0,0,0,0,pge:4649
PSF-009256,Mt Elliot - Main launch (north-west),-36.185920,147.975150,0,1,0,0,0,0,0,1,pge:4650;siteguide_au:205-75
PSF-009257,Mt Emu - Emu 1,-36.672180,147.218430,0,0,0,0,0,1,0,0,pge:4653;siteguide_au:206-76
PSF-009258,"Cottesloe, Perth",-32.013300,115.753000,0,0,0,0,0,0,2,1,pge:4657
PSF-009259,"Greenhills - Penny's Tow Paddock, near York",-31.965600,116.997000,1,1,1,1,1,1,1,1,pge:4658
PSF-009260,"Injidup, Margaret River WA",-33.701500,114.982000,1,1,0,0,0,0,1,1,pge:4659
PSF-009261,"Mt Trio, Stirling Range",-34.347500,118.105000,1,1,0,2,0,1,0,1,pge:4662
PSF-009262,Serpentine,-32.414900,115.997500,0,0,0,0,0,1,1,0,pge:4663;siteguide_au:73-152
PSF-009263,"Two Rocks, North of Perth",-31.492200,115.583000,0,0,0,0,0,1,1,1,pge:4664
PSF-009264,Wozza's Knob,-28.694300,114.693000,0,1,0,1,0,0,1,0,pge:4665;siteguide_au:46-128
PSF-009265,"Wyalkatchem, WA",-31.173900,117.500000,1,1,1,1,1,1,1,1,pge:4666
PSF-009266,Sadra,29.836100,52.476100,1,2,1,0,1,2,1,0,pge:47
PSF-009267,Gandilac,29.461100,52.866100,0,0,0,0,0,0,2,0,pge:48
PSF-009268,Seyedan,30.028100,53.007700,0,0,0,1,2,2,2,0,pge:49
PSF-009269,montain,32.330900,54.239300,0,0,0,0,2,0,0,0,pge:50
PSF-009270,Emam Zadeh Hashem (Mosha),35.778000,52.041600,0,0,0,1,2,1,0,0,pge:51
PSF-009271,Abb-E-Sard,35.712900,52.135000,0,0,0,0,2,0,0,0,pge:52
PSF-009272,boutajira,8.050000,38.291000,0,1,2,1,0,0,0,0,pge:55
PSF-009273,Lalibela,12.026000,39.063000,0,0,0,0,0,1,2,0,pge:56
PSF-009274,dundee lake,8.854110,37.987100,0,0,2,0,0,0,0,0,pge:57
PSF-009275,Debre Sina,9.819700,39.735000,0,1,2,1,0,0,0,0,pge:58
PSF-009276,"Burgerspass, Robertson",-33.750000,19.833300,1,0,0,0,1,0,0,0,pge:6004
PSF-009277,Lions Head (Cape Town),-33.938100,18.388200,0,0,0,0,2,2,0,0,pge:6005
PSF-009278,"Dasklip Pass, Porterville",-32.906200,19.037500,0,0,0,0,0,2,2,2,pge:6007
PSF-009279,"SedgeField, Cloud Nine",-34.006000,22.793900,0,0,0,1,2,2,0,0,pge:6008
PSF-009280,"Wilderness, Serpentine",-33.982500,22.615300,0,0,0,1,2,2,0,0,pge:6010
PSF-009281,Bachelors Hill,-31.240000,28.080000,0,0,0,0,0,0,0,0,pge:6012
PSF-009282,Bedford,-32.640000,26.080000,0,0,0,0,0,0,0,0,pge:6013
PSF-009283,Bushmans,-33.880000,25.080000,0,0,0,0,0,0,0,2,pge:6014
PSF-009284,Dunes,-32.880000,27.880000,0,0,0,0,0,0,0,0,pge:6015
PSF-009285,Eagle Rock,-31.080000,28.160000,0,0,0,0,0,0,0,0,pge:6016
PSF-009286,Glen Cullen Fire Tower,-31.080000,28.240000,0,0,0,0,0,0,0,0,pge:6017
PSF-009287,Harnett\'s Farm,-33.240000,26.460000,0,0,0,2,2,2,0,0,pge:6018
PSF-009288,High Dunes,-33.160000,27.800000,0,0,0,0,0,0,0,0,pge:6019
PSF-009289,Highlands Farm,-33.300000,26.400000,0,0,0,2,2,2,0,0,pge:6020
PSF-009290,Hoggsback,-32.540000,26.810000,0,0,0,0,0,0,0,0,pge:6021
PSF-009291,Lady Slipper,-33.891500,25.265000,2,0,0,0,2,0,0,0,pge:6022
PSF-009292,Maitlands Bottom,-33.989100,25.297000,0,0,0,0,2,2,0,0,pge:6023
PSF-009293,Maitlands,-33.987100,25.300300,0,0,0,0,2,2,0,0,pge:6024
PSF-009294,Mountain Drive,-33.320000,26.240000,0,2,0,0,0,0,0,0,pge:6025
PSF-009295,Mullersberg,-33.350000,25.400000,0,0,0,1,1,1,0,0,pge:6026
PSF-009296,Ntywenka,-31.080000,27.880000,0,0,0,0,0,0,0,0,pge:6027
PSF-009297,Prentjiesberg,-31.160000,28.160000,0,0,0,0,0,0,0,0,pge:6029
PSF-009298,Valley of Desolation - Graaff-Reinet,-32.262900,24.504700,0,0,0,1,2,2,0,0,pge:6030
PSF-009299,Westo,-33.240000,26.320000,0,0,0,2,2,2,0,0,pge:6031
PSF-009300,Bloemhofdam,-27.640000,25.640000,1,1,1,1,1,1,1,1,pge:6032
PSF-009301,Botshabelo,-29.240000,26.720000,0,0,0,0,0,0,0,0,pge:6033
PSF-009302,Dealsville,-28.640000,25.720000,0,0,0,0,0,0,0,0,pge:6034
PSF-009303,Parys Winch Park,-26.940000,27.570000,1,1,1,1,1,1,1,1,pge:6035
PSF-009304,Platberg,-28.240000,29.160000,0,0,0,0,0,0,0,0,pge:6036
PSF-009305,Rooikranz,-28.560000,27.880000,0,0,0,0,0,0,0,0,pge:6037
PSF-009306,Thaba Nchu,-29.160000,26.720000,0,0,0,0,0,0,0,0,pge:6038
PSF-009307,Welkom,-28.000000,26.640000,1,1,1,1,1,1,1,1,pge:6039
PSF-009308,Bronkhostspruit,-25.640000,28.640000,0,0,0,0,0,0,0,0,pge:6040
PSF-009309,Dunnottar,-26.353900,28.469900,1,1,1,1,1,1,1,1,pge:6041
PSF-009310,Heidelberg Airfield,-26.490000,28.360000,0,0,0,0,0,0,0,0,pge:6042
PSF-009311,Krugersdorp,-26.065800,27.812400,2,2,0,0,0,0,0,0,pge:6043
PSF-009312,Laudium,-25.750000,28.080000,2,0,0,0,0,0,0,1,pge:6044
PSF-009313,Skeerpoort,-25.760000,27.720000,0,0,0,0,0,0,0,0,pge:6046
PSF-009314,South Side,-25.640000,28.160000,0,0,0,0,0,0,0,0,pge:6047
PSF-009315,Vaal Dam,-26.800000,28.240000,1,1,1,1,1,1,1,1,pge:6049
PSF-009316,Walkerville,-26.320000,28.000000,0,0,0,0,0,0,0,0,pge:6050
PSF-009317,Arthurs Seat,-28.800000,29.320000,0,0,0,0,0,0,0,0,pge:6051
PSF-009318,Black Ridge,-29.560000,30.320000,0,0,0,0,0,0,0,0,pge:6052
PSF-009319,Bokkiesberg,-30.320000,29.320000,0,0,0,0,0,0,0,0,pge:6054
PSF-009320,Bulwer 600,-29.809900,29.736300,2,2,2,1,0,0,0,0,pge:6055
PSF-009321,Dumbe,-27.400000,30.800000,0,0,0,0,0,0,0,0,pge:6056
PSF-009322,Eshowe,-28.800000,31.320000,0,0,0,0,0,0,0,0,pge:6057
PSF-009323,Fort Mistake,-28.142100,29.952600,1,2,2,0,0,0,0,0,pge:6058
PSF-009324,Glueckstadt,-27.910000,31.010000,0,0,0,0,0,0,0,0,pge:6059
PSF-009325,Hella Hella,-29.800000,30.160000,0,0,0,0,0,0,0,0,pge:6060
PSF-009326,Ifafa,-30.320000,30.640000,0,0,0,0,0,0,0,0,pge:6061
PSF-009327,Loskop,-29.320000,30.240000,0,0,0,0,0,0,0,0,pge:6062
PSF-009328,Majuba Mountain,-27.477400,29.850400,2,2,0,2,0,0,2,0,pge:6063
PSF-009329,Mt. Temple,-28.160000,22.640000,0,0,0,0,0,0,0,0,pge:6064
PSF-009330,Olivershook,-28.560000,29.080000,0,0,0,0,0,0,0,0,pge:6065
PSF-009331,Ossewa,-27.400000,30.240000,0,0,0,0,0,0,0,0,pge:6068
PSF-009332,Ottos Bluff,-29.480000,30.400000,0,0,0,0,0,0,0,0,pge:6069
PSF-009333,Pevensey,-28.720000,30.320000,0,0,0,0,0,0,0,0,pge:6070
PSF-009334,Springfield,-29.800000,31.000000,0,0,0,0,0,0,0,0,pge:6071
PSF-009335,Umvoti Gorge,-29.160000,30.640000,0,0,0,0,0,0,0,0,pge:6072
PSF-009336,Windy Corner,-28.320000,29.320000,0,0,0,0,0,0,0,0,pge:6073
PSF-009337,Winston Park,-28.720000,30.720000,0,0,0,0,0,0,0,0,pge:6074
PSF-009338,Bulembu Road,-25.720000,31.080000,0,0,0,0,0,0,0,0,pge:6076
PSF-009339,Paradise Falls,-25.339700,30.801900,1,2,2,0,0,0,0,0,pge:6077
PSF-009340,Doringkop,-25.480000,29.800000,1,1,1,1,1,1,1,1,pge:6078
PSF-009341,Gods Window,-24.906900,30.865700,0,1,2,2,0,0,0,0,pge:6079
PSF-009342,Kaapse Hoop,-25.640000,30.720000,0,0,0,0,0,0,0,0,pge:6080
PSF-009343,Kriel,-26.240000,29.240000,1,1,1,1,1,1,1,1,pge:6081
PSF-009344,Long Tom Pass,-25.147700,30.620400,0,1,2,1,0,0,0,0,pge:6083
PSF-009345,Mount Carmel,-25.406200,30.758200,0,1,2,2,1,0,1,0,pge:6084
PSF-009346,Ngodwana,-25.626700,30.625400,2,2,1,1,0,0,0,0,pge:6085
PSF-009347,The Farm,-25.640000,30.560000,0,0,0,0,0,0,0,0,pge:6086
PSF-009348,Vaal Kop,-25.801600,30.626600,0,2,2,1,0,1,1,0,pge:6087
PSF-009349,Wakkerstrom,-27.320000,30.240000,0,0,0,0,0,0,0,0,pge:6088
PSF-009350,Witbank Dam,-25.800000,29.320000,1,1,1,1,1,1,1,1,pge:6089
PSF-009351,Edgehill,-27.560000,23.480000,0,0,0,0,0,0,0,0,pge:6090
PSF-009352,Hotazel Airstrip,-27.160000,22.880000,0,0,0,0,0,0,0,0,pge:6091
PSF-009353,Kuruman Airfield,-27.400000,23.400000,1,1,1,1,1,1,1,1,pge:6092
PSF-009354,Kombegana,-25.790000,27.400000,0,0,0,0,0,0,0,0,pge:6093
PSF-009355,Suurplaat,-25.720000,27.400000,2,2,0,0,0,0,0,0,pge:6094
PSF-009356,Eagles Nest,-25.648800,27.186800,1,1,2,0,0,0,2,1,pge:6095
PSF-009357,Vryburg Airfield,-26.880000,24.640000,1,1,1,1,1,1,1,1,pge:6096
PSF-009358,Agatha,-24.000000,30.000000,0,0,0,0,0,0,0,0,pge:6097
PSF-009359,Hanglip,-23.000000,29.800000,0,0,0,0,0,0,0,0,pge:6098
PSF-009360,Holiday Inn / Wilderness Beach Hotel,-33.999200,22.613400,0,0,0,0,2,2,0,0,pge:6099
PSF-009361,King Talal Dam,32.209000,35.851700,0,0,0,0,1,1,2,0,pge:61
PSF-009362,Kushke,-24.027500,29.324000,2,1,0,0,0,0,0,1,pge:6100
PSF-009363,Langberg,-25.560000,27.720000,0,0,0,0,0,0,0,0,pge:6101
PSF-009364,Montgomery,-24.130000,29.110000,0,0,0,0,0,0,0,0,pge:6102
PSF-009365,Paradise Ridge,-34.012500,22.689400,0,0,0,1,2,1,0,0,pge:6103
PSF-009366,Swartkrans - Ysterberg,-24.140000,29.220000,0,0,0,0,0,0,0,0,pge:6104
PSF-009367,Thabazimbi,-24.605400,27.417500,2,2,1,1,1,0,1,2,pge:6105
PSF-009368,Hartbeespoortdam (Pretoria- Johannesburg),-25.711100,27.885000,2,2,0,1,2,1,0,2,pge:6106
PSF-009369,Tomason,-23.858200,29.885500,0,0,0,0,0,0,0,0,pge:6107
PSF-009370,Ysterberg aka Highlands,-24.153900,29.237600,0,1,2,1,0,0,0,0,pge:6108
PSF-009371,Arch Rock,-34.000000,23.450000,0,0,0,0,0,0,0,0,pge:6109
PSF-009372,Barrydale,-33.880000,20.720000,0,0,0,0,0,0,0,0,pge:6110
PSF-009373,Bonnievale,-33.830000,21.820000,0,0,0,0,0,0,0,0,pge:6111
PSF-009374,Bredasdorp Airfield,-34.630000,20.050000,1,1,1,1,1,1,1,1,pge:6112
PSF-009375,Brenton on sea,-34.060000,23.010000,0,0,0,0,2,2,0,0,pge:6113
PSF-009376,Castleton,-34.050000,23.340000,0,0,0,0,0,0,0,0,pge:6115
PSF-009377,Du Toits - LangKloof,-33.798400,22.483100,2,2,0,0,0,0,0,0,pge:6118
PSF-009378,Gansbaai,-34.540000,19.410000,0,0,0,0,0,0,0,0,pge:6120
PSF-009379,Gerricke's Point,-34.030900,22.763700,0,0,2,2,0,0,0,0,pge:6121
PSF-009380,Jongens Fontein,-34.400000,21.320000,0,0,0,0,0,0,0,0,pge:6124
PSF-009381,Kelershoogte,-33.670000,22.120000,0,0,0,0,0,0,0,0,pge:6125
PSF-009382,Kleinkrantz,-34.006100,22.659400,0,0,0,1,2,1,0,0,pge:6126
PSF-009383,Map of Africa,-33.993500,22.560000,0,0,0,2,2,0,0,0,pge:6128
PSF-009384,Noordhoek Peak,-34.077300,18.384900,0,0,0,0,2,2,1,0,pge:6129
PSF-009385,Oudtshoorn Air Field,-33.570000,22.170000,1,1,1,1,1,1,1,1,pge:6130
PSF-009386,Rondebossie,-33.720000,18.640000,0,0,0,0,0,0,0,0,pge:6133
PSF-009387,Swartberg Pass,-33.320000,22.000000,0,0,0,0,0,0,0,0,pge:6135
PSF-009388,Hermanus,-34.402100,19.242900,0,0,0,2,1,0,0,0,pge:6140
PSF-009389,Snake Hill,-26.252700,31.129200,0,2,2,2,0,0,0,0,pge:6141
PSF-009390,Bettys Bay,-34.366200,18.858600,0,0,0,0,0,0,0,0,pge:6142
PSF-009391,Burgerspass,-33.720000,19.800000,0,0,0,0,0,0,0,0,pge:6143
PSF-009392,Gydo Pass,-33.236700,19.324400,0,0,0,2,2,0,0,0,pge:6144
PSF-009393,Constantiaberg,-34.054400,18.387800,0,0,0,0,0,0,0,0,pge:6145
PSF-009394,Eselsfontein,-32.830000,19.090000,0,0,0,0,0,0,0,0,pge:6148
PSF-009395,Franschoek,-33.903300,19.157200,2,0,0,0,0,0,2,2,pge:6150
PSF-009396,Kalkbay,-34.160000,18.440000,0,0,0,0,0,0,0,0,pge:6152
PSF-009397,Kanonkop,-33.800000,18.880000,0,0,0,0,0,0,0,0,pge:6153
PSF-009398,Klein Kanonkop,-33.810000,18.860000,0,0,0,0,0,0,0,0,pge:6154
PSF-009399,Kommetjie,-34.147000,18.324700,0,0,0,0,0,0,2,2,pge:6155
PSF-009400,Llandudno,-34.013500,18.344400,0,0,0,0,0,0,0,2,pge:6157
PSF-009401,Maniacs,-33.160000,18.320000,0,0,0,0,0,0,0,0,pge:6158
PSF-009402,Paarl Rock,-33.740100,18.950000,0,2,2,2,0,0,0,1,pge:6161
PSF-009403,Piketberg,-32.855000,18.736700,0,0,2,2,0,0,0,0,pge:6162
PSF-009404,Sir Lowry s Pass,-34.149000,18.927600,0,0,0,0,0,2,2,2,pge:6167
PSF-009405,Table Mountain,-33.963100,18.411200,2,0,0,2,0,2,0,0,pge:6168
PSF-009406,Van Rhyn's Pass,-31.320000,19.080000,0,0,0,0,0,2,2,0,pge:6169
PSF-009407,Treble Cone,-44.637800,168.908000,2,1,0,0,0,0,0,1,pge:6171
PSF-009408,Burdha Arch,29.472900,35.500000,0,0,2,0,0,0,0,0,pge:6174
PSF-009409,Small rock north of Khazali,29.528800,35.421200,0,0,0,0,0,0,0,0,pge:6175
PSF-009410,Saint Hilaire du Touvet,45.306900,5.888060,1,1,2,1,1,1,1,1,pge:6176
PSF-009411,Organya,42.228600,1.324400,0,0,0,0,2,0,0,0,pge:6177
PSF-009412,Loma Bola,-26.822600,-65.369100,0,0,1,2,1,0,0,0,pge:6180
PSF-009413,Plan de l'Aiguille (Chamonix),45.902200,6.883690,0,0,0,0,0,0,2,0,pge:6181
PSF-009414,Allevard-south takeoff,45.392200,6.115010,0,0,0,1,2,1,0,0,pge:6182
PSF-009415,Allevard-les Plagnes,45.387800,6.147500,0,0,0,0,2,2,0,0,pge:6183
PSF-009416,Varces - Pré du Four,45.081700,5.632750,0,0,2,2,0,0,0,0,pge:6184
PSF-009417,Kerak,31.223000,35.690000,0,0,0,0,2,2,0,0,pge:6186
PSF-009418,Col du Glandon,45.239700,6.172220,2,0,0,0,2,0,0,0,pge:6187
PSF-009419,Castle Morton,52.044900,-2.348520,0,0,2,0,0,0,0,0,pge:6191
PSF-009420,Draycott,51.254500,-2.720850,0,0,0,0,0,2,0,0,pge:6192
PSF-009421,Frocester,51.709600,-2.299620,0,0,0,0,0,0,2,0,pge:6193
PSF-009422,Ubley,51.312400,-2.674410,0,2,0,0,0,0,0,0,pge:6194
PSF-009423,Westbury - Bratton Camp,51.264200,-2.144230,2,1,0,0,0,0,0,0,pge:6195
PSF-009424,South Cerney,51.687500,-1.920430,0,0,0,0,0,0,0,0,pge:6196
PSF-009425,Souther Fell,54.656400,-2.996790,0,0,2,2,0,0,0,0,pge:6197
PSF-009426,Nont Sarahs,53.617800,-1.978830,0,0,0,2,2,2,0,0,pge:6198
PSF-009427,Semer Water,54.285600,-2.145940,0,0,1,2,1,0,0,0,pge:6199
PSF-009428,Stags Fell,54.325100,-2.195290,0,0,0,1,2,2,1,0,pge:6200
PSF-009429,Wether Fell,54.275600,-2.204270,0,0,0,0,0,0,1,1,pge:6201
PSF-009430,Windbank,54.129300,-2.053570,0,0,0,0,1,2,1,0,pge:6202
PSF-009431,Cats Tor,53.280700,-2.009000,0,0,0,0,0,2,2,2,pge:6203
PSF-009432,Lords Seat,53.347900,-1.819700,2,1,0,0,0,0,0,0,pge:6204
PSF-009433,Stanage,53.345400,-1.629900,0,0,0,0,0,2,0,0,pge:6205
PSF-009434,Bampton Quarry,50.973100,-3.478590,0,0,0,0,0,0,2,0,pge:6206
PSF-009435,Bossington Hill,51.224600,-3.572580,0,0,0,0,0,0,2,0,pge:6207
PSF-009436,Branscombe,50.688000,-3.155290,0,0,0,0,0,0,0,0,pge:6208
PSF-009437,Bratton Ball,51.214600,-3.510660,0,0,0,0,2,0,0,0,pge:6209
PSF-009438,Brent Knoll,51.253800,-2.945840,0,0,2,0,2,2,0,0,pge:6210
PSF-009439,Codden Hill,51.047600,-4.026020,0,2,0,0,0,0,0,0,pge:6211
PSF-009440,Coney s Castle,50.776700,-2.890800,0,0,2,0,0,0,0,0,pge:6212
PSF-009441,Crook Peak,51.295700,-2.879290,0,0,0,0,0,2,0,0,pge:6213
PSF-009442,East Hill,50.732000,-3.249900,0,0,0,0,0,0,2,0,pge:6214
PSF-009443,Farway,50.740300,-3.143820,0,2,0,0,0,0,0,0,pge:6215
PSF-009444,Ford Farm,51.146300,-2.900760,0,0,0,0,2,0,0,0,pge:6216
PSF-009445,Ham Hill,50.952200,-2.743220,0,0,0,0,0,0,2,0,pge:6217
PSF-009446,North Hill,51.219200,-3.500790,2,0,0,0,0,0,0,0,pge:6218
PSF-009447,Peak Hill,50.677000,-3.262600,0,0,0,0,0,0,2,0,pge:6219
PSF-009448,Porlock Hill,51.205000,-3.626310,0,2,0,0,0,0,0,0,pge:6220
PSF-009449,Raddon Hill,50.817300,-3.563110,0,0,0,0,2,0,0,0,pge:6221
PSF-009450,Sandy Bay,50.616600,-3.357120,0,0,0,2,0,0,0,0,pge:6222
PSF-009451,Selworthy Sands,51.229200,-3.568430,2,0,0,0,0,0,0,0,pge:6223
PSF-009452,Telegraph Hill,50.640500,-3.536020,0,0,2,0,0,0,0,0,pge:6224
PSF-009453,Triscombe,51.110300,-3.202940,0,0,0,0,0,2,0,0,pge:6225
PSF-009454,Withycombe,51.162700,-3.421710,0,2,0,0,0,0,0,0,pge:6226
PSF-009455,Crete Road,51.101300,1.139890,0,0,0,0,0,2,0,0,pge:6227
PSF-009456,Shadoxhurst,51.111800,0.834762,0,0,0,0,0,0,0,0,pge:6228
PSF-009457,Dunstable,51.873400,-0.538200,0,0,0,0,0,1,2,0,pge:6230
PSF-009458,Sharpenhoe,51.957900,-0.445800,0,2,0,0,0,0,0,0,pge:6231
PSF-009459,Broughton Heights,55.661600,-3.408510,0,0,0,0,0,2,2,2,pge:6232
PSF-009460,Tinto (North),55.592200,-3.707580,2,1,0,0,0,0,0,1,pge:6233
PSF-009461,Tinto (South),55.590500,-3.699560,0,0,0,1,2,1,0,0,pge:6234
PSF-009462,Kettle sings,52.076900,-2.339700,0,0,2,0,0,0,1,0,pge:6236
PSF-009463,Cromer,52.919500,1.341900,2,0,0,0,0,0,0,0,pge:6237
PSF-009464,Mundesley,52.889300,1.415000,0,2,0,0,0,0,0,0,pge:6239
PSF-009465,Old Hunstanton,52.953600,0.484732,0,0,0,0,0,0,0,2,pge:6240
PSF-009466,Hill Farm,52.694700,0.813800,2,2,2,2,2,2,2,2,pge:6241
PSF-009467,Blackhall,54.752800,-1.282500,0,2,1,0,0,0,0,0,pge:6243
PSF-009468,Capt Cooks Monument,54.485400,-1.095360,0,0,0,0,0,2,0,0,pge:6244
PSF-009469,Easington,54.786100,-1.309500,0,0,2,0,0,0,0,0,pge:6245
PSF-009470,Saltburn,54.584700,-0.957100,2,2,0,0,0,0,0,0,pge:6246
PSF-009471,Cross Fell,54.701800,-2.525900,0,0,0,0,0,2,1,0,pge:6247
PSF-009472,East Hill,55.440600,-1.949410,0,0,0,2,0,0,0,0,pge:6248
PSF-009473,Moneylaws,55.608400,-2.207970,0,0,0,0,0,0,0,2,pge:6250
PSF-009474,Whiteside - White Knowe,55.704800,-3.320940,0,0,0,0,0,0,0,0,pge:6254
PSF-009475,Cartridge Hill,53.673400,-2.498070,0,0,0,0,0,0,2,0,pge:6255
PSF-009476,Hameldon Hill,53.758600,-2.294290,2,0,0,0,0,0,0,0,pge:6256
PSF-009477,Parlick,53.900500,-2.616100,0,1,2,2,2,2,2,1,pge:6257
PSF-009478,Pendle,53.860000,-2.340620,0,0,0,0,0,0,0,2,pge:6258
PSF-009479,Winter Hill,53.630200,-2.515700,2,2,0,0,0,0,0,2,pge:6259
PSF-009480,Hay Bluff,52.016800,-3.109050,0,2,0,0,0,0,0,2,pge:6263
PSF-009481,Beesands,50.247500,-3.662230,0,0,2,0,0,0,0,0,pge:6268
PSF-009482,Belstone,50.697900,-3.964180,0,0,2,0,0,0,0,0,pge:6269
PSF-009483,Black Hill (Manaton),50.597900,-3.746620,0,0,2,0,0,0,0,0,pge:6270
PSF-009484,Dizzard,50.764800,-4.589620,2,0,0,0,0,0,0,0,pge:6271
PSF-009485,King Tor,50.619200,-3.825170,0,2,0,0,0,0,0,0,pge:6272
PSF-009486,Polhawn Fields,50.326400,-4.217210,0,0,0,0,0,0,2,0,pge:6273
PSF-009487,Strete,50.299100,-3.638740,0,0,0,2,0,0,0,0,pge:6274
PSF-009488,Struddick Farm,50.365800,-4.404680,0,0,0,0,2,0,0,0,pge:6275
PSF-009489,Whitsand,50.344600,-4.250380,0,0,0,0,0,2,0,0,pge:6276
PSF-009490,Widgery Cross,50.653800,-4.069870,0,0,0,0,0,0,2,0,pge:6277
PSF-009491,Devil's Dyke,50.885700,-0.212960,2,0,0,0,0,0,1,2,pge:6279
PSF-009492,Ditchling Beacon,50.903300,-0.109698,2,1,0,0,0,0,0,1,pge:6280
PSF-009493,Bo-Peep,50.820100,0.128400,1,2,1,0,0,0,0,0,pge:6281
PSF-009494,Newhaven Cliffs,50.782000,0.047800,0,0,0,0,2,0,0,0,pge:6282
PSF-009495,Firle,50.833800,0.084400,2,0,0,0,0,0,0,2,pge:6283
PSF-009496,Combe Gibbet,51.359900,-1.477150,2,0,0,0,0,0,0,2,pge:6284
PSF-009497,Liddington,51.516300,-1.700200,0,0,0,0,0,2,0,2,pge:6285
PSF-009498,Milk Hill,51.379000,-1.856310,0,0,0,0,0,2,0,0,pge:6286
PSF-009499,Sik Hiu  -  Khao Sadao,14.920000,101.598000,0,0,0,1,2,1,0,0,pge:6289
PSF-009500,Petchaburi  -  Khoa Dan,13.034200,99.798900,0,1,2,1,0,0,0,0,pge:6290
PSF-009501,Chumpon  - Khoa Pang,10.583300,99.133300,1,1,2,1,1,1,2,1,pge:6291
PSF-009502,Tower Hill,18.747700,73.543600,0,1,2,1,0,0,0,0,pge:6292
PSF-009503,Shelar Site,18.817700,73.552000,0,0,0,0,0,0,2,1,pge:6293
PSF-009504,Kalogeriko,40.494800,23.218900,0,0,0,0,0,0,0,0,pge:6563
PSF-009505,Kithenonas,38.207000,23.252600,2,2,1,0,0,0,0,1,pge:6564
PSF-009506,Amfiklia,38.619900,22.565300,2,2,2,0,0,0,2,2,pge:6565
PSF-009507,Anavissos,37.750800,23.933600,0,0,0,0,0,0,0,0,pge:6566
PSF-009508,Kerasies,40.874200,21.796700,1,0,1,2,2,2,1,0,pge:6567
PSF-009509,Servia / Kastania,40.171000,22.032300,0,0,0,0,0,0,0,0,pge:6568
PSF-009510,Asprageloi,39.820800,20.724400,0,0,0,0,1,1,1,0,pge:6569
PSF-009511,Profitis,40.486600,23.172500,0,0,2,2,2,2,2,1,pge:6570
PSF-009512,Kalentzio,39.461300,20.986900,0,0,0,0,0,0,0,0,pge:6571
PSF-009513,Abdou,35.219100,25.432100,2,1,0,0,0,0,1,2,pge:6572
PSF-009514,Toksotes,41.117200,24.749800,0,0,1,1,2,2,0,0,pge:6574
PSF-009515,Kandili,38.064400,23.375400,0,0,0,2,2,2,1,0,pge:6575
PSF-009516,Paramithia,39.458200,20.548200,0,0,0,0,1,2,2,0,pge:6576
PSF-009517,Sopot,42.687900,24.750300,0,0,1,2,2,2,1,0,pge:6577
PSF-009518,Platanakia,41.326200,22.901100,0,0,0,0,0,0,0,0,pge:6578
PSF-009519,Sikourio,39.792200,22.611400,0,0,0,0,1,2,2,1,pge:6579
PSF-009520,Papadates,39.323700,20.809200,0,0,0,0,0,1,2,1,pge:6580
PSF-009521,Kalyvia Olympus,40.023800,22.278000,2,0,0,0,2,2,2,2,pge:6581
PSF-009522,Elassona,39.895600,22.148400,0,0,0,1,2,1,0,0,pge:6582
PSF-009523,Eykarpia,40.678000,22.969000,0,0,0,0,0,0,0,0,pge:6583
PSF-009524,Assiros,40.823400,22.961000,0,0,0,0,0,0,0,0,pge:6584
PSF-009525,Voula,37.877500,23.789100,0,0,0,0,0,0,0,0,pge:6585
PSF-009526,Konitsa,40.059800,20.758800,0,0,0,0,0,0,0,0,pge:6586
PSF-009527,Vavdos,40.425500,23.248700,0,0,0,0,0,0,0,0,pge:6587
PSF-009528,El mirador de los condores,-32.405100,-64.933500,1,0,0,0,0,2,2,2,pge:6588
PSF-009529,Ravna gora South,46.271100,15.984300,0,0,0,1,2,2,2,0,pge:6589
PSF-009530,Nyikom,47.910000,19.761300,0,0,0,0,1,1,2,2,pge:6590
PSF-009531,Nagy-Eged,47.928800,20.412000,0,0,0,2,1,2,1,2,pge:6591
PSF-009532,Mystic,-36.758550,146.965750,1,0,0,0,0,0,0,0,pge:6595;siteguide_au:210-86
PSF-009533,Chopok,48.943400,19.588700,2,1,0,1,2,1,0,1,pge:6596
PSF-009534,Algodonales - Levante,36.898100,-5.393500,0,0,2,2,2,0,0,0,pge:6598
PSF-009535,Buchenberg,47.606600,10.811200,2,2,0,0,0,0,1,2,pge:6599
PSF-009536,Neunerköpfle (Neunerkopfle-Tannheim),47.482500,10.541800,2,0,0,0,0,2,2,1,pge:6600
PSF-009537,Otivar,36.833700,-3.702030,0,0,2,2,2,2,0,0,pge:6601
PSF-009538,Solfjellstua,59.939600,10.463000,0,0,0,0,0,0,0,0,pge:6603
PSF-009539,Fiesch -Kuehboden (Heimat- Galfera),46.404800,8.095980,0,0,1,2,2,2,1,0,pge:6604
PSF-009540,Usambara ridge,-4.837870,38.280200,0,0,1,1,2,2,2,0,pge:6606
PSF-009541,Sár-hegy,47.792700,19.969400,0,0,0,2,1,0,0,0,pge:6607
PSF-009542,Óbuda,47.555800,19.002700,0,2,0,0,0,0,0,0,pge:6608
PSF-009543,Kartal,47.700500,19.551600,1,0,0,2,1,0,0,2,pge:6609
PSF-009544,Padova,45.356500,11.654500,0,0,0,0,1,2,1,0,pge:6611
PSF-009545,York - Greenhills Towing - Humphrey's,-31.871000,116.952000,1,1,1,1,1,1,1,1,pge:6613;siteguide_au:89-170
PSF-009546,Japetic,45.740900,15.603500,0,0,0,1,2,1,0,0,pge:6614
PSF-009547,Sljeme,45.916900,15.920600,2,1,0,0,0,1,2,2,pge:6615
PSF-009548,Buzet - Zavoj,45.444500,13.965200,0,0,0,0,1,2,1,0,pge:6616
PSF-009549,Governador Valadares - Pico do Ibituruna,-18.886600,-41.915000,2,1,0,1,2,1,0,1,pge:6617
PSF-009550,Serro Ventoso,39.537400,-8.844280,0,0,0,2,0,0,0,0,pge:6618
PSF-009551,Mertola,37.691000,-7.744620,0,0,0,0,0,0,0,0,pge:6623
PSF-009552,Seia,40.421500,-7.636900,0,0,0,0,0,0,0,0,pge:6624
PSF-009553,Bornes,41.463700,-6.965670,1,0,0,0,0,0,2,2,pge:6625
PSF-009554,Penedo Durao,41.042700,-6.860470,0,1,1,2,2,2,1,0,pge:6626
PSF-009555,Marshall (San Bernardino),34.210000,-117.303000,0,0,1,1,2,2,1,0,pge:6627
PSF-009556,Val della Torre,45.161800,7.463610,0,1,2,2,2,1,1,0,pge:6629
PSF-009557,Revine,46.002800,12.208400,0,0,1,2,1,0,0,0,pge:6630
PSF-009558,Castejon de Sos - Liri,42.534100,0.552700,0,0,0,0,2,1,1,0,pge:6631
PSF-009559,Polvoeira N,39.720000,-9.049000,0,0,0,0,0,2,1,0,pge:6632
PSF-009560,Valkininkai,54.372900,24.843900,2,2,2,2,2,2,2,2,pge:6633
PSF-009561,Klusserath,49.847800,6.869100,0,0,0,0,2,2,2,0,pge:6634
PSF-009562,Flowerdale (3 Sisters),-37.295700,145.281000,2,1,0,0,1,0,0,1,pge:6635
PSF-009563,Fanas -Hörnli -Eggli,47.000500,9.684000,0,0,1,2,2,2,1,0,pge:6637
PSF-009564,Praia a Mare,39.891800,15.804500,0,0,0,0,1,2,1,1,pge:6638
PSF-009565,Guduline,54.916200,25.041900,0,0,0,0,0,0,0,0,pge:6639
PSF-009566,Tegelberg - Allgaeu,47.559900,10.779800,1,1,0,0,0,0,1,2,pge:6640
PSF-009567,Bunster Hill,53.060700,-1.790700,0,0,0,2,2,2,0,0,pge:6641
PSF-009568,Mt. Baldy at the Towers,61.336500,-149.514000,0,0,0,0,0,1,2,2,pge:6642
PSF-009569,Zlatnik,50.514400,13.715200,0,0,0,0,2,2,1,0,pge:6643
PSF-009570,Policka,49.740800,16.266500,0,0,0,0,0,0,0,0,pge:6644
PSF-009571,Saldus,56.696000,22.435600,0,0,0,0,0,0,0,0,pge:6645
PSF-009572,Bagaslaviskis,55.065400,24.837600,0,0,0,0,0,0,0,0,pge:6646
PSF-009573,Embergeralm - Greifenburg,46.772500,13.149500,0,0,0,0,2,2,0,0,pge:6647
PSF-009574,Mam Tor,53.349600,-1.809900,0,0,0,2,2,0,0,2,pge:6648
PSF-009575,Kartena,55.919000,21.574300,2,0,0,0,0,0,0,0,pge:6649
PSF-009576,Cuesta Barriga,-33.525900,-70.923900,0,0,0,0,0,0,0,0,pge:6650
PSF-009577,Monte Avena (Feltre),46.029400,11.826400,0,0,1,1,2,2,1,0,pge:6651
PSF-009578,Pisagua,-19.593200,-70.200500,0,0,0,0,0,0,0,0,pge:6652
PSF-009579,Iquique - Clavijo,-20.242700,-70.118400,0,0,0,0,0,0,0,0,pge:6654
PSF-009580,Woodrat Mountain,42.231700,-123.004000,1,0,0,0,0,1,2,1,pge:6655
PSF-009581,Llangollen,52.955600,-3.136310,2,0,0,0,0,0,0,2,pge:6656
PSF-009582,Obere Wengi,47.326000,7.627790,0,0,1,2,2,1,0,0,pge:6657
PSF-009583,Fairy Meadows,35.405300,74.585400,0,0,0,0,0,0,0,0,pge:6658
PSF-009584,Grindelwald - First,46.657100,8.055270,1,0,1,0,0,1,2,1,pge:6659
PSF-009585,Laber - Oberammergau,47.585800,11.103100,2,1,0,0,0,0,0,1,pge:6660
PSF-009586,Wildkogel,47.279200,12.280700,0,0,0,0,2,0,0,0,pge:6661
PSF-009587,Neustadt-Glewe,53.356700,11.614700,0,0,0,0,0,0,0,0,pge:6662
PSF-009588,Pieve d Alpago - Dolada,46.191700,12.352700,0,0,0,0,1,2,0,0,pge:6663
PSF-009589,Mt. Tavor,32.688800,35.381900,0,0,0,0,1,2,1,0,pge:6664
PSF-009590,Zichron,32.580600,34.946000,0,0,0,0,0,2,2,2,pge:6665
PSF-009591,Torre de Moncorvo - Serra do Reboredo,41.165300,-7.037280,1,0,0,0,1,1,2,2,pge:6666
PSF-009592,Kovk,45.886500,13.959300,0,0,0,1,1,2,1,0,pge:6667
PSF-009593,Sorica,46.231100,14.009500,0,0,1,2,2,0,0,0,pge:6668
PSF-009594,Goeriach,46.875300,13.399500,0,0,0,0,0,0,0,0,pge:6669
PSF-009595,Donacka gora,46.261600,15.731700,0,0,0,1,1,1,0,0,pge:6670
PSF-009596,Pohorje,46.516400,15.580000,2,2,0,0,0,0,0,1,pge:6671
PSF-009597,Piedrahita -Pena Negra,40.421700,-5.300730,2,1,0,0,0,1,2,2,pge:6672
PSF-009598,Dills Hill,-36.457200,174.548000,0,2,0,0,0,0,0,0,pge:6673
PSF-009599,Krvavec,46.296600,14.528100,0,0,2,2,2,2,2,0,pge:6676
PSF-009600,Tenas Hill,55.446900,-127.655000,0,0,0,0,1,2,1,0,pge:6677
PSF-009601,Porto da Espada,39.347100,-7.328670,0,0,0,0,0,1,2,1,pge:6678
PSF-009602,Wasserkuppe,50.497100,9.932030,1,2,0,1,2,2,2,2,pge:6679
PSF-009603,Mirandela - E,41.450500,-7.311020,0,1,2,0,0,0,0,0,pge:6680
PSF-009604,Cedar Mountain (the 'C'),37.625500,-113.030000,1,0,0,0,0,0,1,2,pge:6681
PSF-009605,Mollies Nipple (Hurricane- St.George),37.123900,-113.298000,0,0,0,0,0,1,2,1,pge:6682
PSF-009606,Andradas - Pico do Gaviao,-22.015600,-46.626500,2,2,0,2,2,2,0,2,pge:6683
PSF-009607,Chelan Butte,47.804200,-120.039000,1,0,1,2,2,2,1,2,pge:6684
PSF-009608,Long Mynd,52.522000,-2.880880,0,0,0,0,0,1,2,1,pge:6685
PSF-009609,Tiger Mountain,47.499500,-122.009000,2,1,0,1,2,2,2,2,pge:6687
PSF-009610,Somosierra,41.150100,-3.613570,2,1,0,0,0,0,0,1,pge:6688
PSF-009611,Kamen,49.418200,15.013000,0,2,2,2,0,2,2,2,pge:6689
PSF-009612,Iquique - Alto Hospicio,-20.281900,-70.107600,0,0,0,0,0,2,2,2,pge:6690
PSF-009613,Aksehir,38.329300,31.421900,1,2,2,1,0,0,0,0,pge:6691
PSF-009614,Vale Amoreira (Manteigas),40.403500,-7.454250,0,0,0,0,0,0,0,0,pge:6692
PSF-009615,Cokelez,37.964100,29.254900,0,0,0,0,2,2,1,0,pge:6693
PSF-009616,Potato Hill,39.341000,-122.685000,1,2,2,1,0,0,0,0,pge:6694
PSF-009617,Elk Mountain,39.277000,-122.941000,0,1,0,1,1,2,2,1,pge:6695
PSF-009618,Ellenville,41.672600,-74.403200,0,0,0,0,0,0,2,2,pge:6696
PSF-009619,Patzcuaro,19.517100,-101.641000,2,1,0,0,0,0,0,1,pge:6697
PSF-009620,Lanzarote -Famara (Tequise) HG-TO,29.080000,-13.558000,1,0,0,0,0,0,1,2,pge:6698
PSF-009621,Ali Dag - Kayseri,38.668000,35.546200,2,0,0,0,0,0,1,2,pge:6699
PSF-009622,Rasos de Paguera,42.137400,1.772700,0,0,1,2,2,1,0,0,pge:6701
PSF-009623,Klabiniai,55.377300,25.191100,0,0,0,0,0,0,0,0,pge:6702
PSF-009624,Sorrel Hill,53.138300,-6.441800,0,0,0,0,0,1,2,1,pge:6703
PSF-009625,Sesimbra,38.445500,-9.091710,0,0,0,0,1,2,1,0,pge:6704
PSF-009626,Chaves,41.697900,-7.437730,0,0,0,0,0,0,0,0,pge:6705
PSF-009627,Lousa,40.104900,-8.209120,2,0,0,0,0,1,2,2,pge:6706
PSF-009628,Mt. Zion aka Lookout aka LO (Golden),39.746000,-105.241000,1,2,2,2,0,0,0,0,pge:6708
PSF-009629,Pemberton,50.352900,-122.799000,0,0,0,0,2,2,0,0,pge:6709
PSF-009630,Mt 7 - Golden,51.275800,-116.885000,0,0,0,0,0,1,2,1,pge:6710
PSF-009631,La Tinaja,25.393300,-100.207000,1,2,2,1,0,0,0,0,pge:6711
PSF-009632,Inspiration Point -aka Inspo (Orem- Provo),40.301100,-111.626000,0,0,0,0,1,2,1,0,pge:6712
PSF-009633,The B,40.610800,-111.785000,0,0,0,0,0,0,0,0,pge:6713
PSF-009634,Patillos,-20.739100,-70.155900,0,0,0,0,0,0,2,0,pge:6714
PSF-009635,Engjekollen - Dombes,62.049400,9.171670,0,0,0,0,2,2,0,0,pge:6715
PSF-009636,Vole - Vågå,61.892200,9.168800,0,0,0,1,2,2,2,1,pge:6716
PSF-009637,Farellones,-33.349300,-70.305800,2,0,0,0,0,0,0,2,pge:6717
PSF-009638,Santuario de la Naturaleza,-33.313900,-70.475400,0,0,0,0,0,0,0,0,pge:6718
PSF-009639,Vizcachas,-33.590600,-70.497100,0,0,0,0,0,2,2,1,pge:6719
PSF-009640,Horse Canyon,32.774700,-116.477000,0,0,0,0,1,2,2,0,pge:6720
PSF-009641,Mount Leinster,52.618800,-6.782050,2,1,0,1,2,2,2,2,pge:6721
PSF-009642,Bismo (Riksanlegget),61.919000,8.237270,0,0,0,0,2,2,0,0,pge:6722
PSF-009643,Mount Bakewell (top launches),-31.853000,116.761000,0,0,1,1,1,0,0,0,pge:6724;siteguide_au:86-165
PSF-009644,Jurkalne,57.036600,21.402600,1,0,0,0,0,0,1,2,pge:6726
PSF-009645,Lawley,52.582300,-2.736900,0,0,0,0,0,0,1,2,pge:6727
PSF-009646,Burgen,49.875800,7.018300,2,0,0,0,0,0,0,2,pge:6729
PSF-009647,Zeltingen-Rachtig,49.963900,6.988900,0,2,2,2,0,0,0,0,pge:6730
PSF-009648,Lysa hora,50.753700,15.500600,0,0,0,0,0,2,0,0,pge:6731
PSF-009649,Arcones,41.077000,-3.707600,2,2,0,0,2,0,0,2,pge:6732
PSF-009650,Escalera,19.640100,-101.001000,0,0,0,1,2,0,0,0,pge:6733
PSF-009651,Woodside,49.243100,-121.890000,0,0,0,0,0,2,2,0,pge:6735
PSF-009652,Disentis: Caischavedra - Lai Alv - Plaun Tir,46.706200,8.799830,0,0,0,0,0,2,0,0,pge:6736
PSF-009653,Krupka,50.696400,13.876900,0,0,0,1,2,1,0,0,pge:6737
PSF-009654,Mt. Bachelor,43.977200,-121.685000,1,2,1,0,0,0,1,1,pge:6738
PSF-009655,Grouse,49.386000,-123.077000,0,0,0,0,2,2,0,0,pge:6739
PSF-009656,Day Dreams,39.242100,-120.008000,0,0,0,0,0,2,2,0,pge:6740
PSF-009657,Redinha - Sico,39.975400,-8.553880,0,0,0,0,0,0,0,0,pge:6744
PSF-009658,Whidbey/ Fort Ebey,48.214700,-122.759000,0,0,0,0,2,2,0,0,pge:6745
PSF-009659,Mt. Tamborine,-27.950280,153.181040,0,0,0,0,0,1,1,1,pge:6746;siteguide_au:19-286
PSF-009660,Beechmont - Rosin's Lookout,-28.117819,153.201971,0,1,1,1,0,0,0,0,pge:6747;siteguide_au:18-284
PSF-009661,Valle de Bravo - La Torre,19.184600,-100.114000,0,0,0,0,0,1,2,1,pge:6749
PSF-009662,Killarney - Queensland,-28.305400,152.324000,0,0,0,0,0,0,0,0,pge:6750
PSF-009663,Howard,45.268200,-117.177000,2,2,0,0,0,0,0,2,pge:6752
PSF-009664,Jaragua,-15.796100,-49.333300,1,2,1,0,0,0,0,0,pge:6753
PSF-009665,"Gravedad Cero, Tapalpa, Jalisco",19.942200,-103.654000,0,2,2,1,0,0,0,0,pge:6754
PSF-009666,Eyam Edge,53.296200,-1.696800,0,0,0,0,2,2,0,0,pge:6756
PSF-009667,Pinnacle Hill,52.076700,-2.339700,0,0,2,0,0,0,0,0,pge:6757
PSF-009668,Dlouhy Vrch,50.589400,14.152800,0,0,2,0,0,0,0,0,pge:6759
PSF-009669,Bradwell,53.321400,-1.729600,0,0,0,0,0,1,2,1,pge:6760
PSF-009670,Pedro Bernardo,40.256700,-4.905530,0,0,1,0,1,1,2,0,pge:6765
PSF-009671,Curbar Edge,53.269500,-1.610920,0,0,0,0,0,2,0,0,pge:6766
PSF-009672,Ipora,-16.426900,-51.039700,2,2,2,0,2,0,0,0,pge:6768
PSF-009673,Sestola M. Calvanella (MO),44.217000,10.760500,2,2,1,1,1,1,1,2,pge:6770
PSF-009674,Kiparissi,36.991000,22.967100,0,0,0,0,0,0,0,0,pge:6771
PSF-009675,Cebreros - Avila,40.449200,-4.509970,0,0,2,1,0,0,0,0,pge:6772
PSF-009676,Espesetra (Riksanlegget) ved Sjoa Heidal,61.706700,9.472370,0,0,0,0,2,2,0,0,pge:6773
PSF-009677,Kobariski Stol (Kobarid),46.273200,13.469200,0,0,1,2,2,2,1,0,pge:6775
PSF-009678,The Range Toodyay,-31.530800,116.519000,0,0,0,0,0,0,0,0,pge:6777
PSF-009679,Serra do Louro - Palmela,38.564000,-8.918130,1,0,0,0,0,0,0,2,pge:6778
PSF-009680,Vrse-Porezen,46.162300,13.993000,0,0,0,2,2,2,0,0,pge:6779
PSF-009681,Otay Mesa,32.574000,-116.894000,0,0,0,1,2,1,1,0,pge:6780
PSF-009682,Zell im Zillertal - Rosenalm,47.244600,11.947200,0,0,0,0,0,0,0,0,pge:6782
PSF-009683,Vale de Azares - Linhares,40.593900,-7.389730,0,0,0,0,0,0,0,0,pge:6783
PSF-009684,Peeralilla Hill,-35.477900,138.618000,0,0,0,2,1,0,0,0,pge:6784
PSF-009685,Alpe Pala,45.986300,8.520120,0,0,0,1,2,1,0,0,pge:6785
PSF-009686,Lochiel Ridge,-33.868400,138.120000,0,0,0,0,0,0,2,0,pge:6786
PSF-009687,Billing - Bir,32.059800,76.744500,0,0,1,0,0,2,2,0,pge:6789
PSF-009688,Tuxpan,19.569300,-100.492000,0,0,0,0,0,0,0,0,pge:6790
PSF-009689,Caraiman Cross - Bucegi,45.416500,25.492300,0,1,2,1,0,0,0,0,pge:6791
PSF-009690,Erzincan,39.761300,39.603400,0,0,0,0,0,0,0,0,pge:6792
PSF-009691,Ormanli,41.407600,28.489400,1,2,1,0,0,0,0,0,pge:6795
PSF-009692,El Mirador,25.622500,-100.312000,1,2,2,0,0,0,0,1,pge:6797
PSF-009693,Cuesta Grade,35.347100,-120.645000,1,0,0,0,0,1,2,2,pge:6798
PSF-009694,Kalin - Rila Mountain,42.167900,23.246400,0,0,0,1,2,2,0,0,pge:6799
PSF-009695,Chalchihuapan - Puebla,18.963200,-98.342100,0,0,0,1,2,2,1,0,pge:6800
PSF-009696,Quixada - Morro do Urucum,-5.035900,-39.008000,0,2,2,2,0,0,0,0,pge:6801
PSF-009697,Winton,-42.675200,147.219000,0,0,0,2,2,0,0,0,pge:6802
PSF-009698,Tenerife - Taucho,28.144900,-16.735900,0,0,0,0,2,2,0,0,pge:6803
PSF-009699,Skriveri,56.626200,25.120900,0,0,0,1,2,1,0,0,pge:6804
PSF-009700,De Aar,-30.696500,24.030300,0,0,0,0,0,0,0,0,pge:6805
PSF-009701,Rancagua,-34.219900,-70.622300,0,0,0,0,0,0,0,0,pge:6806
PSF-009702,Paeroa Range,-38.373700,176.264000,1,0,0,0,0,0,1,2,pge:6809
PSF-009703,Sabile,57.031600,22.498500,0,0,0,0,0,0,0,0,pge:6810
PSF-009704,Cuchi Corral,-30.967100,-64.584700,2,0,0,0,0,1,2,2,pge:6811
PSF-009705,Kopaida,38.455300,23.139200,0,0,0,0,0,0,0,0,pge:6812
PSF-009706,Zillertaler Höhenstrasse -Melchboden (Mayrhofen),47.218800,11.825400,0,2,2,2,0,0,0,0,pge:6814
PSF-009707,La Cumbre - Colima,19.181300,-103.692000,0,0,0,2,1,1,0,0,pge:6815
PSF-009708,Cenes de la Vega (Granada),37.142700,-3.519300,0,0,0,1,1,2,2,2,pge:6816
PSF-009709,Breeza,-31.219000,150.541000,0,0,0,0,0,0,0,0,pge:6817
PSF-009710,Sicevo,43.356400,22.093300,0,0,0,0,0,0,0,0,pge:6818
PSF-009711,Nid d'Aigle,29.700400,-9.931800,0,0,0,0,0,1,2,2,pge:6820
PSF-009712,Idikel (Idikl/ Tafraout),29.711000,-8.846590,0,0,0,0,0,2,2,1,pge:6821
PSF-009713,Steamboat Springs,40.458400,-106.792000,0,0,0,0,0,0,0,0,pge:6822
PSF-009714,Obushkovo,55.785800,37.030800,0,0,0,0,0,0,0,0,pge:6823
PSF-009715,Mt Broughton - Thistle Hille,-37.123300,145.413000,0,0,0,1,1,2,0,0,pge:6824
PSF-009716,Fortin de las Flores,18.869700,-97.003800,0,1,2,2,1,0,0,0,pge:6827
PSF-009717,Ministerblick,51.324400,9.950800,0,0,0,0,0,0,0,0,pge:6828
PSF-009718,Florida Ridge Flight Park,26.750600,-81.293800,0,0,0,0,0,0,0,0,pge:6829
PSF-009719,Cerro Arco (Mendoza),-32.839700,-68.933600,1,1,2,1,1,1,1,0,pge:6830
PSF-009720,Verbier - Ruinettes _ Fontanets_Attelas,46.090400,7.251850,0,0,0,0,2,2,2,0,pge:6831
PSF-009721,Lijak - Lijac,45.963500,13.723600,0,0,2,2,2,2,2,1,pge:6832
PSF-009722,Straski hrib - Peter,45.777500,15.049100,0,1,2,2,2,0,0,0,pge:6833
PSF-009723,Smuk,45.661400,15.180400,0,1,2,2,1,0,0,0,pge:6834
PSF-009724,Abant,40.600800,31.319100,2,2,2,2,2,2,2,2,pge:6835
PSF-009725,Bozdag (Summit),38.325000,28.101000,2,1,0,1,2,1,0,1,pge:6837
PSF-009726,Imecik,36.862800,30.254000,0,0,0,0,2,2,2,0,pge:6838
PSF-009727,Piedra del Condor,-41.155300,-71.467600,0,0,0,0,0,0,0,0,pge:6840
PSF-009728,Katef Shaul,32.534900,35.376100,0,0,0,0,0,0,0,0,pge:6842
PSF-009729,Blossom Valley,32.876600,-116.848000,0,0,0,0,0,1,2,1,pge:6843
PSF-009730,Carchuna,36.699800,-3.464070,0,0,2,2,0,0,0,0,pge:6845
PSF-009731,Siete Pilillas -Pegalajar -Jaen -Mancha Real,37.752300,-3.646190,2,1,0,0,0,0,0,2,pge:6846
PSF-009732,Mission Ridge (Fremont- San Jose),37.517400,-121.892000,0,0,0,0,1,2,1,0,pge:6847
PSF-009733,Sumidouro,-22.043500,-42.681500,2,2,0,0,0,0,0,0,pge:6848
PSF-009734,São Sebastião da Bela Vista - CSMVL,-22.195900,-45.742600,2,1,0,0,0,0,0,0,pge:6849
PSF-009735,Nova Friburgo - Pico do Caledonia (RJ),-22.354500,-42.585100,2,1,0,0,0,0,0,1,pge:6850
PSF-009736,Sampaio Correia (RJ),-22.846600,-42.634100,2,0,0,2,2,0,0,0,pge:6851
PSF-009737,Kaimai,-37.820400,175.906000,0,0,0,0,0,2,0,0,pge:6853
PSF-009738,Vallejuelo,18.734300,-71.430000,0,0,0,0,0,0,0,0,pge:6854
PSF-009739,Las Aguitas,18.959700,-71.249400,0,0,0,0,0,0,0,0,pge:6855
PSF-009740,Morro do Radio - Cantagalo,-22.006700,-42.357600,1,1,1,1,1,0,0,1,pge:6856
PSF-009741,Porciuncula -Morro das Antennas (RJ),-21.013900,-42.077000,2,2,0,0,0,0,0,2,pge:6857
PSF-009742,Astolfo Dutra,-21.322100,-42.888000,0,0,0,0,0,0,0,0,pge:6858
PSF-009743,Azua,18.457500,-70.707900,0,0,0,2,2,0,0,0,pge:6859
PSF-009744,Casabito,19.033200,-70.482500,0,2,2,2,0,0,0,0,pge:6860
PSF-009745,job-ambert Cornillon,45.637800,3.753330,1,0,0,0,0,1,2,2,pge:6862
PSF-009746,job-ambert le bien,45.618600,3.767780,0,0,0,0,0,0,2,0,pge:6863
PSF-009747,Korilovos South,41.166300,24.166400,0,0,2,2,2,2,0,0,pge:6864
PSF-009748,Pirgi-Petrousa,41.224800,23.991700,0,1,0,2,2,2,2,0,pge:6865
PSF-009749,St Hilaire du Rorota,4.887120,-52.250700,0,2,2,1,0,0,0,0,pge:6869
PSF-009750,Chatel Morclan (under the top),46.272200,6.860560,0,0,0,2,0,0,2,0,pge:6870
PSF-009751,Volmerange-les-Mines,49.446800,6.099600,0,1,2,1,0,0,0,0,pge:6874
PSF-009752,Serpaton - Gresse en Vercors,44.910300,5.590720,0,0,2,2,0,0,0,0,pge:6875
PSF-009753,colimacon 800,-21.131600,55.303200,0,0,0,0,0,2,2,2,pge:6876
PSF-009754,Saint Leu 1400,-21.150900,55.342700,0,0,0,0,0,2,2,2,pge:6877
PSF-009755,dos d\'ane,-20.977400,55.368700,0,0,0,0,2,2,2,0,pge:6878
PSF-009756,riviere des remparts,-21.192000,55.640000,0,0,2,0,0,0,0,0,pge:6879
PSF-009757,Ouen Toro,-22.307700,166.458000,0,0,1,2,2,1,0,0,pge:6881
PSF-009758,Dzumac,-22.110200,166.447000,0,0,0,2,2,2,1,0,pge:6882
PSF-009759,Kuendu Beach,-22.260700,166.399000,0,0,0,0,0,1,2,2,pge:6883
PSF-009760,Mont Dore,-22.280200,166.602000,0,0,0,0,2,2,0,0,pge:6884
PSF-009761,Gadji,-22.198800,166.354000,0,0,1,2,2,0,0,0,pge:6885
PSF-009762,Ga Kaleon,-20.688500,164.939000,0,0,2,2,0,0,0,0,pge:6886
PSF-009763,La Roche Percee,-21.606400,165.456000,0,0,0,0,1,2,2,0,pge:6887
PSF-009764,piton textor,-21.187600,55.635100,0,2,2,0,0,0,0,0,pge:6888
PSF-009765,piton des neiges,-21.099700,55.480800,0,0,0,0,0,2,0,0,pge:6889
PSF-009766,matouta,-21.359100,55.696400,0,0,2,2,0,0,0,0,pge:6890
PSF-009767,maido,-21.059300,55.381800,0,0,0,0,0,0,0,0,pge:6891
PSF-009768,plaine des gregues,-21.320700,55.593200,0,0,2,2,1,0,0,0,pge:6892
PSF-009769,piton entonnoir,-21.356800,55.614500,0,0,0,0,2,0,0,0,pge:6893
PSF-009770,piton rond,-21.154900,55.597600,0,0,0,0,0,0,0,0,pge:6894
PSF-009771,le dimitile,-21.190100,55.484600,0,0,0,2,0,0,0,0,pge:6895
PSF-009772,bellemene,-21.022400,55.321200,0,0,0,0,0,0,2,2,pge:6896
PSF-009773,Petit Drumont,47.898300,6.919200,0,0,2,0,0,0,0,0,pge:6897
PSF-009774,Aglou beach,29.855000,-9.792180,0,0,0,0,0,2,2,2,pge:6901
PSF-009775,Aguergour,31.297200,-8.065400,2,0,0,0,0,2,2,2,pge:6902
PSF-009776,Ait-ourir,31.505700,-7.693700,0,0,0,0,0,0,0,2,pge:6903
PSF-009777,colimacons 1500,-21.167400,55.354100,0,0,0,0,0,0,0,0,pge:6904
PSF-009778,Queenstown - Crown Terrace,-44.980600,168.861000,0,0,0,0,0,1,2,1,pge:6905
PSF-009779,Mt. Jungkwang,37.310300,127.277000,0,0,1,0,0,0,2,2,pge:6906
PSF-009780,MAKES,-21.190000,55.407500,0,0,1,1,2,0,0,0,pge:6908
PSF-009781,Malay le Grand,48.165000,3.349900,2,1,0,0,0,0,0,0,pge:6909
PSF-009782,Uzumlu,36.755800,29.258600,0,0,0,0,1,2,2,1,pge:6911
PSF-009783,Kas,36.219000,29.627000,0,0,0,2,2,2,1,1,pge:6912
PSF-009784,Egirdir,37.897100,30.788500,2,2,1,0,0,0,1,1,pge:6913
PSF-009785,Golbasi,39.647800,32.849300,2,2,2,1,1,2,2,2,pge:6914
PSF-009786,Castelo - Rampa de Patrimonio do Ouro (ES),-20.567700,-41.082000,0,0,1,1,2,1,0,0,pge:6916
PSF-009787,Le Murier 4 Seigneurs,45.157000,5.777600,0,0,0,0,0,0,2,0,pge:6917
PSF-009788,Saijia,22.753300,120.647000,0,0,0,0,0,1,2,1,pge:6919
PSF-009789,chatel-mens,44.813800,5.811250,1,0,0,0,1,2,2,1,pge:6920
PSF-009790,Nkawkaw,6.577600,-0.760300,0,0,0,1,2,1,0,0,pge:6921
PSF-009791,Montgirod-Arcachat,45.542300,6.558200,1,1,2,2,2,1,1,1,pge:6922
PSF-009792,Legzira (the hill),29.441600,-10.100800,0,0,0,0,0,1,2,1,pge:6923
PSF-009793,Merzouga Dunes,31.077300,-3.992200,2,2,2,2,2,2,2,2,pge:6924
PSF-009794,Barendeu,-21.454400,165.368000,0,0,0,1,2,2,1,0,pge:6925
PSF-009795,Charande-la moliere,45.186700,5.592580,0,0,2,2,0,0,0,0,pge:6927
PSF-009796,Iquique - Palo Buque,-20.383300,-70.153600,0,0,0,1,2,2,1,0,pge:6934
PSF-009797,Mundolsheim,48.633200,7.697810,1,0,0,0,0,0,1,2,pge:6936
PSF-009798,Oppenau Zuflucht/Rossbühl/Sandkopf,48.487300,8.239320,0,0,0,1,2,2,2,1,pge:6937
PSF-009799,Sarangkot,28.243600,83.951500,0,0,1,2,1,0,0,0,pge:6938
PSF-009800,Soboba,33.823400,-116.960000,0,0,0,0,1,2,1,0,pge:6939
PSF-009801,Elsinore,33.629800,-117.371000,1,2,1,0,0,0,0,0,pge:6940
PSF-009802,Blackhawk,34.343000,-116.819000,2,2,1,0,0,0,0,1,pge:6941
PSF-009803,Kagel (Sylmar),34.333300,-118.385000,0,0,0,1,2,2,1,0,pge:6942
PSF-009804,Hidden Valley,33.501900,-117.298000,0,0,0,1,2,1,0,0,pge:6943
PSF-009805,Winchester Bowl,33.729800,-117.063000,0,0,0,0,1,2,1,0,pge:6944
PSF-009806,Big Black,33.156000,-116.810000,0,0,0,0,1,2,2,1,pge:6945
PSF-009807,Little Black,32.988000,-117.122000,0,0,0,0,0,1,2,2,pge:6946
PSF-009808,Laguna,32.938800,-116.484000,1,2,2,1,0,0,0,0,pge:6947
PSF-009809,La Salina,32.062800,-116.863000,0,0,0,0,1,2,2,2,pge:6948
PSF-009810,Agudo-Morro da Aleluia,-29.616300,-53.249200,0,0,0,2,2,2,0,0,pge:6949
PSF-009811,Encantado (RS),-29.270300,-51.893000,0,2,2,2,2,2,0,0,pge:6950
PSF-009812,Igrejinha (RS) -Morro Alto da Pedra,-29.528100,-50.842300,0,0,0,2,2,2,0,0,pge:6951
PSF-009813,Santa Maria - Morro das Antenas,-29.654500,-53.834200,0,0,0,2,2,0,0,0,pge:6954
PSF-009814,Morro do Diabo (Sao Vendelino),-29.340200,-51.383500,0,0,0,2,2,2,2,0,pge:6955
PSF-009815,Morro do Ferrabraz (RS) (Sapiranga),-29.605300,-50.970200,0,0,1,2,2,2,1,0,pge:6956
PSF-009816,Torres - Morro do Farol,-29.350000,-49.733300,0,2,2,1,0,0,0,0,pge:6957
PSF-009817,Ascurra - Serra Leoa,-26.950000,-49.366700,0,0,2,2,0,0,0,0,pge:6960
PSF-009818,Camburiu - Rampa do Careca,-26.966700,-48.633300,0,2,2,2,0,0,0,0,pge:6961
PSF-009819,Canelinha - Morro do Rolador,-27.326700,-48.805000,2,2,0,0,0,0,0,2,pge:6962
PSF-009820,Chapeco - Indios,-27.057800,-49.061900,2,0,0,0,0,0,0,2,pge:6963
PSF-009821,Ibirama  Presidente Getulio - Serra do Mirador,-27.050000,-49.500000,2,2,2,2,0,0,0,2,pge:6967
PSF-009822,Jaragua do Sul - Morro das Antenas (SC),-26.515800,-49.052900,1,2,1,1,0,0,0,0,pge:6969
PSF-009823,Tangara,-27.134000,-51.233700,2,2,2,0,0,2,2,2,pge:6973
PSF-009824,Timbo - Arapongas,-26.918900,-49.633600,0,0,2,2,2,0,0,0,pge:6975
PSF-009825,Urubici - Morro do Oderdeng,-28.015000,-49.591700,2,2,0,0,0,0,0,0,pge:6976
PSF-009826,Saddle Peak (Malibu),34.075600,-118.659000,0,0,0,0,0,0,0,0,pge:6977
PSF-009827,Osorio - rampa do Morro das antenas,-29.882000,-50.287400,0,0,2,2,2,0,0,0,pge:6980
PSF-009828,Caioba - Morro do Boi,-25.848100,-48.536200,0,2,2,0,0,0,0,0,pge:6983
PSF-009829,Curitiba - Anhangava,-25.387400,-49.004600,2,0,0,0,0,0,2,0,pge:6984
PSF-009830,Terra Rica - Tres Morrinhos,-22.782500,-52.650300,0,2,2,2,0,0,0,0,pge:6985
PSF-009831,Morro do Bin - Santo Antonio da Platina,-23.288300,-50.069400,0,0,0,2,2,0,0,0,pge:6987
PSF-009832,Vitorino,-26.216700,-52.816700,2,2,2,0,2,0,0,2,pge:6988
PSF-009833,Cascavel - Vale do Caldeirao,-25.238900,-53.372200,2,2,0,0,0,0,0,0,pge:6989
PSF-009834,Curitiba - Morro da Palha,-25.299200,-49.477500,2,2,1,1,0,0,0,2,pge:6990
PSF-009835,Calabasas,34.120800,-118.656000,0,0,0,0,0,1,2,1,pge:6992
PSF-009836,Santa Monica- Malibu - Corral Canyon,34.036900,-118.742000,0,0,0,1,2,1,0,0,pge:6993
PSF-009837,Ojai - Chief,34.446900,-119.270000,0,0,0,1,2,1,0,0,pge:6994
PSF-009838,Comanche,35.133300,-118.774000,1,0,0,0,0,0,1,2,pge:6995
PSF-009839,Elings Park (Santa Barbara),34.409000,-119.735000,0,0,0,0,1,2,1,0,pge:6998
PSF-009840,Pine,34.635700,-119.306000,0,0,0,1,2,1,0,0,pge:6999
PSF-009841,Coyote dry lake,34.186100,-116.217000,0,0,0,0,1,2,1,0,pge:7001
PSF-009842,Mentone,34.118900,-117.113000,0,0,0,0,1,2,1,0,pge:7002
PSF-009843,Slide,39.319700,-119.868000,0,1,2,2,1,0,0,0,pge:7003
PSF-009844,Kingsbury grade,38.980900,-119.852000,0,0,1,2,1,0,0,0,pge:7004
PSF-009845,Hat Creek rim,40.842200,-121.427000,0,0,0,0,0,1,2,1,pge:7005
PSF-009846,Big Sur - Wild cattle,35.970900,-121.453000,0,0,0,0,0,2,2,0,pge:7006
PSF-009847,Dunlap,36.764200,-119.098000,0,0,0,0,0,2,2,0,pge:7007
PSF-009848,Goodsprings (Las Vegas),35.894100,-115.496000,0,1,2,1,1,2,1,0,pge:7008
PSF-009849,Paiute (Bishop- Owens Valley),37.531400,-118.279000,1,0,0,0,1,2,2,2,pge:7010
PSF-009850,Bakersfield - Ant Hill,35.426700,-118.887000,1,0,0,0,0,0,1,2,pge:7011
PSF-009851,Pacifica (Dumps- San Francisco),37.671900,-122.494000,0,0,0,0,1,2,2,1,pge:7012
PSF-009852,Ed Levin,37.475600,-121.861000,0,0,0,0,1,2,1,0,pge:7013
PSF-009853,Mt Baldy (Sun Valley),43.660100,-114.404000,2,1,1,2,1,0,2,1,pge:7015
PSF-009854,King Mountain (Arco/ Moore),43.768200,-113.290000,0,0,0,0,2,2,1,1,pge:7016
PSF-009855,Harrison,42.315500,-113.673000,0,0,0,0,0,0,2,2,pge:7017
PSF-009856,Copper Mountain,39.474600,-106.157000,2,1,0,0,0,0,0,1,pge:7018
PSF-009857,Walshes launch (Aspen morning),39.149400,-106.819000,2,1,2,1,0,0,0,1,pge:7019
PSF-009858,Coo E,50.399000,5.887470,0,0,0,0,0,2,2,1,pge:7020
PSF-009859,Botucatu - Indiana (base da nuvem),-22.897500,-48.393600,1,2,2,2,0,0,0,0,pge:7021
PSF-009860,Atibaia - Pedra Grande,-23.167200,-46.529000,1,1,0,0,0,0,2,2,pge:7022
PSF-009861,Caraguatabuba - Morro Santo Antônio,-23.609800,-45.401200,0,0,2,2,2,0,0,0,pge:7023
PSF-009862,Sao Bento do Sapucai - Pedra do Bau (SP),-22.680200,-45.650600,2,1,0,0,0,0,0,2,pge:7024
PSF-009863,Santo Antônio do Pinhal - Pico Agudo,-22.863500,-45.651300,2,1,1,2,2,1,1,0,pge:7025
PSF-009864,Ilha do Ar  - Sto. Antônio da Alegria - Serra da Laginha,-21.143700,-47.157100,2,2,2,2,2,2,2,0,pge:7026
PSF-009865,Sao Pedro - Rampa Leste/Sul,-22.509200,-47.899100,0,1,2,2,2,0,0,0,pge:7027
PSF-009866,Sao Vicente-Santos - Morro do Itarare,-23.964800,-46.362800,0,0,2,2,2,1,0,0,pge:7028
PSF-009867,Serra da Bocaina,-22.616700,-44.566700,2,2,0,0,0,0,0,2,pge:7029
PSF-009868,Socorro,-22.583300,-46.516700,2,0,0,0,0,2,2,2,pge:7030
PSF-009869,Sao Jose do Barreiro - Estacao Bocaina,-22.704500,-44.637000,2,2,0,0,0,0,0,2,pge:7032
PSF-009870,Guaruja - Praia da Enseada,-23.994400,-46.248200,0,0,2,2,2,0,0,0,pge:7033
PSF-009871,Torrinha,-22.513400,-48.222200,1,0,0,0,0,0,2,2,pge:7034
PSF-009872,Mogi das Cruzes - Pico do Urubu,-23.485400,-46.206000,2,0,0,0,2,0,0,0,pge:7035
PSF-009873,Cassia dos Coqueiros - Anteninha e Mirante,-21.266700,-47.166700,0,0,0,0,0,0,0,0,pge:7039
PSF-009874,Santa Rita do Passa Quatro - Ciroca,-21.683300,-47.450000,0,0,0,2,2,0,0,0,pge:7040
PSF-009875,Taquaritinga - Serra do Jacboticabal,-21.400000,-48.500000,0,0,0,0,0,2,2,0,pge:7041
PSF-009876,Aguas de Lindoia,-22.466700,-46.650000,2,2,0,2,2,2,2,2,pge:7043
PSF-009877,Alagoa - Rampa do Condado,-22.195400,-44.575000,2,0,0,0,0,0,0,2,pge:7044
PSF-009878,Araxa - Horizonte Perdido,-19.708500,-46.848800,2,1,0,0,0,0,0,2,pge:7045
PSF-009879,Brasopolis - Mirante Vo Cotinha,-22.542800,-45.727200,0,0,2,2,2,0,2,0,pge:7046
PSF-009880,Cambuquira - Piri-Pau,-22.170600,-45.399400,2,0,0,0,2,0,0,0,pge:7047
PSF-009881,Congonhal,-22.121400,-46.032500,0,0,0,2,2,0,2,0,pge:7051
PSF-009882,Rampa Guarda Mor,-17.750000,-47.083300,0,2,2,2,0,0,0,0,pge:7052
PSF-009883,Conceicao de Ibitipoca (MG),-21.732900,-43.919600,0,0,0,2,2,2,0,0,pge:7053
PSF-009884,Juiz de Fora - Rampa do Microondas,-21.653300,-43.342100,2,0,0,0,0,0,0,2,pge:7055
PSF-009885,Leopoldina,-21.558300,-42.650300,2,0,0,0,0,0,0,2,pge:7056
PSF-009886,Muriae -Rampa do Distrito de Pirapanema (MG),-21.091600,-42.501400,0,0,2,2,2,0,0,0,pge:7057
PSF-009887,Pocos de Caldas,-21.771200,-46.575000,2,2,0,0,2,0,0,2,pge:7058
PSF-009888,Raul Soares - Boachá,-20.073900,-42.391700,0,0,0,0,0,0,0,0,pge:7059
PSF-009889,Salto da Divisa - Serra do Bodoco,-16.000000,-39.933300,2,2,0,0,0,0,0,0,pge:7060
PSF-009890,Belo Horizonte - Serra da Moeda,-20.195500,-43.979000,1,2,2,1,0,1,2,2,pge:7061
PSF-009891,Sete Lagoas - Serra de Santa Helena,-19.450000,-44.233300,2,0,2,2,2,2,0,0,pge:7062
PSF-009892,Itinga - Rampa do Cabure,-16.617800,-41.810300,0,0,2,2,2,0,0,0,pge:7064
PSF-009893,Mateus Leme - Serra do Elefante,-19.988900,-44.427500,2,0,2,2,2,2,2,0,pge:7066
PSF-009894,Descoberto,-21.433300,-42.950000,2,2,0,0,2,2,2,2,pge:7067
PSF-009895,Sao Lourenco - Fazenda Santa Helena,-22.095900,-45.071700,2,0,1,0,2,1,0,0,pge:7068
PSF-009896,Sao Domingos do Prata - Pedra da Baleia,-19.850000,-42.950000,0,0,0,0,2,2,0,2,pge:7070
PSF-009897,Berizal - Serra do Anastacio,-15.902500,-42.029400,2,2,2,0,0,0,0,2,pge:7072
PSF-009898,Salinas - Morro das Torres - Rampa do Ralador,-16.156900,-42.265300,2,2,0,2,2,2,0,2,pge:7073
PSF-009899,McClellan (Reno),39.265000,-119.719000,0,0,0,0,0,1,2,1,pge:7076
PSF-009900,Jean Ridge- Dry bed (Las Vegas),35.789800,-115.251000,0,0,0,0,1,2,2,0,pge:7077
PSF-009901,Rendezvous Peak/ JHMR (Jackson Hole Mountain Resort),43.596000,-110.872000,0,0,1,2,1,0,0,1,pge:7078
PSF-009902,Snow King (Jackson),43.462500,-110.766000,2,1,0,0,0,0,0,1,pge:7079
PSF-009903,Phillips Ridge,43.516000,-110.903000,0,0,1,2,1,0,0,0,pge:7080
PSF-009904,Black Cap,42.204300,-120.330000,0,0,0,0,1,2,2,1,pge:7081
PSF-009905,Yamaska (Montreal),45.452200,-72.878100,2,1,1,0,1,1,2,1,pge:7082
PSF-009906,Michalkow,51.695800,17.848600,2,2,2,2,2,2,2,2,pge:7084
PSF-009907,Janowiec,51.324000,21.909700,0,0,0,0,0,0,0,0,pge:7085
PSF-009908,Del Cerro,33.756300,-118.369000,0,0,0,0,2,2,0,0,pge:7086
PSF-009909,Hogback,45.526900,-110.631000,2,2,0,0,2,2,0,0,pge:7087
PSF-009910,Sky Ridge (Ketchum- Hailey),43.465200,-114.353000,0,0,0,0,1,2,1,0,pge:7088
PSF-009911,Kimberly,42.362900,-114.358000,1,0,0,0,0,0,1,2,pge:7089
PSF-009912,Cape Lookout,45.353600,-123.972000,0,0,0,0,0,0,1,2,pge:7090
PSF-009913,Doherty Slide,42.019400,-119.487000,0,0,0,0,0,1,2,1,pge:7091
PSF-009914,Hadley Butte,42.690700,-120.668000,2,0,0,0,0,0,0,2,pge:7092
PSF-009915,Lands Inn,44.602300,-119.551000,0,0,0,0,0,0,0,0,pge:7094
PSF-009916,Palisades,42.303800,-120.256000,0,0,0,0,0,1,2,1,pge:7095
PSF-009917,Peterson Butte,44.508800,-122.980000,0,0,0,0,2,1,1,0,pge:7096
PSF-009918,Prairie Peak,44.277200,-123.607000,2,1,0,0,0,0,0,1,pge:7097
PSF-009919,Tierra Del Mar,45.238500,-123.970000,0,0,0,0,0,1,2,1,pge:7098
PSF-009920,Sand Lake,45.288300,-123.963000,0,0,0,0,0,1,2,1,pge:7099
PSF-009921,Pine Mt.,43.820200,-120.933000,1,0,0,0,0,0,1,2,pge:7101
PSF-009922,Blanchard,48.609700,-122.426000,0,0,0,0,2,1,2,0,pge:7102
PSF-009923,Dog,46.488200,-122.173000,1,0,0,0,0,0,1,2,pge:7103
PSF-009924,Elk Rock,46.296500,-122.346000,0,0,0,0,1,2,1,0,pge:7104
PSF-009925,Rampart Ridge,47.386100,-121.364000,0,0,0,0,0,1,2,1,pge:7106
PSF-009926,Silver Star,45.764000,-122.249000,1,0,0,0,0,0,2,1,pge:7107
PSF-009927,MacKenzie,50.965200,-118.103000,0,0,0,0,0,1,2,1,pge:7109
PSF-009928,Canoa - El Nido,-0.504363,-80.444200,0,0,0,0,0,2,2,0,pge:7111
PSF-009929,Marica (RJ),-22.888700,-42.863300,0,0,2,2,2,2,0,0,pge:7112
PSF-009930,Buzios -rampa da Serra das Emerencias (RJ),-22.806000,-41.937800,2,2,2,2,0,0,0,0,pge:7113
PSF-009931,Cambuci,-21.527400,-41.887400,0,0,2,2,2,0,0,0,pge:7114
PSF-009932,Campo Grande -Rampa do Aladim 8RJ),-22.900800,-43.632200,2,2,0,0,0,0,0,2,pge:7115
PSF-009933,Paulo de Frontin,-21.534200,-41.890000,0,0,2,2,2,2,0,0,pge:7117
PSF-009934,Nova Friburgo - Pedra da Catarina (RJ),-22.295000,-42.559300,2,2,2,2,2,0,2,2,pge:7118
PSF-009935,Miguel Pereira (RJ),-22.474100,-43.463100,0,0,0,2,2,2,2,2,pge:7120
PSF-009936,Nova Iguacu -Serra do Vulcano (RJ),-22.766800,-43.475900,2,2,0,0,0,0,0,2,pge:7122
PSF-009937,Niteroi -Rampa do Parque da Cidade (RJ),-22.930000,-43.088100,2,0,0,2,2,0,0,2,pge:7123
PSF-009938,Rio Bonito (RJ),-22.687600,-42.635900,0,0,0,2,2,2,0,0,pge:7125
PSF-009939,Valenca,-22.262700,-43.693700,2,2,0,0,0,0,0,0,pge:7126
PSF-009940,Itaguai -Serra do Matoso (RJ),-22.774900,-43.815000,0,0,2,2,2,2,0,0,pge:7128
PSF-009941,Rio Bonito - Via Lagos (RJ),-22.804700,-42.524400,2,2,1,0,0,0,0,2,pge:7130
PSF-009942,Cordeiro,-22.016700,-44.350000,2,2,2,0,2,2,0,2,pge:7131
PSF-009943,Rampa da Torre - Angra dos Reis,-23.020700,-44.295500,0,1,2,0,0,0,0,0,pge:7134
PSF-009944,Rio de Janeiro - Rampa da Pedra Bonita (RJ),-22.988200,-43.278800,0,1,2,2,1,0,0,0,pge:7136
PSF-009945,Montgellafrey,45.408100,6.316400,0,0,1,2,2,1,0,0,pge:7138
PSF-009946,Point Mugu,34.105500,-119.070000,0,0,0,0,0,2,2,0,pge:7140
PSF-009947,Celle,45.131600,7.360010,0,0,0,0,2,0,0,0,pge:7141
PSF-009948,Chiamberlando,45.147300,7.087010,0,0,0,0,2,0,0,0,pge:7142
PSF-009949,Ord,34.403000,-117.183000,0,2,0,0,0,0,2,2,pge:7143
PSF-009950,Santiago Peak,33.708900,-117.535000,0,0,0,0,1,2,1,0,pge:7144
PSF-009951,Diablo,37.877900,-121.934000,0,0,0,0,1,2,1,0,pge:7145
PSF-009952,Ratitovec,46.236900,14.090600,0,0,1,1,2,2,2,0,pge:7146
PSF-009953,Swansea,50.508100,-115.953000,0,0,0,0,0,1,2,2,pge:7147
PSF-009954,Alfredo Chaves - Rampa de Cachoeira Alta (ES),-20.671600,-40.780800,0,2,2,2,1,0,0,0,pge:7149
PSF-009955,Baixo Guandu - Monjolo (ES),-19.630700,-40.969200,2,2,1,0,0,0,0,1,pge:7150
PSF-009956,Castelo - Rampa de Uba (ES),-20.603800,-41.086000,2,1,1,0,0,0,1,2,pge:7151
PSF-009957,Pancas -Clementino Izoton (ES),-19.228800,-40.866100,2,2,2,0,0,0,0,0,pge:7152
PSF-009958,Venda Nova do Imigrante,-20.349700,-41.113000,2,2,0,0,0,0,0,2,pge:7153
PSF-009959,Rampa do Veinho - Vila Valério,-18.898500,-40.298000,1,2,2,2,1,1,1,1,pge:7154
PSF-009960,Morro do Moreno,-20.325900,-40.277000,0,0,2,2,1,0,0,0,pge:7155
PSF-009961,Vargem Alta - Rampa do Mirante (ES),-20.740600,-41.059900,0,0,0,0,0,2,2,2,pge:7156
PSF-009962,Serra - Falesia de Nova Almeida,-20.068400,-40.180500,0,2,2,0,0,0,0,0,pge:7157
PSF-009963,Afonso claudio - tres Pontoes,-20.074600,-41.030200,2,2,0,0,0,0,0,0,pge:7158
PSF-009964,Castelo - Rampa de Apeninos (ES),-20.591800,-41.172500,0,0,0,1,2,1,2,0,pge:7159
PSF-009965,Conceicao de Feira (BA),-12.490300,-39.013100,0,2,2,2,2,0,0,0,pge:7161
PSF-009966,Lencois - Pai Inacio,-12.563100,-41.390000,0,2,2,0,0,0,0,0,pge:7162
PSF-009967,Jacobina,-11.202200,-40.472500,2,2,0,0,0,0,0,2,pge:7163
PSF-009968,Prado - Praia da Paixao,-17.341100,-39.220800,0,2,2,0,0,0,0,0,pge:7164
PSF-009969,Santa Teresinha / Terezinha -Rampa da Serra da Jiboia (BA),-12.774700,-39.525000,2,2,2,0,0,0,0,0,pge:7165
PSF-009970,Riacho das Almas (PE),-8.154400,-35.916100,0,0,1,2,0,0,0,0,pge:7169
PSF-009971,Vicencia,-7.661100,-35.330600,2,2,0,0,0,0,0,0,pge:7170
PSF-009972,Tacima (PB),-6.500270,-35.661000,0,0,1,2,1,0,0,0,pge:7171
PSF-009973,Pipa - Praia da Pipa (RN),-6.207100,-35.081100,0,0,2,0,0,0,0,0,pge:7172
PSF-009974,Patu (PB),-6.150000,-37.627000,0,0,0,2,0,0,0,0,pge:7173
PSF-009975,Tollhouse,37.014900,-119.373000,0,0,0,0,0,1,2,1,pge:7174
PSF-009976,Canoa Quebrada (CE),-4.533600,-37.691900,2,2,0,0,0,0,0,0,pge:7175
PSF-009977,Itacima,-4.005300,-38.642800,0,0,2,2,0,0,0,0,pge:7176
PSF-009978,Maranguape,-3.893400,-38.719300,0,2,0,0,0,0,0,0,pge:7177
PSF-009979,Sobral,-3.683330,-40.333300,0,0,0,0,2,2,0,0,pge:7178
PSF-009980,Guaramiranga - Aratuba,-4.250000,-37.700000,2,2,0,0,0,0,0,0,pge:7179
PSF-009981,Presidente Medici,-11.283300,-61.916700,2,0,2,2,2,0,0,2,pge:7181
PSF-009982,Ouro Preto do Oeste - Morro Chico Mendes,-10.733100,-62.222000,0,0,2,0,2,0,0,2,pge:7182
PSF-009983,Kobala (Tolmin),46.180500,13.779100,0,0,2,1,1,1,2,0,pge:7183
PSF-009984,Eiland van Maurik,51.971000,5.431500,0,0,0,0,0,0,0,0,pge:7185
PSF-009985,Beaulieu sur layon,47.311000,-0.601161,0,0,0,0,2,2,0,0,pge:7187
PSF-009986,Cerna Hora,50.649600,15.740000,0,0,0,1,2,1,0,0,pge:7188
PSF-009987,Certova Hora,50.761500,15.429000,0,2,2,0,0,0,0,0,pge:7189
PSF-009988,Rip,50.385300,14.290800,0,0,2,2,0,0,0,0,pge:7190
PSF-009989,Ledcice - Jevineves,50.338100,14.322800,0,0,2,2,0,0,0,0,pge:7191
PSF-009990,Zvicina - NE,50.457200,15.694300,2,2,2,0,0,0,0,0,pge:7192
PSF-009991,Vsetaty,50.271100,14.611700,0,0,0,0,1,2,0,0,pge:7193
PSF-009992,Javorovy,49.628800,18.627300,2,2,1,0,0,0,1,2,pge:7194
PSF-009993,Mokropsy,49.938100,14.335300,1,0,0,0,0,0,1,2,pge:7195
PSF-009994,Prerovska Hurka,50.163900,14.841700,0,0,0,2,2,2,0,0,pge:7196
PSF-009995,Kozakov,50.593300,15.263200,0,0,0,1,2,2,2,1,pge:7197
PSF-009996,Skalka,49.554100,18.299300,0,0,0,0,1,2,1,0,pge:7198
PSF-009997,Kalo Chorio,34.864300,33.020700,0,0,0,1,2,2,0,0,pge:7199
PSF-009998,Chapada dos Guimaraes,-15.480100,-55.688100,0,0,0,1,2,1,0,0,pge:7200
PSF-009999,Cuiaba,-14.908500,-55.719300,2,2,0,0,2,0,0,0,pge:7202
PSF-010000,Caceres -Pico Dourado,-16.340500,-57.517200,2,2,2,2,2,0,0,2,pge:7203
PSF-010001,Nobres,-14.712100,-56.313900,0,0,0,2,2,2,0,0,pge:7204
PSF-010002,Corumba,-19.000000,-57.633300,2,2,0,0,2,2,2,2,pge:7208
PSF-010003,Sidrolandia,-20.965300,-55.168100,2,2,0,0,0,0,0,2,pge:7209
PSF-010004,Palmas,-10.227500,-48.245000,0,2,2,2,2,1,1,0,pge:7210
PSF-010005,Axixa do Tocantins,-5.632500,-47.788000,2,2,0,0,0,2,2,2,pge:7211
PSF-010006,Babadag (Oludeniz),36.539000,29.169600,2,2,2,2,2,2,1,1,pge:7216
PSF-010007,Dune de Pilat,44.578900,-1.220600,0,0,0,0,0,0,2,2,pge:7217
PSF-010008,Mauborget,46.854400,6.612000,0,0,1,2,2,1,0,0,pge:7218
PSF-010009,Seefeld,47.340600,11.239300,0,0,0,0,1,2,1,0,pge:7219
PSF-010010,Biokovo-Makarska,43.302800,17.052900,0,0,0,0,0,1,2,1,pge:7220
PSF-010011,MONTJOUX  Dio et Valquière NO - S,43.672200,3.194700,1,0,0,1,2,1,1,2,pge:7221
PSF-010012,Langbiang,12.032000,108.413000,0,0,0,2,0,2,1,1,pge:7222
PSF-010013,Hon Hong,11.035100,108.404000,0,1,2,1,2,1,0,0,pge:7223
PSF-010014,Vallon Pont d\'Arc,44.424100,4.384100,0,0,0,2,2,2,0,0,pge:7225
PSF-010015,Banon,44.050000,5.635000,0,1,2,2,2,1,0,0,pge:7226
PSF-010016,Bouzeguene,28.000000,3.395510,0,0,0,0,0,0,0,0,pge:7227
PSF-010017,El Bolson,-41.973000,-71.479000,0,0,0,0,1,1,2,0,pge:7228
PSF-010018,Neustift - Elfer,47.098600,11.324300,0,2,0,0,0,0,0,0,pge:7231
PSF-010019,Saleve - Les Crêts,46.130200,6.171510,0,0,0,0,0,2,2,1,pge:7232
PSF-010020,Al Soodh,18.269900,42.363200,0,0,0,0,0,1,2,1,pge:7233
PSF-010021,Bishops Hill,56.215900,-3.316300,0,0,0,0,0,1,2,2,pge:7234
PSF-010022,Springville - Slick Rock,36.184800,-118.727000,0,0,0,0,0,0,0,0,pge:7236
PSF-010023,Katelembo,-1.499780,37.184400,0,0,2,2,0,0,0,0,pge:7237
PSF-010024,Kibini Hill,-2.130000,37.239200,0,2,2,2,0,2,2,2,pge:7238
PSF-010025,Krusevo,41.343200,21.256900,0,2,2,2,0,2,2,1,pge:7239
PSF-010026,Ohrid,40.954600,20.812400,0,0,0,0,0,2,2,2,pge:7240
PSF-010027,Barberton -Lone Tree  Hill,-25.801700,31.056000,2,2,0,0,0,0,0,2,pge:7241
PSF-010028,Campitello-Canazei-Locomotiva,46.508700,11.771900,1,0,0,2,2,0,0,1,pge:7242
PSF-010029,Campitello-Canazei-Col Rodella,46.497200,11.753500,2,1,0,1,2,2,1,1,pge:7243
PSF-010030,Don Pedro Lake,37.729300,-120.374000,2,2,2,2,2,2,2,2,pge:7244
PSF-010031,Wadi Mujib - South face,31.475600,35.780200,0,0,0,0,2,2,1,0,pge:7245
PSF-010032,Wadi Mujib - North face,31.434000,35.784500,2,0,0,0,0,0,1,1,pge:7246
PSF-010033,Faja de Agua,14.867500,-24.739700,1,1,0,0,0,0,2,1,pge:7247
PSF-010034,Beida - South West,30.400600,35.478300,0,0,0,0,1,2,1,0,pge:7248
PSF-010035,Beida - West 1400 (parking),30.385600,35.485700,0,0,0,0,0,1,2,1,pge:7251
PSF-010036,yuscaran,13.929600,-86.861600,1,2,1,0,0,0,0,0,pge:7252
PSF-010037,Les 7 Meuses,50.353900,4.862200,0,0,0,1,2,1,0,0,pge:7253
PSF-010038,Grand Som,45.371900,5.812780,1,2,1,0,0,0,0,0,pge:7255
PSF-010039,Vagamon,9.759600,76.834900,0,0,0,0,2,2,2,2,pge:7256
PSF-010040,La Dent de Crolles,45.308900,5.856390,1,1,0,1,2,1,0,0,pge:7257
PSF-010041,Le Grand Replomb,45.200800,5.980280,0,0,0,0,2,2,2,0,pge:7258
PSF-010042,Panajachel,14.731300,-91.128300,0,0,0,0,2,2,1,0,pge:7259
PSF-010043,Ceillac,44.667200,6.784720,0,0,0,0,0,2,2,0,pge:7260
PSF-010044,Wolcott,39.700300,-106.634000,0,0,0,0,2,2,2,0,pge:7261
PSF-010045,Refuge de l Aigle,45.010800,6.316390,2,1,2,0,0,0,1,2,pge:7262
PSF-010046,Bristol,42.730000,-77.400000,0,0,0,0,0,0,2,0,pge:7264
PSF-010047,Dansville,42.370000,-77.250000,0,0,0,0,0,2,2,0,pge:7266
PSF-010048,Mossy Banks Memorial Park,42.335000,-77.325600,2,0,0,0,0,0,0,0,pge:7268
PSF-010049,Hammondsport,42.374300,-77.262300,1,0,0,0,0,0,0,2,pge:7269
PSF-010050,Crackneck Lookout,-33.394400,151.483000,0,0,1,1,0,0,0,0,pge:7270;siteguide_au:123-244
PSF-010051,Octeville,49.547500,0.085900,0,0,0,0,0,0,1,2,pge:7271
PSF-010052,Palomar,33.335000,-116.955000,0,0,0,1,2,2,2,1,pge:7272
PSF-010053,Canasí - Playa Amarilla,23.146500,-81.800300,2,1,0,0,0,0,0,1,pge:7273
PSF-010054,Santa Clara - Primero Enero,22.257100,-79.820400,0,2,2,1,0,0,0,0,pge:7274
PSF-010055,Mount Caburn,50.861500,0.050900,0,0,0,0,2,2,0,0,pge:7275
PSF-010056,Simatai Great Wall,40.658000,117.285000,0,0,0,1,2,1,0,0,pge:7279
PSF-010057,mt. MiaoFengshan,40.077800,116.047000,0,2,2,2,0,0,0,0,pge:7280
PSF-010058,col du noyer,44.690300,5.984550,0,0,2,2,1,0,0,0,pge:7283
PSF-010059,Seeboden 02,46.758200,13.454700,0,0,0,0,1,1,2,1,pge:7286
PSF-010060,Chicheng chaoyang cliff,40.704000,116.061000,0,0,1,2,2,1,1,0,pge:7288
PSF-010061,Cayucos,35.428300,-120.873000,0,0,0,0,0,2,2,1,pge:7289
PSF-010062,Laguna Lake,35.265700,-120.680000,0,0,0,0,1,2,1,0,pge:7290
PSF-010063,Montana de Oro,35.293200,-120.878000,0,0,0,0,0,0,2,2,pge:7291
PSF-010064,Montagne Longue,-20.151400,57.552500,0,2,2,1,0,0,0,0,pge:7293
PSF-010065,GrayBird AirSports,29.063400,-82.377100,2,2,2,2,2,2,2,2,pge:7296
PSF-010066,Rochefort - Rond du Roi,50.149700,5.206100,2,0,0,0,0,0,0,2,pge:7297
PSF-010067,Avenue S,34.530500,-118.149000,2,2,0,0,0,0,0,0,pge:7298
PSF-010068,Brace,42.044400,-73.492700,0,0,0,0,0,2,2,1,pge:7299
PSF-010069,Kirkridge,40.937700,-75.183000,0,0,1,2,0,0,0,0,pge:7300
PSF-010070,brajici,42.301900,18.891400,1,1,1,2,2,2,1,1,pge:7302
PSF-010071,Sula,62.434300,6.173330,2,2,1,0,0,0,2,2,pge:7303
PSF-010072,Sede de Vuelo Libre Club Halcones,3.683060,-76.346100,2,0,0,0,1,1,1,2,pge:7305
PSF-010073,Airways Airsports,52.969500,-1.750000,2,2,2,2,2,2,2,2,pge:7306
PSF-010074,Kiev paragliding club,50.261100,30.529000,1,2,2,2,1,1,2,1,pge:7307
PSF-010075,Hochblauen Nord,47.778300,7.701670,2,1,0,0,0,0,0,1,pge:7308
PSF-010076,Koniavo,42.344000,22.838800,0,0,0,1,2,2,1,0,pge:7309
PSF-010077,Ambroz,46.282000,14.525100,0,0,2,2,2,2,2,0,pge:7310
PSF-010078,Bondalseidet,62.159700,6.293060,2,2,2,2,2,2,2,2,pge:7311
PSF-010079,Baldern (Uetliberg),47.322400,8.500600,0,1,2,1,0,0,0,0,pge:7312
PSF-010080,Rocky Point,40.963200,-72.928300,2,1,0,0,0,0,0,2,pge:7313
PSF-010081,Skopska Crna Gora,42.168600,21.476100,0,0,0,0,2,2,2,0,pge:7315
PSF-010082,Ajvatovci,42.005200,21.610900,0,2,2,2,0,0,0,0,pge:7316
PSF-010083,Popova Shapka,42.007800,20.896100,0,2,2,2,0,0,0,0,pge:7317
PSF-010084,Ribnik,41.403600,21.424100,2,2,2,2,2,2,2,0,pge:7318
PSF-010085,Sliva,41.249500,21.584300,0,0,0,0,0,2,2,0,pge:7319
PSF-010086,Lisca,46.066900,15.283600,0,0,2,2,2,0,0,0,pge:7320
PSF-010087,Nakijin,26.695600,127.978000,2,1,0,0,0,0,0,1,pge:7321
PSF-010088,Kriska gora,46.351500,14.333200,0,0,1,2,2,2,0,0,pge:7322
PSF-010089,Laveno - Mte.Nudo - Mombello,45.922200,8.673890,1,1,2,2,2,2,0,1,pge:7323
PSF-010090,Gozd,46.339600,14.331300,0,0,1,2,2,2,1,0,pge:7325
PSF-010091,Kayo,26.552600,128.115000,0,0,0,2,2,0,0,0,pge:7327
PSF-010092,Kula,45.122800,21.325100,1,0,0,0,0,0,1,2,pge:7328
PSF-010093,Rajac,44.144600,20.237900,2,1,0,0,0,0,0,1,pge:7329
PSF-010094,Baski Rajac,44.151800,20.177900,1,0,0,0,0,0,1,2,pge:7330
PSF-010095,Oberrieden,47.267200,8.575110,0,1,2,1,0,0,0,0,pge:7331
PSF-010096,Żar,49.786900,19.225000,2,1,0,0,2,1,2,2,pge:7332
PSF-010097,Skrzyczne,49.685300,19.031100,2,2,2,0,0,0,1,2,pge:7333
PSF-010098,Nemocon,5.000000,-73.520000,2,1,1,0,0,0,0,0,pge:7334
PSF-010099,Parapente Paraiso,4.908550,-73.913200,0,1,2,2,0,0,0,0,pge:7335
PSF-010100,Engelberg - Brunni - Schonegg,46.838200,8.412410,0,0,0,2,2,2,1,0,pge:7336
PSF-010101,Saddle,46.817000,-119.870000,2,2,0,0,0,0,1,2,pge:7338
PSF-010102,Table Bluff (Eureka),40.697400,-124.273000,2,0,0,0,0,0,0,2,pge:7339
PSF-010103,Mattole,40.280400,-124.353000,2,0,0,0,0,0,0,2,pge:7340
PSF-010104,Shelter Cove,40.024500,-124.043000,0,0,0,0,2,2,0,0,pge:7341
PSF-010105,Tater Hill (Boone),36.301200,-81.723300,0,0,0,0,0,0,2,2,pge:7342
PSF-010106,Richmond Dale,39.218200,-82.842800,0,0,0,0,0,2,0,0,pge:7343
PSF-010107,Kalamaki,35.034700,24.759400,1,0,0,0,0,2,2,2,pge:7348
PSF-010108,Pulpit,39.914400,-77.958300,0,0,0,0,0,1,2,2,pge:7349
PSF-010109,Cuparaque,-18.960000,-41.070000,0,0,0,0,0,2,0,0,pge:7352
PSF-010110,Playita,18.356900,-70.731400,0,0,0,2,2,0,0,0,pge:7353
PSF-010111,Galvan,18.560600,-71.312500,0,0,0,0,0,2,0,0,pge:7354
PSF-010112,San Juan,18.959700,-71.249200,0,0,0,0,0,2,0,0,pge:7355
PSF-010113,Jarabacoa,19.132800,-70.658600,0,0,0,2,2,0,0,0,pge:7356
PSF-010114,Gan Wahl Jae,35.547000,129.046000,1,2,2,1,0,0,0,0,pge:7357
PSF-010115,Cheongdo,35.635400,128.775000,2,1,0,0,0,1,2,2,pge:7359
PSF-010116,Um Dahl San,35.426900,128.802000,2,1,0,0,0,0,1,2,pge:7360
PSF-010117,Day Am San,35.534000,128.217000,2,2,2,0,2,2,2,0,pge:7361
PSF-010118,Bohyan San,36.161000,128.974000,0,1,2,2,0,2,2,1,pge:7362
PSF-010119,Ibaraki (Air Park COO),36.269600,140.141000,0,0,0,2,2,0,0,0,pge:7365
PSF-010120,Ager,42.046400,0.746100,0,0,0,1,2,2,1,0,pge:7366
PSF-010121,Galeras,1.220400,-77.351300,0,0,2,2,0,0,0,0,pge:7367
PSF-010122,Remolino,1.680670,-77.367700,1,1,2,0,0,0,0,0,pge:7368
PSF-010123,Chapacual Moechisa Taindala,1.120750,-77.426800,1,0,0,1,1,0,0,1,pge:7370
PSF-010124,Balboa,2.048070,-77.217400,0,1,2,1,0,0,0,0,pge:7371
PSF-010125,BVG Halle,51.983000,6.433000,2,2,2,2,2,2,2,2,pge:7372
PSF-010126,Oh Bung San,35.341700,129.005000,2,2,0,0,2,2,0,0,pge:7373
PSF-010127,Mingus,34.702800,-112.116000,0,0,0,2,0,0,0,0,pge:7376
PSF-010128,Cordilheira do Santana,-25.114100,-49.176100,2,2,2,0,0,0,2,2,pge:7377
PSF-010129,stavrovouni,34.888600,33.437900,2,2,2,2,0,0,0,0,pge:7378
PSF-010130,Stavrovouni,34.888600,33.437900,2,2,2,2,0,0,0,0,pge:7379
PSF-010131,Teniya,26.578300,128.139000,0,1,2,1,0,0,0,0,pge:7380
PSF-010132,Crestline (San Bernardino),34.236000,-117.313000,0,0,0,1,2,2,1,0,pge:7381
PSF-010133,Pico del caballo,37.008000,-3.442000,0,0,0,0,0,1,2,1,pge:7382
PSF-010134,Norma,41.591000,12.957400,1,1,0,0,1,2,2,2,pge:7383
PSF-010135,Poggio Bustone - Monte Rosato,42.514900,12.883300,1,0,0,1,2,2,2,2,pge:7384
PSF-010136,Gunter (Bishop - Owens Valley),37.466800,-118.269000,0,0,0,0,1,2,1,0,pge:7385
PSF-010137,Flynns (Bishop - Owens Valley),37.388400,-118.295000,0,0,0,0,1,2,1,0,pge:7386
PSF-010138,Walt s Point - Horseshoe (Owens Valley- Lone Pine- Bishop),36.472700,-118.115000,0,1,2,0,1,0,0,0,pge:7387
PSF-010139,Pichincha,-0.166000,-78.525300,0,1,2,0,0,0,0,0,pge:7388
PSF-010140,Kijabe,-0.911000,36.546000,0,0,2,2,2,2,2,2,pge:7389
PSF-010141,Daniels,38.310500,-78.512000,0,0,0,0,2,2,0,0,pge:7391
PSF-010142,La Muela,40.845000,-3.110100,1,1,1,1,1,2,2,1,pge:7392
PSF-010143,Kaaikop,46.227800,-74.189000,0,0,0,0,0,1,2,1,pge:7393
PSF-010144,"Hu To San, Tigerhead Mtn",23.963600,120.989000,1,0,0,0,1,1,2,2,pge:7394
PSF-010145,Jangas,-9.429380,-77.587700,0,1,1,1,0,0,0,0,pge:7395
PSF-010146,Merriam Crater,35.338800,-111.286000,0,0,0,0,0,0,0,0,pge:7397
PSF-010147,North Sheba Crater (Flagstaff),35.312500,-111.274000,0,0,0,0,0,0,0,0,pge:7398
PSF-010148,Foros,44.407300,33.802000,0,0,0,1,2,2,1,0,pge:7399
PSF-010149,Laspi,44.428000,33.713500,0,0,1,2,2,2,0,0,pge:7400
PSF-010150,"Lu Yeh, Gao Tai",22.912700,121.120000,0,0,0,1,2,1,0,0,pge:7401
PSF-010151,Taiping San,22.928400,121.100000,1,1,1,1,2,0,0,1,pge:7402
PSF-010152,Pacatuba,-3.934700,-38.612000,0,1,2,1,0,0,0,0,pge:7403
PSF-010153,Catembe,-26.018100,32.573200,0,2,2,0,0,0,0,0,pge:7404
PSF-010154,Wan Li,25.181800,121.684000,2,2,1,0,0,0,0,0,pge:7405
PSF-010155,Puli old,23.966400,120.990000,0,0,0,0,0,2,2,2,pge:7406
PSF-010156,Cerro Guadalupe,1.147610,-77.289800,2,0,0,0,0,0,0,0,pge:7407
PSF-010157,Roca Sales (RS),-29.325800,-51.858100,2,2,0,0,0,0,0,2,pge:7409
PSF-010158,Cabo de Santa Pola,38.220000,-0.515000,0,1,2,1,0,0,0,0,pge:7410
PSF-010159,El Palomaret,38.486100,-0.675000,0,0,1,2,2,1,0,0,pge:7411
PSF-010160,Lalandelle,49.408300,1.891110,2,2,1,0,0,0,0,0,pge:7413
PSF-010161,Jutsa,43.970600,43.022700,1,0,2,2,1,0,2,0,pge:7415
PSF-010162,Chegem,43.293500,43.160400,2,2,2,2,2,2,2,2,pge:7416
PSF-010163,Budaniha,51.436800,45.793000,2,1,0,1,2,1,0,1,pge:7417
PSF-010164,Anapa,44.871500,37.318800,0,0,0,0,0,2,0,0,pge:7418
PSF-010165,Belinskij (SW),52.914000,43.547500,0,0,0,0,1,2,1,0,pge:7419
PSF-010166,Belinskij (SSE),52.905000,43.569800,0,0,1,2,1,0,0,0,pge:7420
PSF-010167,Bolshaya Rakovka,53.720800,50.622500,0,0,0,2,0,0,2,0,pge:7421
PSF-010168,Shilovka,54.102800,48.585300,2,0,0,0,1,2,1,0,pge:7422
PSF-010169,Dry Canyon,32.927400,-105.886000,0,0,0,0,1,2,1,0,pge:7423
PSF-010170,Crisois - Montenegro,-29.693900,-51.525300,0,0,0,2,2,1,0,0,pge:7424
PSF-010171,Sehewoki’i Newenee’an Katete,44.005000,-116.409000,0,0,1,2,0,1,2,2,pge:7425
PSF-010172,Swan Falls,43.236000,-116.368000,0,0,0,0,0,0,0,2,pge:7426
PSF-010173,8th street,43.668500,-116.096000,0,0,0,0,0,0,2,2,pge:7427
PSF-010174,Bogus Basin,43.773500,-116.095000,0,0,0,0,0,2,2,2,pge:7428
PSF-010175,Melba Ridge,43.367000,-116.571000,0,0,1,2,1,0,0,0,pge:7429
PSF-010176,Beida North-West,30.361400,35.475000,0,0,0,0,0,0,2,1,pge:7430
PSF-010177,Palaces road,30.281900,35.453400,0,0,0,0,0,1,2,1,pge:7431
PSF-010178,Bache Hill,52.266000,-3.156000,0,0,1,2,1,0,0,0,pge:7434
PSF-010179,Andrzejówka,50.692300,16.276200,0,0,0,0,0,0,0,1,pge:7493
PSF-010180,Babie DoÅ‚y,54.581400,18.540800,0,1,1,0,0,0,0,0,pge:7494
PSF-010181,BartÃ„â€¦Ã…Â¼ek,53.706000,20.504400,0,0,0,0,0,1,0,0,pge:7495
PSF-010182,Bezmiechowa,49.520600,22.409700,0,0,0,0,1,0,0,0,pge:7496
PSF-010183,Bialystok - Krywlany,53.103000,23.171500,2,2,2,2,2,2,2,2,pge:7497
PSF-010184,Borsk,53.951800,17.943100,2,1,2,2,2,1,2,2,pge:7498
PSF-010185,Bukowiec,50.700000,16.254200,0,0,0,0,0,0,0,1,pge:7499
PSF-010186,Bukowiec - półka,50.705300,16.255600,1,1,0,0,0,0,0,1,pge:7500
PSF-010187,Chełmiec,50.779700,16.214400,0,0,1,0,0,0,0,0,pge:7501
PSF-010188,Chlapowo,54.806000,18.386900,0,1,0,0,0,0,0,0,pge:7502
PSF-010189,Czarna Góra,50.253100,16.807900,1,1,1,0,0,0,0,0,pge:7503
PSF-010190,CzoÅ‚o,50.754400,15.817400,0,0,1,1,0,0,0,0,pge:7504
PSF-010191,Dzikowiec,50.720600,16.211100,0,1,0,0,0,0,0,0,pge:7505
PSF-010192,Dźwiniacz,49.463600,22.536700,0,1,0,0,0,0,0,0,pge:7507
PSF-010193,Gdynia OrÅ‚owo - upper,54.484800,18.567300,0,2,1,0,0,0,0,0,pge:7508
PSF-010194,Gdynia Orłowo - lower,54.479000,18.563200,0,0,2,0,0,0,0,0,pge:7509
PSF-010195,Janowiec - skarpa SW,51.324000,21.906700,0,0,0,0,0,1,0,0,pge:7510
PSF-010196,Janowiec - skarpa S,51.324000,21.909700,0,0,0,0,1,0,0,0,pge:7511
PSF-010197,Janowiec - Ã…â€šÃ„â€¦ka 1,51.326100,21.919400,0,0,0,1,1,0,0,0,pge:7512
PSF-010198,Janowiec - Ã…â€šÃ„â€¦ka 2,51.327000,21.923900,0,0,0,1,1,0,0,0,pge:7513
PSF-010199,Jeziorany - School slope,53.961300,20.708900,0,0,0,0,0,0,1,0,pge:7514
PSF-010200,Jeziorany,53.953900,20.695100,0,0,1,0,0,0,0,0,pge:7515
PSF-010201,Kamienna Laworta,49.444700,22.581900,0,1,0,0,0,0,0,0,pge:7516
PSF-010202,Kamień Slaski,50.528500,18.083600,0,0,1,0,0,0,1,0,pge:7517
PSF-010203,Katowice - Muchowiec,50.236200,19.033700,0,0,0,0,0,0,0,0,pge:7518
PSF-010204,Klonówka,50.912200,20.755600,0,0,0,0,1,1,1,0,pge:7519
PSF-010205,Konarzyny,53.829800,17.368200,0,0,0,0,0,0,0,0,pge:7520
PSF-010206,Konopki,52.988500,20.508400,0,0,0,1,0,0,0,1,pge:7521
PSF-010207,Kowale,51.081400,18.498700,0,0,0,0,0,0,0,0,pge:7522
PSF-010208,Lysiec (Łysiec),50.286900,16.926700,0,0,0,0,0,1,2,0,pge:7523
PSF-010209,Mała Kopa,50.766700,15.753900,1,0,0,0,0,0,0,0,pge:7524
PSF-010210,Mechelinki,54.603900,18.518000,0,1,1,0,0,0,0,0,pge:7525
PSF-010211,Mieroszów,50.672700,16.209400,0,0,0,0,1,1,0,0,pge:7527
PSF-010212,Mirosławice,50.956900,16.770800,0,0,0,0,0,0,0,0,pge:7528
PSF-010213,"Mrï¿½?gowo, GÃ³ra czterech wiatrÃ³w",53.854300,21.326400,0,0,0,0,0,0,1,0,pge:7529
PSF-010214,Nowe,53.652900,18.736000,0,0,2,1,0,0,0,0,pge:7530
PSF-010215,Olsztyn,53.774100,20.417200,0,0,0,0,0,0,0,0,pge:7531
PSF-010216,Orneta,54.122700,20.074200,0,1,0,0,0,1,0,0,pge:7532
PSF-010217,Pińczów,50.537000,20.508400,0,0,0,0,0,1,0,0,pge:7533
PSF-010218,Plock,52.544700,19.683100,0,0,0,0,0,2,0,0,pge:7534
PSF-010219,Podobin,49.638000,20.093100,0,0,0,0,2,2,1,0,pge:7535
PSF-010220,Polska Nowa Wieś,50.632500,17.782800,0,0,0,0,0,0,0,0,pge:7536
PSF-010221,Przasnysz,53.005800,20.926500,0,0,1,0,0,0,1,0,pge:7537
PSF-010222,Rudnik,50.774200,15.866000,0,0,0,0,0,0,0,1,pge:7538
PSF-010223,Rudniki,50.884300,19.202800,0,0,1,0,0,0,1,0,pge:7539
PSF-010224,Santok,52.732700,15.385900,0,0,0,0,1,0,0,0,pge:7540
PSF-010225,Skrzetla,49.715500,20.588300,0,1,0,0,0,0,0,0,pge:7541
PSF-010226,Srebrna Góra,50.571700,16.657400,0,1,1,0,0,0,0,0,pge:7543
PSF-010227,Starogród,53.296900,18.376300,0,0,0,0,0,0,2,0,pge:7544
PSF-010228,Szrenica,50.792900,15.514600,1,1,1,0,0,0,0,0,pge:7545
PSF-010229,Swiecie-Diabelce,53.413500,18.462500,0,0,0,1,2,0,0,0,pge:7546
PSF-010230,Toruń,53.025100,18.545100,0,0,1,0,0,0,1,0,pge:7547
PSF-010231,Trzęsacz,54.078200,14.996400,1,0,0,0,0,0,0,1,pge:7548
PSF-010232,WeremieÃ…â€ž,49.443100,22.313900,0,1,0,0,0,0,0,0,pge:7549
PSF-010233,Witków Śląski,50.816100,16.119300,0,0,0,0,0,1,0,0,pge:7550
PSF-010234,Wołowa Góra,50.768300,15.816700,1,0,0,0,0,0,0,0,pge:7551
PSF-010235,Wrocław - Ceglana,51.124900,17.127700,1,1,1,0,0,0,1,1,pge:7552
PSF-010236,Wysoki KamieÅ„,50.844700,15.515300,0,0,0,1,1,0,0,0,pge:7553
PSF-010237,Żmij,50.636200,16.546200,0,0,0,0,1,1,0,0,pge:7555
PSF-010238,Disi sand dune,29.589500,35.587400,1,0,0,0,0,0,1,2,pge:7556
PSF-010239,Merlo,-32.405300,-64.933700,1,0,0,0,1,0,2,0,pge:7557
PSF-010240,Rajdhani,33.777100,72.964700,0,0,0,2,2,2,2,2,pge:7558
PSF-010241,Praia Mole - SE,-27.596300,-48.432600,0,0,2,2,1,0,0,0,pge:7559
PSF-010242,Mount Baldy,41.711900,-86.901200,1,0,0,0,0,0,0,2,pge:7560
PSF-010243,Gursu,40.268000,29.233200,0,0,1,2,2,2,1,0,pge:7581
PSF-010244,Dujiangyan zipingpu,31.046700,103.558000,1,1,1,2,2,2,2,2,pge:7583
PSF-010245,BVG Halle Noord,51.997000,6.428000,2,1,0,0,2,0,0,0,pge:7584
PSF-010246,Adelaide River,-13.237200,131.093000,0,0,1,2,1,0,0,0,pge:7585
PSF-010247,Arambol,15.701100,73.696900,0,0,0,0,0,2,2,2,pge:7586
PSF-010248,Birmoghlasht (Summer Palace),35.885400,71.766600,0,2,0,2,0,0,0,0,pge:7587
PSF-010249,"Crommarty Hill, Forresters Beach",-33.405000,151.476000,0,0,0,0,2,0,0,0,pge:7588
PSF-010250,Les Saix,46.053600,6.697630,2,1,1,1,1,1,1,2,pge:7589
PSF-010251,La Bourgeoise (Samoens),46.115000,6.720000,0,0,1,2,2,2,1,0,pge:7590
PSF-010252,Zai,32.136000,35.765500,1,0,0,0,0,0,1,2,pge:7591
PSF-010253,Solaison,46.042400,6.425890,0,0,2,0,0,0,0,0,pge:7592
PSF-010254,la Guardia (Recoaro- Vicenza),45.719600,11.181400,1,1,2,2,2,2,2,1,pge:7593
PSF-010255,Moonee Moonee,-33.171550,151.629910,0,0,1,0,0,0,0,0,pge:7595;siteguide_au:267-299
PSF-010256,Glennies Ridge - Lake St Clair (Little Europe),-32.354400,151.312000,0,0,0,0,0,1,1,1,pge:7596;siteguide_au:109-238
PSF-010257,Hada,18.656300,42.126000,0,0,0,0,0,1,2,2,pge:7597
PSF-010258,Campogrosso  (Recoaro- Padova),45.729200,11.179500,1,1,2,2,2,2,1,1,pge:7598
PSF-010259,Catherine Hill Bay (Catho's),-33.151340,151.629910,0,0,1,0,0,0,0,0,pge:7600;siteguide_au:108-240
PSF-010260,Montefalcone (Recoaro- Vicenza),45.664200,11.210700,1,1,1,2,2,2,2,1,pge:7601
PSF-010261,Malga Morando (Recoaro- Vicenza),45.688400,11.191200,1,1,2,2,2,2,2,1,pge:7602
PSF-010262,Malga Rialto,45.651700,11.238300,0,0,0,0,0,0,0,0,pge:7603
PSF-010263,Eagle's Nest,36.328400,74.680100,0,0,2,2,2,2,2,0,pge:7605
PSF-010264,North Brother Lookout,-31.657200,152.777900,0,1,1,0,0,0,0,0,pge:7606;siteguide_au:115-222
PSF-010265,Herd Peak,41.616600,-122.229000,0,0,0,0,2,2,2,0,pge:7607
PSF-010266,Goli vrah,42.594900,23.290400,2,2,1,0,0,0,0,0,pge:7609
PSF-010267,Placivel,10.343800,-67.318000,0,0,2,2,0,2,2,0,pge:7610
PSF-010268,Abendberg,46.622300,7.522200,0,0,0,0,0,0,0,2,pge:7615
PSF-010269,Achslen,46.952600,8.749060,2,0,0,0,0,0,0,0,pge:7616
PSF-010270,Allmenalp (Kandersteg),46.494100,7.651000,0,2,2,0,2,0,0,0,pge:7619
PSF-010271,Alp da la Creusch-2210,46.704900,9.640950,0,0,0,0,0,2,0,0,pge:7621
PSF-010272,Alp Languard-2550,46.489800,9.926030,0,0,0,0,0,2,0,0,pge:7624
PSF-010273,Alp Languard-2420,46.491700,9.921560,0,0,0,0,0,2,0,0,pge:7625
PSF-010274,Alp Staetz-2130,46.766100,9.524280,0,0,2,1,2,0,0,0,pge:7626
PSF-010275,Amden -Alp Walau,47.164600,9.146680,0,0,0,0,0,0,0,0,pge:7630
PSF-010276,Alpe del Caviano,45.878000,9.008560,0,0,0,0,0,2,0,0,pge:7631
PSF-010277,Alpler Tor,46.890100,8.782970,0,0,0,2,0,0,0,0,pge:7632
PSF-010278,Alpoglerberg-1840,46.817900,8.097100,0,2,0,0,0,2,0,0,pge:7634
PSF-010279,Alpschelehubel,46.486700,7.644410,2,0,0,0,0,0,0,0,pge:7635
PSF-010280,Amisbuehl,46.702200,7.823060,0,0,0,2,0,0,0,0,pge:7636
PSF-010281,Eggberge (Flüelen),46.903700,8.651390,0,0,0,0,0,0,0,2,pge:7637
PSF-010282,Arni,46.784900,8.654610,0,2,0,0,0,0,0,0,pge:7639
PSF-010283,Artelengrat-2180,46.447700,7.575290,0,0,0,0,0,0,2,0,pge:7640
PSF-010284,Artelengrat-2100,46.450900,7.572040,0,2,0,0,0,0,0,0,pge:7641
PSF-010285,Arvialp,46.890500,8.329720,0,0,0,0,0,0,0,2,pge:7642
PSF-010286,Axalp,46.716500,8.035040,0,0,0,0,0,0,0,2,pge:7643
PSF-010287,Baechigalen,46.488200,8.227250,0,0,0,2,0,0,0,0,pge:7644
PSF-010288,Beichlen-1750,46.897200,7.972090,0,0,0,0,0,2,0,0,pge:7646
PSF-010289,Beichlen-1730,46.895000,7.969440,0,0,0,0,0,0,0,2,pge:7647
PSF-010290,Montana - Bella Lui,46.344400,7.486110,0,2,2,2,2,2,2,2,pge:7648
PSF-010291,Berneuse-2020,46.359200,7.002720,0,0,2,0,2,0,2,0,pge:7653
PSF-010292,Biel-Raemsenberg-1620,46.894100,8.708260,0,0,0,2,0,2,0,0,pge:7654
PSF-010293,Bietschhorn,46.395400,7.813740,0,0,0,0,0,0,2,0,pge:7656
PSF-010294,Bire-2360,46.512300,7.697930,2,0,0,0,0,0,0,0,pge:7660
PSF-010295,Blatti,46.935200,8.367100,0,0,0,0,0,0,0,0,pge:7661
PSF-010296,Bodenberg,46.973900,9.023630,0,0,0,2,0,0,0,0,pge:7662
PSF-010297,Bonistock,46.777700,8.290670,2,2,0,0,0,0,0,0,pge:7663
PSF-010298,Boezingenberg-920,47.170000,7.275740,0,0,0,0,0,0,0,0,pge:7664
PSF-010299,Boezingenberg-940 (Biel- Bienne),47.174500,7.294200,0,0,0,2,0,0,0,0,pge:7665
PSF-010300,Braemabuehl,46.779900,9.849690,2,2,0,0,0,0,0,2,pge:7666
PSF-010301,Brändlen-1240,46.905100,8.409900,0,0,0,0,0,0,0,2,pge:7667
PSF-010302,Brändlen-1300,46.902800,8.409460,0,0,0,0,0,0,0,0,pge:7668
PSF-010303,Braunwald 'Kiosk',46.938400,8.998000,0,0,0,2,0,0,0,0,pge:7669
PSF-010304,Schynige Platte -Kamel_Chrüterwand (Interlaken),46.662300,7.901170,0,0,0,0,0,0,0,2,pge:7672
PSF-010305,Brienzer Rothorn,46.787100,8.046300,0,0,0,0,2,0,0,0,pge:7673
PSF-010306,Brienzer Rothorn-2260,46.788100,8.035840,0,0,0,0,0,2,0,0,pge:7674
PSF-010307,Bruniswald,46.864300,8.396700,0,0,0,0,0,0,0,2,pge:7680
PSF-010308,Bräschegrat,46.441900,7.333880,0,0,0,0,0,2,0,0,pge:7682
PSF-010309,Büelen / Bueelen,46.880800,8.365510,0,2,2,0,2,0,0,0,pge:7683
PSF-010310,Buochserhorn,46.945000,8.429010,0,0,0,0,1,2,1,0,pge:7684
PSF-010311,Burgfeldstand,46.721100,7.795070,0,0,0,2,0,0,0,0,pge:7685
PSF-010312,Buetzen,47.222700,7.389790,0,0,0,2,0,0,0,0,pge:7686
PSF-010313,Calanda,46.890100,9.473950,0,0,0,2,0,0,0,0,pge:7690
PSF-010314,Flims -Cassonsgrat,46.879700,9.263560,0,0,0,0,2,2,0,0,pge:7693
PSF-010315,Chalberegg,46.911100,8.503210,0,0,0,0,0,0,0,0,pge:7694
PSF-010316,Charenstoeckli,46.973500,8.643770,0,2,0,0,0,0,0,0,pge:7695
PSF-010317,Chasseral,47.126700,7.046940,2,1,1,2,2,2,1,1,pge:7696
PSF-010318,Chaumont,47.053300,6.978050,0,0,0,0,0,0,0,2,pge:7697
PSF-010319,Chli Aubrig,47.106900,8.860220,0,0,0,0,0,2,1,0,pge:7698
PSF-010320,Chüemad,46.755000,8.227220,0,0,0,0,0,2,0,0,pge:7701
PSF-010321,Locarno- Cardada - Cimetta -1570,46.199600,8.787960,0,0,0,0,2,2,0,0,pge:7704
PSF-010322,Col de Sorebois (Zinal),46.147700,7.586830,0,0,2,0,2,2,0,0,pge:7705
PSF-010323,Corvatsch (Silvaplana/ St.Moritz),46.416000,9.821800,2,2,0,0,0,0,0,0,pge:7707
PSF-010324,Corviglia,46.507400,9.818000,0,0,0,0,0,0,0,0,pge:7708
PSF-010325,Crete de Thyon-2060 (Veysonnaz),46.179700,7.364170,0,0,0,0,0,0,2,0,pge:7711
PSF-010326,Crete de Thyon-2380,46.170700,7.368720,0,2,0,0,0,0,2,0,pge:7712
PSF-010327,Crete des Champeys,46.203800,6.847190,0,0,0,2,0,0,0,2,pge:7716
PSF-010328,Croce dell uomo (Italien),45.877800,9.057100,0,0,0,0,0,0,0,0,pge:7717
PSF-010329,Verbier - Croix de Coeur_Savolyeres,46.121400,7.233270,0,0,0,2,2,2,0,0,pge:7718
PSF-010330,Croix de Culet,46.176300,6.840370,0,0,0,0,0,2,0,0,pge:7719
PSF-010331,Croix de l Aiguille,46.196200,6.860880,0,0,2,0,2,0,0,0,pge:7720
PSF-010332,Montana - Cry d Er-2250,46.336700,7.479550,0,0,0,2,0,0,0,0,pge:7722
PSF-010333,Cungieri-1800,46.689100,8.779270,0,0,2,0,2,0,0,0,pge:7723
PSF-010334,Cuolm da Latsch-2180,46.645900,9.757460,0,0,0,0,0,0,0,0,pge:7726
PSF-010335,Cuolm da Latsch-2270,46.652300,9.754470,2,0,0,0,0,0,0,0,pge:7727
PSF-010336,Darlux-2020,46.621800,9.772100,0,0,0,0,0,2,0,0,pge:7729
PSF-010337,Darlux-2150,46.623000,9.776720,0,0,0,0,0,2,0,0,pge:7730
PSF-010338,Darlux-2400,46.622000,9.783860,0,0,0,0,0,0,2,0,pge:7731
PSF-010339,Dent de Fully,46.174900,7.110580,0,0,0,0,0,2,0,0,pge:7732
PSF-010340,Dent de Jaman (Rochers de Naye),46.441700,6.975930,0,0,0,0,0,2,2,2,pge:7733
PSF-010341,Dent de Nendaz-2430,46.154900,7.291720,0,0,0,2,0,2,0,0,pge:7736
PSF-010342,Dreibuendenstein-2120,46.804300,9.498900,0,0,2,0,2,0,2,2,pge:7741
PSF-010343,Dugny,46.187700,7.183620,2,2,2,2,2,2,2,2,pge:7742
PSF-010344,Wangs -Duerrenwald,47.010400,9.424590,0,2,0,0,0,0,0,0,pge:7743
PSF-010345,Därrischilt,46.459000,7.323440,0,0,0,0,0,0,0,2,pge:7744
PSF-010346,Weesen- Amden -Durschlegi,47.147000,9.119750,0,0,0,2,0,0,0,0,pge:7745
PSF-010347,Ebenalp (Appenzell- Wasserauen),47.284200,9.410570,2,2,2,1,0,0,0,1,pge:7746
PSF-010348,Egg,46.775700,8.721190,0,0,0,0,0,2,0,0,pge:7750
PSF-010349,Eisee,46.787500,8.053510,0,0,0,2,0,0,0,0,pge:7755
PSF-010350,Elsighorn-2160,46.531300,7.641970,0,0,2,0,2,0,0,0,pge:7756
PSF-010351,Elsighorn-2100,46.526300,7.631530,0,0,0,0,0,2,0,0,pge:7758
PSF-010352,Engelstock,47.055800,8.643640,0,0,0,0,0,0,0,0,pge:7759
PSF-010353,Engstligenalp,46.448600,7.564230,0,0,0,0,0,0,0,2,pge:7760
PSF-010354,Eschlen,46.864400,8.386210,0,0,0,0,0,0,0,2,pge:7761
PSF-010355,Falera,46.799000,9.230080,0,0,0,0,0,0,0,0,pge:7762
PSF-010356,Farneren-1500,46.928900,8.032800,0,0,0,0,0,0,0,0,pge:7764
PSF-010357,Faulhorn,46.674700,7.998850,0,0,0,2,0,2,2,0,pge:7765
PSF-010358,First,46.503400,7.641220,2,0,0,2,0,0,0,0,pge:7769
PSF-010359,Brig- Rosswald -Fleschboden,46.312500,8.060470,0,0,0,0,0,0,2,0,pge:7770
PSF-010360,Floeschhorn-2070 (Lenk),46.463100,7.406090,2,0,0,0,0,0,0,0,pge:7771
PSF-010361,Forstberg,47.000700,8.823880,0,0,0,0,0,0,2,0,pge:7775
PSF-010362,Fronalp,47.067600,9.104090,0,0,0,0,0,0,2,0,pge:7776
PSF-010363,Fronalpstock,46.965000,8.638980,0,0,0,0,0,0,2,0,pge:7777
PSF-010364,Fulhorn-2450,46.774200,9.497090,0,0,2,0,2,2,0,0,pge:7778
PSF-010365,Engelberg -Fuerenalp,46.805200,8.465750,0,0,0,0,0,2,0,0,pge:7781
PSF-010366,Galm,46.544900,7.518820,0,0,0,0,0,0,2,0,pge:7783
PSF-010367,Galmschibe,46.545400,7.525990,0,0,0,0,0,2,0,0,pge:7784
PSF-010368,Gamperstock,46.898700,8.741840,0,0,0,0,0,0,2,0,pge:7785
PSF-010369,Gandegg,46.419900,7.759270,0,0,0,2,0,0,0,0,pge:7786
PSF-010370,Gandlouenegrat,46.505800,7.356560,0,0,0,0,0,0,0,2,pge:7787
PSF-010371,Garmil,47.004000,9.403310,0,2,0,0,0,0,2,0,pge:7788
PSF-010372,Gärtle,46.819800,7.942230,0,0,0,0,0,0,2,0,pge:7790
PSF-010373,Geissstock-1960,46.927900,8.822650,2,0,0,2,0,0,0,0,pge:7793
PSF-010374,Gemsstock,46.604100,8.611590,0,2,2,2,2,2,2,2,pge:7795
PSF-010375,Gibel-2030,46.770500,8.189480,0,0,0,0,0,0,0,2,pge:7796
PSF-010376,Gibel-1360,46.832400,8.217210,0,0,0,0,0,0,0,2,pge:7797
PSF-010377,Giri,46.904000,8.431540,0,0,0,0,0,0,2,0,pge:7799
PSF-010378,Dana,30.674000,35.617500,0,0,0,0,0,1,2,1,pge:78
PSF-010379,Gisleralp,46.896600,8.730630,0,0,0,0,0,2,0,0,pge:7800
PSF-010380,Gitschenberg,46.877400,8.590450,0,0,2,0,2,0,0,0,pge:7801
PSF-010381,Klosters - Gotschnagrat,46.855300,9.850570,2,2,0,2,2,0,0,0,pge:7806
PSF-010382,Grabserberg,47.166100,9.421680,0,2,0,0,0,0,0,0,pge:7808
PSF-010383,Graitery,47.256400,7.375220,2,0,0,0,0,0,0,0,pge:7809
PSF-010384,Grap Neir-2260,46.628500,9.615630,0,0,0,0,0,0,2,0,pge:7810
PSF-010385,Grap Neir-2430,46.630200,9.618310,0,0,0,0,0,0,2,0,pge:7811
PSF-010386,Flims- Laax - Crap Sogn Gion,46.835000,9.215910,0,0,0,2,0,2,0,0,pge:7813
PSF-010387,Riederalp/ Greicheralp,46.377000,8.030900,0,0,0,2,2,0,0,0,pge:7814
PSF-010388,Grenchenberg Nord,47.229500,7.379880,0,0,0,0,0,0,0,2,pge:7815
PSF-010389,Grosse Chrinne,46.898200,8.046900,0,0,0,0,0,0,0,2,pge:7818
PSF-010390,Gsteig-1520,46.914700,7.993920,0,0,0,2,0,0,0,0,pge:7820
PSF-010391,Gsteig-1450,46.916900,7.994600,0,0,0,0,0,0,0,2,pge:7821
PSF-010392,Güggisgrat,46.714400,7.783910,2,0,0,0,0,0,0,2,pge:7823
PSF-010393,Gumengrat,46.960300,8.987430,0,0,0,0,2,0,0,0,pge:7825
PSF-010394,Gummen,46.901900,8.362590,0,0,0,2,0,0,0,0,pge:7826
PSF-010395,Brienz - Gummenalp,46.778900,8.071740,0,0,0,0,0,0,0,0,pge:7827
PSF-010396,Guergaletsch -2400,46.798300,9.582530,0,2,0,0,0,0,0,0,pge:7830
PSF-010397,Gurschen,46.616900,8.596880,2,0,0,0,0,0,0,0,pge:7831
PSF-010398,Gütsch / Nätschen,46.647300,8.610360,0,0,0,0,0,2,0,0,pge:7832
PSF-010399,Haldi,46.862600,8.672760,0,0,0,0,0,2,0,0,pge:7834
PSF-010400,Dalenwil - Haldigrat,46.901700,8.442650,0,0,0,0,0,2,0,0,pge:7835
PSF-010401,Halsegg,47.091300,8.606900,0,0,0,2,0,0,0,0,pge:7836
PSF-010402,Hanenspil,46.778800,8.719950,0,0,0,0,0,0,0,0,pge:7837
PSF-010403,Hannig Alp,46.113500,7.913980,0,0,0,2,0,0,0,0,pge:7838
PSF-010404,Hasenmatt,47.241200,7.449860,0,0,0,2,0,0,0,0,pge:7839
PSF-010405,Hasli-Ruegsau,47.002800,7.644090,2,2,2,0,2,0,0,0,pge:7840
PSF-010406,Haute-Nendaz - Tracouet,46.161200,7.283290,2,0,0,0,0,0,0,0,pge:7841
PSF-010407,Hitzeggen (Val Lumnezia),46.735100,9.139620,2,2,2,2,2,0,0,2,pge:7846
PSF-010408,Hochstollen,46.773300,8.237960,0,0,0,0,0,0,2,0,pge:7850
PSF-010409,Hochstuckli,47.057900,8.665410,0,0,0,0,0,2,2,2,pge:7851
PSF-010410,Hockenhorngrat,46.426300,7.747680,0,0,0,0,0,0,0,0,pge:7852
PSF-010411,Hoehbalmenstaffel,46.020100,7.725940,0,0,0,2,0,0,0,0,pge:7853
PSF-010412,Hohbiel,46.759500,8.220090,0,0,0,0,0,2,0,0,pge:7854
PSF-010413,Hoher Kasten,47.286900,9.486450,0,0,2,0,0,0,2,0,pge:7857
PSF-010414,Wispile-1900 (Saanen- Gstaad),46.436400,7.294860,2,2,2,2,0,2,2,2,pge:7860
PSF-010415,Hohmad,46.841500,8.265850,0,0,0,1,0,0,0,2,pge:7863
PSF-010416,Hohmattli-1770,46.669600,7.318420,2,2,0,0,0,2,2,2,pge:7864
PSF-010417,Wirzweli-Horn,46.909500,8.374540,2,0,0,0,0,0,0,0,pge:7868
PSF-010418,Hornberg,46.494900,7.313590,2,0,0,0,0,0,0,0,pge:7869
PSF-010419,Hornflue-1810,46.486800,7.313610,0,0,0,0,0,2,2,0,pge:7871
PSF-010420,Arosa - Hoernli / Hörnli,46.766800,9.620170,0,0,2,0,2,0,0,0,pge:7872
PSF-010421,Hotel Weisshorn (St.Luc),46.208800,7.618090,2,0,0,0,0,0,2,2,pge:7874
PSF-010422,Howitzen,46.399900,7.813120,0,0,0,0,0,0,2,0,pge:7876
PSF-010423,Hugeligrat,46.519600,7.265970,0,0,0,2,0,0,0,0,pge:7878
PSF-010424,Hummel (Oben),47.098500,8.771730,1,2,0,0,0,0,0,0,pge:7879
PSF-010425,Schänis / Hüsliberg,47.189700,9.074800,0,0,0,0,0,2,0,0,pge:7880
PSF-010426,Ilgisalp,46.992800,8.771080,0,0,0,0,0,0,0,2,pge:7881
PSF-010427,Iselten,46.656400,7.922020,0,0,2,2,2,0,0,0,pge:7882
PSF-010428,Davos - Jakobshorn -2560,46.772800,9.845440,2,1,0,0,1,2,2,2,pge:7883
PSF-010429,Jatzmeder-2090,46.744900,9.803610,0,0,0,0,0,0,2,0,pge:7885
PSF-010430,Churer Joch,46.807500,9.569140,0,0,0,0,0,0,2,0,pge:7886
PSF-010431,Jochli Stock,46.914700,8.501970,0,0,0,0,0,0,0,0,pge:7887
PSF-010432,Jungfraujoch,46.547700,7.975820,2,0,0,0,0,0,0,1,pge:7888
PSF-010433,Käserstatt,46.756800,8.218090,0,0,0,0,0,2,0,0,pge:7889
PSF-010434,Kerenzerberg,47.109100,9.083670,0,0,0,0,0,0,0,2,pge:7890
PSF-010435,Klein Tschuggen,46.606300,7.945070,0,0,0,0,0,0,0,2,pge:7892
PSF-010436,Klewenalp,46.940200,8.476100,0,2,0,0,0,0,0,0,pge:7894
PSF-010437,Kreuzboden,46.136600,7.968530,0,0,0,0,0,0,2,0,pge:7895
PSF-010438,Kronberg (Appenzell- Jakobsbad),47.291400,9.327110,2,0,0,0,2,0,2,0,pge:7896
PSF-010439,Little Petra / Beida - West 1700 (top),30.382800,35.492300,0,0,0,0,0,1,2,1,pge:79
PSF-010440,La Baye,46.168900,7.115590,0,0,0,2,0,0,0,0,pge:7902
PSF-010441,La Cotelette,46.780000,6.486740,0,0,2,1,0,0,0,0,pge:7904
PSF-010442,La Montagnette,46.446500,7.147130,2,0,0,0,0,0,0,0,pge:7907
PSF-010443,La Robella,46.872900,6.549880,2,0,0,0,0,0,0,0,pge:7908
PSF-010444,La Roche-Devant,46.928700,6.748340,0,0,0,2,0,0,0,0,pge:7909
PSF-010445,La Videmanette-2120,46.455200,7.197840,0,0,0,0,0,2,0,0,pge:7911
PSF-010446,La Videmanette-2180,46.454300,7.202400,0,0,0,0,0,0,0,2,pge:7912
PSF-010447,La Vudalla-1620,46.550100,7.044210,0,0,0,2,0,0,0,0,pge:7913
PSF-010448,La Vudalla-1620,46.551500,7.046160,0,0,0,0,0,0,0,2,pge:7914
PSF-010449,Las Sours,46.496700,9.920480,0,0,0,0,0,0,2,0,pge:7916
PSF-010450,Lauberhorn,46.591900,7.947550,0,0,0,2,0,0,0,0,pge:7917
PSF-010451,Lauberhornschulter-2310,46.585600,7.946180,0,0,0,0,0,0,2,0,pge:7919
PSF-010452,Laubersgrat,46.791200,8.420950,0,0,0,0,0,0,0,2,pge:7920
PSF-010453,Laubgarten,46.959700,8.716380,0,2,0,0,0,0,0,0,pge:7921
PSF-010454,Lauchernalp,46.411300,7.771580,0,0,0,0,0,0,0,0,pge:7922
PSF-010455,Laupersdoerfer Stierenberg,47.332300,7.645020,0,0,0,2,0,0,0,0,pge:7925
PSF-010456,Lauwistock,46.899900,8.446550,2,0,0,0,0,0,0,0,pge:7926
PSF-010457,Le Chamossaire-1980,46.325600,7.062360,0,0,0,0,2,2,2,0,pge:7929
PSF-010458,Le Moléson-2000,46.548700,7.016840,0,0,0,0,0,0,0,2,pge:7931
PSF-010459,Le Moléson-2000,46.546400,7.017510,0,0,0,0,0,2,0,0,pge:7932
PSF-010460,Le Suchet,46.772500,6.466460,1,1,2,2,1,1,1,2,pge:7933
PSF-010461,Leisalp,46.619800,9.151010,0,0,0,0,0,0,0,0,pge:7934
PSF-010462,Les Diablerets,46.323900,7.208160,0,0,2,0,2,0,0,0,pge:7936
PSF-010463,Les Merlas,46.544900,7.120520,0,0,0,0,0,0,0,2,pge:7937
PSF-010464,Les Rodomonts-1800,46.505600,7.221720,0,0,0,0,0,2,0,0,pge:7938
PSF-010465,Les Rodomonts-1860,46.507900,7.225620,0,0,2,0,2,0,0,0,pge:7939
PSF-010466,Levanchy,46.545300,7.113250,0,0,0,0,0,0,0,2,pge:7942
PSF-010467,Linderenalp-1540,46.869700,8.295800,2,0,0,0,0,0,0,2,pge:7943
PSF-010468,Loutze,46.213300,7.163910,0,0,0,2,0,0,0,0,pge:7945
PSF-010469,Luegibrüggli,46.691000,7.809910,0,0,0,0,0,0,0,0,pge:7946
PSF-010470,Lungern Hütstett,46.788900,8.194320,2,0,0,0,0,0,0,0,pge:7947
PSF-010471,Lungern Schönbüel,46.787700,8.099400,0,2,0,2,2,0,0,0,pge:7948
PSF-010472,Mägisserenegg,46.587700,7.609160,0,0,0,0,0,0,0,0,pge:7949
PSF-010473,Maennlichen (Wengen),46.618500,7.938660,0,0,2,2,2,0,0,0,pge:7952
PSF-010474,Männlichen Station,46.610400,7.942500,0,0,0,0,0,2,0,0,pge:7953
PSF-010475,Marbachegg-1480,46.835000,7.904270,2,2,0,0,0,2,2,2,pge:7954
PSF-010476,Marbachegg-1480,46.832300,7.902630,0,0,0,0,0,0,0,0,pge:7955
PSF-010477,Martegnas-2600,46.581500,9.531510,0,0,0,0,0,0,0,2,pge:7956
PSF-010478,Martegnas-2600,46.576500,9.532630,0,2,0,0,0,0,0,0,pge:7957
PSF-010479,Flumserberge -Maschgenkamm,47.069500,9.251770,2,0,2,2,2,0,0,2,pge:7958
PSF-010480,Mayens de Veysonnaz,46.187300,7.346680,0,2,0,0,0,0,0,0,pge:7960
PSF-010481,Mederalp,46.625500,7.883880,0,0,2,0,2,0,0,0,pge:7961
PSF-010482,Melchsee-Frutt Daempfelsmatt,46.779000,8.267770,2,2,0,0,0,0,0,0,pge:7962
PSF-010483,Metschstand-2060,46.443700,7.491990,0,0,0,0,0,2,0,0,pge:7963
PSF-010484,Metschstand-2090,46.445100,7.495900,0,0,2,0,2,0,0,0,pge:7964
PSF-010485,Mettenen,46.880700,8.780110,0,0,0,0,0,0,0,0,pge:7965
PSF-010486,Mettener Butzli,46.882900,8.786720,0,0,0,0,0,2,0,0,pge:7966
PSF-010487,Mittagguepfi,46.972000,8.186380,0,0,0,0,0,0,0,2,pge:7967
PSF-010488,Mont Noble-2640,46.207100,7.487870,0,0,0,0,0,2,0,0,pge:7968
PSF-010489,Mont Noble-2440,46.211200,7.483990,0,0,0,0,0,0,2,0,pge:7969
PSF-010490,Mont Raimeux,47.299600,7.426740,0,0,0,1,2,1,0,0,pge:7970
PSF-010491,Montagne de Moutier,47.287400,7.331560,0,0,0,2,0,0,0,0,pge:7971
PSF-010492,Montagne de Sorvilier,47.223600,7.314530,2,0,0,0,0,0,0,0,pge:7972
PSF-010493,Chur - Montalin -2260,46.863800,9.590390,0,0,0,0,2,2,0,0,pge:7973
PSF-010494,Monte Bisbino (Italien),45.873400,9.062000,0,0,0,0,0,0,2,0,pge:7977
PSF-010495,Monte Generoso -1600,45.923800,9.013280,0,0,0,0,2,2,0,0,pge:7979
PSF-010496,Monte Lema,46.040700,8.832480,0,0,1,2,2,0,0,0,pge:7980
PSF-010497,Monte Tamaro -Alpe Foppa,46.116800,8.894030,0,0,1,2,2,2,0,0,pge:7981
PSF-010498,Möntschelealp,46.714900,7.509260,2,2,0,0,0,0,0,0,pge:7982
PSF-010499,Mornera (Bellinzona),46.205800,8.985900,0,0,0,0,2,2,0,0,pge:7983
PSF-010500,Mostelegg,47.056100,8.658790,0,0,0,0,0,2,0,0,pge:7984
PSF-010501,Urdenfürkli / Urdenfürggli,46.766400,9.597700,0,0,0,0,0,1,2,1,pge:7986
PSF-010502,Motta Naluns (Schuls/ Scuol),46.812500,10.273300,0,0,1,2,2,0,0,0,pge:7988
PSF-010503,Wangs -Pizolbahn Endstation,46.982100,9.417630,2,0,0,0,0,0,0,0,pge:7990
PSF-010504,Mülkerblatte,46.434700,7.413920,0,2,0,0,0,0,0,0,pge:7991
PSF-010505,Munt Pers (Diavolezza/ Pontresina),46.419000,9.954660,0,0,0,0,0,2,0,0,pge:7992
PSF-010506,la Punt - Muntische,46.591900,9.908540,0,0,2,1,2,0,0,0,pge:7993
PSF-010507,Mürren-1680,46.560300,7.890060,0,0,0,2,0,0,0,0,pge:7995
PSF-010508,Musenalp,46.931900,8.436650,0,0,0,0,0,0,2,0,pge:7996
PSF-010509,Feldis - Mutta -1980,46.798800,9.454790,0,0,0,0,0,2,2,2,pge:7998
PSF-010510,Muttner Höhi,46.677900,9.474460,0,0,0,0,0,2,0,0,pge:7999
PSF-010511,Muttnerhorn,46.649300,9.485800,0,0,0,0,0,2,0,0,pge:8000
PSF-010512,Flims -Naraus-1850,46.860600,9.267610,0,0,0,0,2,2,0,0,pge:8002
PSF-010513,Nässli,46.671300,7.416420,0,0,0,2,0,0,0,0,pge:8004
PSF-010514,Niderwiler Stierenberg,47.270300,7.559420,0,0,0,2,0,0,0,0,pge:8005
PSF-010515,Emmetten - Niederbauen,46.946700,8.536760,2,0,0,0,0,0,0,0,pge:8006
PSF-010516,Niederhorn-1920,46.710000,7.773420,0,0,0,2,2,0,0,0,pge:8007
PSF-010517,Niesen-2280,46.644100,7.645660,0,0,0,0,0,2,0,0,pge:8010
PSF-010518,Novelly-2360,46.137800,7.336410,2,0,0,0,0,0,2,0,pge:8011
PSF-010519,Ob Mus,46.839900,8.242230,0,0,0,0,0,0,0,2,pge:8013
PSF-010520,Bad Ragaz - Pardiel- Obersaess,46.990400,9.458700,2,0,0,0,0,0,0,0,pge:8014
PSF-010521,Ober Büelen,46.853600,8.270360,1,0,0,0,0,0,2,2,pge:8015
PSF-010522,Ober Egg,46.902900,8.504360,0,0,0,2,0,0,0,0,pge:8016
PSF-010523,Zermatt -Oberrothorn,46.026600,7.812500,0,0,0,0,0,2,0,0,pge:8019
PSF-010524,Obfluee,46.892100,8.725930,0,0,0,0,0,0,0,0,pge:8020
PSF-010525,Obsaum,46.854500,8.754540,2,0,0,0,0,0,0,0,pge:8021
PSF-010526,Oeschinen,46.503300,7.696580,0,0,0,0,0,0,0,0,pge:8022
PSF-010527,Parpaner Rothorn -2800,46.741800,9.598930,0,0,0,2,2,0,1,0,pge:8023
PSF-010528,Davos - Parsenn- Hoehenweg  -2200,46.820000,9.827230,0,1,2,2,2,0,0,0,pge:8026
PSF-010529,Anzere - Pas de Maimbra -2350,46.312400,7.385410,0,0,2,2,1,2,2,0,pge:8027
PSF-010530,Montana- Aminona - Petit Mont Bonvin-2380,46.349300,7.525020,0,0,0,0,0,2,0,0,pge:8031
PSF-010531,Pfaffen,46.630800,7.507850,0,0,0,2,0,0,0,0,pge:8034
PSF-010532,Pfingstegg,46.616100,8.056130,0,0,0,0,0,0,2,0,pge:8035
PSF-010533,Pilatus Kulm,46.979200,8.255490,0,0,0,0,0,0,0,0,pge:8036
PSF-010534,Pischa,46.810800,9.920550,0,0,0,0,0,2,0,0,pge:8037
PSF-010535,Piz Danis-2450,46.739800,9.509520,0,0,2,0,2,2,0,0,pge:8039
PSF-010536,Piz Darlux,46.620900,9.791000,0,0,0,0,0,0,0,0,pge:8041
PSF-010537,Piz Lagalb-2900,46.429700,10.020200,0,0,0,0,0,0,0,2,pge:8043
PSF-010538,Piz Lagalb-2900,46.429700,10.020200,0,0,0,0,0,2,2,2,pge:8044
PSF-010539,Piz Mulain-2340,46.698200,9.619100,0,0,0,0,0,2,0,0,pge:8045
PSF-010540,Piz Mundaun,46.742500,9.158180,0,0,0,2,2,0,2,0,pge:8047
PSF-010541,Piz Nair-2990,46.508100,9.784790,0,0,0,0,0,2,0,0,pge:8051
PSF-010542,Piz Nair-2920,46.505800,9.789900,0,0,0,2,0,0,0,0,pge:8052
PSF-010543,Piz Scalottas-2300,46.720400,9.510090,0,0,0,0,0,0,0,2,pge:8053
PSF-010544,Piz Scalottas-2160,46.728000,9.514960,0,0,2,0,2,0,0,0,pge:8055
PSF-010545,Wangs -Pizol Huette,46.978400,9.423410,0,0,0,0,0,0,0,0,pge:8057
PSF-010546,Meiringen - Planplatten-2240,46.736500,8.254730,0,0,0,2,0,0,2,0,pge:8059
PSF-010547,Planuit,46.156300,7.118360,0,0,0,2,0,0,0,0,pge:8061
PSF-010548,Platta Cotschna-1580,46.754600,8.969400,0,0,0,2,0,0,0,0,pge:8062
PSF-010549,Platta Cotschna-2160,46.762300,8.963730,0,0,0,2,0,0,0,0,pge:8063
PSF-010550,Saas Fee -Plattjen,46.090000,7.940930,0,0,0,0,0,0,0,2,pge:8064
PSF-010551,Pleiades,46.483300,6.907180,0,0,0,0,1,1,2,1,pge:8066
PSF-010552,Pointe de Bellevue-2030,46.257100,6.888760,0,0,0,0,0,0,0,0,pge:8068
PSF-010553,Portes d Onne-1920,46.282600,6.864500,0,0,2,0,2,0,0,0,pge:8071
PSF-010554,Präzer Alp,46.738600,9.374010,0,0,2,0,2,0,0,0,pge:8073
PSF-010555,Prodkamm,47.074100,9.268250,2,2,2,2,0,0,2,2,pge:8074
PSF-010556,Ramenegg,47.102500,8.615050,0,0,2,0,2,0,0,0,pge:8075
PSF-010557,Ramslauenen,46.578800,7.706730,0,0,2,0,2,0,0,0,pge:8076
PSF-010558,Ratzi-Rietlig,46.887600,8.729760,0,0,0,0,0,0,0,0,pge:8077
PSF-010559,Rellerligrat-1800,46.508800,7.262750,0,0,2,0,2,0,2,0,pge:8079
PSF-010560,Restialp,46.396100,7.737680,0,0,0,2,0,0,0,0,pge:8081
PSF-010561,Reuti Sandhubel,46.738300,8.205770,0,0,0,0,0,2,0,0,pge:8082
PSF-010562,Bellwald - Ried,46.435200,8.154260,0,0,0,0,0,2,0,0,pge:8083
PSF-010563,Riedersegg,46.802800,8.704150,0,0,0,0,0,0,2,0,pge:8084
PSF-010564,Rietlig,46.889800,8.691760,0,0,0,0,0,2,0,0,pge:8085
PSF-010565,Zermatt -Riffelberg-2600,45.993100,7.752250,0,0,0,0,0,0,2,2,pge:8086
PSF-010566,Riffelberg-2700,45.994400,7.765170,0,0,0,0,0,0,0,2,pge:8088
PSF-010567,Rigg,46.784800,8.705030,0,0,0,0,0,2,0,0,pge:8089
PSF-010568,Riggisalp,46.659400,7.294070,2,0,0,0,0,0,2,2,pge:8090
PSF-010569,Rigi-Staffelhöhe,47.047600,8.460560,0,0,0,0,0,0,0,2,pge:8091
PSF-010570,Rigidalstock,46.852500,8.408950,0,0,0,0,0,0,2,0,pge:8092
PSF-010571,Rinderalp-1680,46.932600,8.351960,2,0,0,0,0,0,0,0,pge:8093
PSF-010572,Rinderalp-1820,46.632600,7.513070,0,0,2,0,2,0,0,0,pge:8094
PSF-010573,Rinderberg-2000,46.508500,7.358510,0,2,0,0,0,0,0,0,pge:8095
PSF-010574,Rinderberg-2000,46.510300,7.362420,0,0,2,0,2,0,0,0,pge:8096
PSF-010575,Rinderhalte,46.376900,7.663490,0,0,0,0,0,2,0,0,pge:8097
PSF-010576,Rinderhütte-2300,46.370200,7.648520,0,0,0,0,0,0,2,0,pge:8098
PSF-010577,Rinderhütte-2500,46.377000,7.656340,0,0,0,0,0,0,0,2,pge:8099
PSF-010578,Mount Nebo,31.766000,35.719500,0,0,0,0,0,0,1,2,pge:81
PSF-010579,Rinderstoeckli,46.879800,8.577380,0,0,0,0,0,0,0,2,pge:8100
PSF-010580,Rinerhorn -2490,46.737500,9.813760,0,0,0,0,0,2,0,0,pge:8101
PSF-010581,Risettenstock,47.038800,8.150470,0,0,0,0,0,0,2,0,pge:8103
PSF-010582,Roc d\'Orzival,46.194500,7.533850,2,0,0,0,0,0,0,0,pge:8104
PSF-010583,Rocher à Pointes,46.460600,7.206280,0,0,0,2,0,0,0,0,pge:8105
PSF-010584,Rochers de Naye Antenne,46.432200,6.976980,0,2,2,2,2,0,0,0,pge:8106
PSF-010585,Roggenstock-1770,47.023200,8.789590,0,0,0,2,0,0,2,0,pge:8108
PSF-010586,Rophaien,46.928100,8.646690,2,0,0,0,0,0,0,0,pge:8110
PSF-010587,Rossfälli,46.460200,7.261600,0,0,2,0,2,0,0,0,pge:8111
PSF-010588,Rotenfluespitz-1520,46.877600,7.942380,2,0,0,0,0,0,0,0,pge:8114
PSF-010589,Röti (Weissenstein),47.258200,7.527820,0,2,0,0,0,0,0,0,pge:8115
PSF-010590,Ruchweg,46.838000,8.419830,0,0,0,2,0,0,0,0,pge:8116
PSF-010591,Ruedlen,46.898200,8.317780,0,0,0,0,0,0,2,0,pge:8117
PSF-010592,Ryharts,46.485400,7.651570,0,0,2,0,2,0,0,0,pge:8120
PSF-010593,Santa Maria,46.267200,9.137770,0,0,0,1,2,2,1,0,pge:8125
PSF-010594,Sassauna,47.011600,9.697620,0,0,0,0,0,2,0,0,pge:8126
PSF-010595,Schabell,46.929900,9.137910,0,0,0,2,0,0,0,0,pge:8131
PSF-010596,Schafberg,46.368400,7.666700,0,0,0,0,0,0,2,0,pge:8132
PSF-010597,Schafmatt,46.908900,8.060810,0,0,0,0,0,0,0,2,pge:8133
PSF-010598,Schallenberg,46.824100,7.799420,0,0,2,0,2,0,0,0,pge:8134
PSF-010599,Scharmoin,46.743100,9.576400,0,0,0,0,0,0,2,0,pge:8135
PSF-010600,Scharti,46.896500,8.567890,0,0,2,0,2,0,0,0,pge:8136
PSF-010601,Rigi-Scheidegg,47.027900,8.519830,0,2,0,2,0,0,0,0,pge:8139
PSF-010602,Davos - Schiahorn -2700,46.817800,9.803540,0,0,0,2,2,2,0,0,pge:8143
PSF-010603,Schiltgrat Muerren,46.557000,7.872890,2,2,2,2,2,2,2,2,pge:8144
PSF-010604,Schilthorn -Mürren / Muerren,46.558500,7.830000,0,0,0,0,0,2,0,0,pge:8145
PSF-010605,Schimbrig,46.938800,8.111060,0,0,0,0,0,0,0,2,pge:8147
PSF-010606,Schonegg-2190,46.691600,7.985740,0,0,2,0,2,0,2,0,pge:8152
PSF-010607,Flums -Schönhalden (Schoenhalden),47.061300,9.336280,0,2,0,0,0,0,0,0,pge:8154
PSF-010608,Schwaendiliflue,46.887900,8.037600,0,0,0,2,0,0,0,0,pge:8157
PSF-010609,Schwandegg,46.642300,7.663290,0,0,0,2,0,0,0,0,pge:8158
PSF-010610,Schwandfeldspitz-2020,46.498100,7.540240,2,0,0,0,0,0,0,0,pge:8160
PSF-010611,Schwaengimatt,47.289100,7.672620,2,1,0,0,0,0,0,1,pge:8162
PSF-010612,Schwyberg-1600,46.677500,7.262200,0,2,2,2,2,0,0,0,pge:8163
PSF-010613,Schwyberg-1600,46.674800,7.260250,0,0,0,0,0,2,2,0,pge:8164
PSF-010614,Graechen -Seetalhorn,46.175300,7.858190,0,0,0,0,0,2,2,2,pge:8166
PSF-010615,Signal de Soi,46.187500,6.915370,0,0,0,0,0,2,0,2,pge:8167
PSF-010616,Somtgant (Savognin),46.587500,9.546760,2,2,2,0,0,0,2,2,pge:8170
PSF-010617,Sonchaux (Villeneuve),46.417300,6.952200,2,0,0,0,0,2,2,2,pge:8172
PSF-010618,Sorebois (Zinal),46.145500,7.603700,0,0,2,2,2,0,0,0,pge:8173
PSF-010619,Spielboden,46.092000,7.896990,2,0,0,0,0,0,0,0,pge:8175
PSF-010620,Spierberg,46.885900,7.991660,0,0,0,2,0,0,0,0,pge:8176
PSF-010621,Spirstock,47.001400,8.771290,0,0,0,0,0,0,0,0,pge:8177
PSF-010622,Staefeliflue,46.964100,8.160650,0,0,0,0,0,0,0,2,pge:8178
PSF-010623,Stafelti,46.614300,9.155410,0,0,0,0,0,0,0,0,pge:8179
PSF-010624,Stanserhorn,46.931300,8.347340,0,0,0,2,0,0,0,0,pge:8180
PSF-010625,Staetzerhorn,46.754600,9.512050,0,0,0,0,0,2,0,0,pge:8181
PSF-010626,Bellwald - Steibenkreuz,46.448200,8.162240,0,0,0,0,0,2,0,0,pge:8182
PSF-010627,Steiglihorn-1950,46.979600,8.258780,0,0,0,2,0,0,0,0,pge:8183
PSF-010628,Steiglihorn-1950,46.980500,8.260760,0,0,0,0,0,2,0,0,pge:8184
PSF-010629,Alp Stein,46.725400,9.126230,0,0,0,2,0,2,2,0,pge:8185
PSF-010630,Steintal,46.498400,7.643800,0,0,0,2,0,0,0,0,pge:8187
PSF-010631,Schiers -Stelserberg,46.961900,9.723960,0,0,0,0,2,0,0,0,pge:8188
PSF-010632,Stockhorn,46.692400,7.537990,0,0,0,0,2,0,0,0,pge:8189
PSF-010633,Davos - Strela -2440,46.805400,9.790540,0,0,0,2,0,0,0,0,pge:8191
PSF-010634,Strick,46.853500,7.991320,0,0,0,2,0,0,0,0,pge:8193
PSF-010635,Sulegg-2320,46.621500,7.853820,0,0,0,2,0,0,0,2,pge:8194
PSF-010636,Sunnenhoernli,46.985900,9.185040,0,0,0,0,0,0,2,0,pge:8196
PSF-010637,Sunnig Grat,46.784700,8.632340,2,2,2,2,2,0,0,0,pge:8197
PSF-010638,Tete de Ran,47.054100,6.853100,0,0,0,2,2,0,0,0,pge:8199
PSF-010639,Tgant Son Martegn-2090,46.599500,9.626210,0,0,0,0,0,0,2,0,pge:8201
PSF-010640,Tgant Son Martegn-2330,46.598800,9.636630,0,0,0,0,0,2,2,0,pge:8202
PSF-010641,Tgant Son Martegn-2460,46.602000,9.636760,0,0,0,0,0,2,2,0,pge:8203
PSF-010642,Tigignas,46.592100,9.563910,0,2,0,0,0,0,0,0,pge:8205
PSF-010643,Tignousa,46.229200,7.610500,0,0,0,0,0,2,1,0,pge:8206
PSF-010644,Engelberg -Titlis,46.773100,8.435020,0,0,0,0,0,0,0,2,pge:8207
PSF-010645,Tschentenegg,46.499500,7.548060,0,0,0,2,0,0,0,0,pge:8212
PSF-010646,Palfries,47.088700,9.422230,0,0,0,0,0,2,0,0,pge:8214
PSF-010647,Turnen,46.627200,7.490870,0,0,0,0,0,2,0,0,pge:8215
PSF-010648,Turren,46.787100,8.124230,0,2,0,0,0,0,0,0,pge:8216
PSF-010649,Uf em Hus,46.677100,7.536660,0,0,0,0,0,0,0,0,pge:8217
PSF-010650,Ulrichergale-2100,46.518400,8.290890,0,0,2,0,2,0,0,0,pge:8219
PSF-010651,Unter Stafel / Fronalp,47.072200,9.091390,0,0,0,0,0,0,0,2,pge:8220
PSF-010652,Zermatt -Rothorn- Blauherd- Sunegga,46.021300,7.796320,2,0,0,0,2,0,0,0,pge:8221
PSF-010653,Urmiberg (Brunnen),47.012000,8.591050,0,0,0,2,2,2,0,0,pge:8223
PSF-010654,Vilan -Älpli,47.012700,9.591640,0,0,0,0,0,2,0,0,pge:8224
PSF-010655,Vilan -Gipfel,47.011600,9.603550,0,0,0,2,2,2,0,0,pge:8226
PSF-010656,Vounetz-1620 (Charmey),46.625700,7.206220,0,2,0,0,0,2,0,0,pge:8229
PSF-010657,Waldspitz,46.651700,8.042820,0,0,0,0,0,0,0,0,pge:8231
PSF-010658,Walegg,46.868200,8.413170,0,0,0,0,0,0,0,2,pge:8232
PSF-010659,Walenmatt,47.284800,7.485560,0,0,0,0,0,0,0,2,pge:8233
PSF-010660,Walpersbärgli,46.686100,7.552360,0,0,0,0,0,2,0,0,pge:8234
PSF-010661,Wandelen-2100,46.822700,8.247220,2,0,0,0,0,2,1,1,pge:8236
PSF-010662,Wängihorn,46.858500,8.713320,0,0,0,0,0,0,2,0,pge:8238
PSF-010663,Wannelen,46.856800,8.789350,2,0,0,0,0,0,0,0,pge:8239
PSF-010664,Wanneler Egg,46.851400,8.785280,0,0,0,0,0,0,2,0,pge:8240
PSF-010665,Wasserngrat,46.455400,7.325400,0,0,0,0,0,0,2,0,pge:8241
PSF-010666,Wasserplatten,46.798100,8.684380,0,0,0,0,0,0,2,0,pge:8242
PSF-010667,Wasserscheide,46.719000,7.447790,0,2,0,0,0,0,0,0,pge:8243
PSF-010668,Weissenstein,47.250700,7.510200,0,0,0,2,0,0,0,0,pge:8244
PSF-010669,Arosa -Weisshorn,46.789200,9.637700,2,2,0,0,1,2,1,0,pge:8245
PSF-010670,Wengernalp,46.581200,7.942230,0,0,0,0,0,2,0,0,pge:8247
PSF-010671,Werdtberg-1270 (Montoz sud),47.206600,7.215300,0,0,0,1,2,1,0,0,pge:8248
PSF-010672,Werdtberg-1240 (Montoz nord),47.208000,7.216800,2,0,0,0,0,0,0,1,pge:8249
PSF-010673,Widderegg,46.789900,8.735930,0,0,0,0,0,0,0,0,pge:8250
PSF-010674,Widdersgrind-2020,46.675400,7.406620,0,0,2,0,2,0,2,0,pge:8252
PSF-010675,Wildspitz,47.084000,8.577760,0,0,0,2,0,0,0,0,pge:8254
PSF-010676,Wilerhorn,46.777400,8.099880,0,2,0,0,0,0,0,0,pge:8255
PSF-010677,Wiriehorn,46.580000,7.529310,0,0,0,0,0,0,0,2,pge:8259
PSF-010678,Wirzweli,46.914900,8.366750,2,0,0,0,0,0,0,0,pge:8260
PSF-010679,Wissberg,46.810600,8.469780,0,0,0,0,0,2,0,0,pge:8261
PSF-010680,Zaunzegg,46.985100,9.455210,0,2,0,0,0,0,0,0,pge:8263
PSF-010681,Ziebeln,46.821600,8.444440,0,0,0,0,0,0,2,0,pge:8264
PSF-010682,Ziger,47.069000,9.250960,0,0,0,0,0,0,0,2,pge:8265
PSF-010683,Sea Grapes,28.046600,-80.586300,0,0,0,0,0,0,0,0,pge:8266
PSF-010684,Uttul,36.318200,72.162600,0,0,0,2,2,2,0,0,pge:8267
PSF-010685,Valdarno,43.701300,11.556200,0,0,0,1,2,2,2,1,pge:8269
PSF-010686,Piracaia - SIV,-22.971800,-46.426800,2,2,2,2,2,2,2,2,pge:8270
PSF-010687,breche perier,44.957400,6.037800,0,0,0,0,0,0,0,2,pge:8271
PSF-010688,col du vallon,44.954100,6.080900,0,0,2,0,0,0,0,0,pge:8272
PSF-010689,Polonina Rivna,48.800500,22.812100,2,2,0,0,1,1,2,2,pge:8273
PSF-010690,Polonina Borzhava,48.647200,23.229900,2,2,0,0,1,0,1,1,pge:8274
PSF-010691,Siria,46.266200,21.658300,2,0,0,0,2,2,0,2,pge:8275
PSF-010692,Abertysswg,51.745200,-3.245610,0,0,0,0,0,0,1,1,pge:83
PSF-010693,Blorenge,51.803700,-3.052870,2,2,2,1,0,0,0,2,pge:84
PSF-010694,Ebbw Vale,51.746500,-3.203640,0,1,2,1,0,0,0,0,pge:85
PSF-010695,Oberemmendorf,48.989500,11.443400,2,1,0,0,0,0,1,2,pge:8573
PSF-010696,Hochfelln,47.760600,12.559700,1,0,2,0,1,0,0,0,pge:8575
PSF-010697,Oppenau Ost,48.435800,8.153170,0,1,2,2,0,0,0,0,pge:8576
PSF-010698,HohenpÃƒÆ’Ã‚Â¶lz,49.912700,11.165600,0,0,0,0,0,0,0,0,pge:8577
PSF-010699,Nebelhorn (Oberstdorf),47.420800,10.342200,0,0,0,0,2,2,0,0,pge:8578
PSF-010700,Oelberg-Schriesheim,49.464400,8.678600,0,0,0,0,0,2,2,1,pge:8579
PSF-010701,Schauinsland,47.909800,7.889550,0,0,0,0,0,0,2,0,pge:8581
PSF-010702,Fuerstenberg North & Northeast,47.892600,8.561980,2,1,0,0,0,0,0,2,pge:8582
PSF-010703,Erlau,49.743100,8.822400,0,2,2,1,0,0,0,0,pge:8585
PSF-010704,Büchelstein,48.804300,13.176000,0,0,0,0,0,2,0,0,pge:8587
PSF-010705,Schleppgela¤nde Sevelen,51.485200,6.432020,2,0,2,0,2,0,2,0,pge:8588
PSF-010706,Tafelbühl,48.127900,8.083790,0,0,0,0,0,0,0,0,pge:8589
PSF-010707,Hausstein,48.871200,13.072900,0,0,0,2,0,0,0,0,pge:8590
PSF-010708,Gschasi,48.192600,8.119870,0,0,0,0,0,0,0,0,pge:8591
PSF-010709,Kirchberg,48.304700,8.202120,0,0,0,0,0,0,0,0,pge:8592
PSF-010710,Hörnleberg,48.129200,8.036630,0,0,0,0,0,0,0,0,pge:8593
PSF-010711,Gschasi,48.186300,8.128600,0,0,0,0,0,1,2,1,pge:8594
PSF-010712,Predigtstuhl,47.697800,12.877000,0,2,0,0,0,0,2,0,pge:8595
PSF-010713,Schneckenhorn,47.769800,7.907200,0,0,0,0,1,2,2,1,pge:8596
PSF-010714,Lindenfels,49.691100,8.769980,0,0,0,1,2,1,0,0,pge:8597
PSF-010715,Osser,49.203300,13.098700,0,0,0,0,1,2,2,1,pge:8598
PSF-010716,Garth Hill,51.544300,-3.280490,0,0,2,1,1,0,0,0,pge:86
PSF-010717,Neuffen-West,48.549100,9.404070,0,0,0,0,0,0,0,0,pge:8600
PSF-010718,Messelberg,48.679400,9.839100,0,0,0,0,0,2,2,0,pge:8601
PSF-010719,Halde Norddeutschland,51.461900,6.563530,0,0,0,0,0,0,0,0,pge:8602
PSF-010720,Schrattenbach,47.848200,10.298000,0,0,0,0,0,1,2,1,pge:8604
PSF-010721,Träbes,50.578000,10.295600,0,0,0,0,0,0,0,0,pge:8605
PSF-010722,Boerry - Am Hellberg,52.045800,9.450900,0,0,0,0,2,0,0,0,pge:8606
PSF-010723,Harsberg,51.074800,10.371000,0,0,0,0,0,0,0,0,pge:8608
PSF-010724,Heukenberg,51.826900,9.651850,0,0,0,2,0,0,0,0,pge:8609
PSF-010725,Dolmar-UL -Platz,50.626000,10.475400,0,0,0,0,0,0,0,0,pge:8610
PSF-010726,Königstuhl,49.403700,8.726800,0,0,0,0,0,0,0,2,pge:8611
PSF-010727,Brauneck,47.663400,11.523300,2,2,2,2,2,1,0,1,pge:8612
PSF-010728,Dielmissen,51.982400,9.624650,0,0,0,0,0,2,2,0,pge:8615
PSF-010729,Altes Lager,51.995800,12.971200,2,1,2,1,2,1,2,1,pge:8617
PSF-010730,Rammelsberg,51.889600,10.431100,0,0,0,0,0,2,0,2,pge:8618
PSF-010731,Wank,47.506700,11.146900,0,0,0,2,2,2,0,0,pge:8620
PSF-010732,Gschasi,48.193200,8.098900,0,0,0,0,0,0,0,0,pge:8621
PSF-010733,Adelberg,49.216000,7.961630,0,1,2,1,0,0,0,0,pge:8623
PSF-010734,Melibokus,49.725600,8.635500,0,0,0,0,0,0,2,2,pge:8624
PSF-010735,Busigberg,49.733800,9.211250,0,0,0,2,2,0,0,0,pge:8625
PSF-010736,Hochries,47.747100,12.250300,2,2,0,1,1,1,2,2,pge:8627
PSF-010737,Burgberg Kallmünz,49.167600,11.955200,0,0,0,2,2,0,0,0,pge:8628
PSF-010738,Förlenberg,49.192800,8.006220,1,2,1,0,0,0,0,0,pge:8629
PSF-010739,Sommerberg,49.036600,12.746500,0,0,0,0,0,2,2,0,pge:8631
PSF-010740,Bad Griesbach (Vogtmaiers-Kanzel),48.455200,8.260030,0,0,0,0,0,0,0,0,pge:8632
PSF-010741,Eichenhärtle,48.068100,8.796950,0,0,0,0,0,0,0,0,pge:8633
PSF-010742,Willingen Sonnenhang,51.294200,8.587220,0,0,0,0,0,0,0,0,pge:8634
PSF-010743,SpieÃƒÅ¸horn - Krunkelbach,47.826800,8.035450,0,0,0,0,0,0,0,0,pge:8635
PSF-010744,Walberla,49.720300,11.152000,0,0,0,0,1,2,2,1,pge:8637
PSF-010745,Flugplatz Michelstadt,49.675000,8.961430,0,0,0,0,0,0,0,0,pge:8638
PSF-010746,Kleinheppacher Kopf,48.833900,9.376570,0,0,0,1,1,2,1,0,pge:8639
PSF-010747,Ofenthaler Berg,50.124500,9.909520,0,0,0,0,0,0,0,0,pge:8640
PSF-010748,Osterfelder (Garmisch),47.438600,11.049600,1,2,1,0,0,0,0,0,pge:8641
PSF-010749,Unterschwaningen airstrip,49.051900,10.381800,0,0,0,0,0,0,0,0,pge:8643
PSF-010750,Welleringhausen,51.272800,8.719400,0,0,0,0,1,0,0,0,pge:8644
PSF-010751,Oberacker,49.105600,8.719970,0,2,1,0,0,2,1,0,pge:8647
PSF-010752,Breitenberg Pfronten,47.548700,10.554900,1,1,2,0,0,0,0,0,pge:8648
PSF-010753,Kella,51.243100,10.079900,0,0,2,2,0,0,0,0,pge:8649
PSF-010754,Pfeffelbach,49.549500,7.307900,0,0,1,2,1,0,0,0,pge:8650
PSF-010755,Ehrsberg Koepfle,47.750900,7.907320,2,0,0,0,1,2,2,2,pge:8651
PSF-010756,Winden-Gupfe,47.810200,7.900270,0,0,0,0,2,0,0,0,pge:8652
PSF-010757,Dreisessel,48.787400,13.788000,0,0,0,0,0,0,0,0,pge:8653
PSF-010758,Grainet,48.798600,13.664200,0,0,0,0,0,0,0,0,pge:8654
PSF-010759,Porta-Westfalica-Wittekindsburg,52.243800,8.896600,0,0,0,0,0,0,0,0,pge:8656
PSF-010760,Porta-Westfalica-Wittekindsburg,52.238100,8.910330,0,0,0,0,0,0,0,0,pge:8657
PSF-010761,Rohrbahn,50.631500,11.415400,0,0,0,1,2,1,0,0,pge:8658
PSF-010762,Bausenberg,50.464700,7.222700,0,0,0,0,0,0,0,0,pge:8661
PSF-010763,Merkur,48.764800,8.279410,0,2,0,0,1,2,2,0,pge:8662
PSF-010764,Orensberg,49.238100,8.023800,0,0,0,0,1,2,1,0,pge:8663
PSF-010765,Loffenau Teufelsmühle,48.757200,8.403130,1,0,0,0,1,2,2,2,pge:8664
PSF-010766,MeiÃƒÅ¸ner West,51.246900,9.844430,0,0,0,0,0,0,0,0,pge:8665
PSF-010767,Ittenschwander Horn,47.764000,7.861730,0,1,2,1,0,0,0,0,pge:8666
PSF-010768,Mindersdorf Schleppgelände,47.898900,9.084030,0,0,0,0,0,0,0,0,pge:8667
PSF-010769,what erver,49.125900,9.789630,0,0,0,0,0,0,0,0,pge:8669
PSF-010770,Meddersheim,49.779000,7.583700,0,0,0,0,0,0,0,0,pge:8670
PSF-010771,Tauberberg,49.479900,9.847800,0,0,0,0,0,0,0,0,pge:8671
PSF-010772,Schwabhausen,49.450300,9.596430,0,0,0,0,0,0,0,0,pge:8673
PSF-010773,Schwabhausen,49.442200,9.602470,0,0,0,0,0,0,0,0,pge:8675
PSF-010774,Agrarflugplatz Beilrode,51.571600,13.054800,0,1,2,1,0,1,2,1,pge:8676
PSF-010775,Schleppgelände Königsbrunn,48.244000,10.879300,1,1,2,1,1,1,2,1,pge:8677
PSF-010776,Altbokhorst,54.102800,10.141700,0,0,0,0,0,0,0,0,pge:8679
PSF-010777,Duernsricht,49.397300,12.060100,0,0,0,0,0,0,0,0,pge:8680
PSF-010778,Görauer Anger,50.059800,11.323700,0,0,0,0,0,0,0,0,pge:8681
PSF-010779,Bösingen,48.227700,8.536740,0,0,0,0,0,0,0,0,pge:8683
PSF-010780,Schleppgelände Offenbach,49.169600,8.187620,0,2,2,2,0,2,2,2,pge:8685
PSF-010781,Stoeckerkopf,48.495400,8.368300,2,0,2,0,0,0,0,0,pge:8686
PSF-010782,Oppenau Geroldseckle,48.462800,8.113530,1,1,0,0,0,0,0,2,pge:8687
PSF-010783,Weiherkopf,47.804400,7.777870,0,0,0,0,0,0,0,0,pge:8688
PSF-010784,Hohenpölz,49.909500,11.150200,0,1,2,1,0,1,2,1,pge:8689
PSF-010785,Görauer Anger,50.062200,11.303300,0,2,0,0,0,0,0,0,pge:8691
PSF-010786,Königszinne,51.978000,9.523230,0,0,0,0,0,0,2,1,pge:8692
PSF-010787,Türkheim,48.594500,9.808120,1,0,0,0,0,1,2,2,pge:8693
PSF-010788,Serrig,49.569000,6.615500,0,0,0,0,1,2,2,1,pge:8698
PSF-010789,UL-Flugplatz Forst,49.213900,11.380000,0,0,0,0,0,0,0,0,pge:8699
PSF-010790,Merthyr Common,51.723500,-3.336220,1,0,0,0,0,1,2,1,pge:87
PSF-010791,UL-Flugplatz Kerken,51.432300,6.447220,0,0,0,0,0,0,0,0,pge:8701
PSF-010792,Blättersberg,49.265700,8.070420,0,0,1,2,2,2,0,0,pge:8702
PSF-010793,Siegritz,49.855600,11.211700,0,2,2,0,0,2,2,0,pge:8703
PSF-010794,Hesselberg,49.068000,10.534400,0,0,0,0,0,0,0,0,pge:8706
PSF-010795,Wisselsing,48.712200,12.954500,0,0,0,0,0,0,0,0,pge:8708
PSF-010796,Mosbach-Finkenhof,49.333900,9.093880,0,0,0,0,0,0,0,0,pge:8710
PSF-010797,Kandel,48.065300,8.015600,0,0,0,1,2,2,2,1,pge:8711
PSF-010798,Einkorn,49.090100,9.775700,0,0,0,0,0,2,2,0,pge:8714
PSF-010799,Winterberg,49.483300,9.888680,0,0,0,0,0,0,0,0,pge:8717
PSF-010800,Porta-Westfalica-Wittekindsburg,52.248900,8.876000,0,0,0,0,0,0,0,0,pge:8719
PSF-010801,Grainet,48.776300,13.628600,0,0,0,0,0,0,0,0,pge:8720
PSF-010802,Wenholthausen,51.303100,8.190920,0,0,0,0,0,0,0,0,pge:8722
PSF-010803,Stüppel Andreasberg,51.283900,8.600020,0,0,0,0,0,0,0,0,pge:8723
PSF-010804,Crawinkel,50.776900,10.814600,1,2,1,2,1,2,1,2,pge:8724
PSF-010805,Hassloch,49.354300,8.284470,0,0,0,0,0,0,0,0,pge:8725
PSF-010806,Waldstetten-Skihütte,48.751900,9.815000,0,2,0,0,0,0,0,0,pge:8728
PSF-010807,Kampenwand,47.753100,12.352900,2,0,0,0,0,0,0,2,pge:8729
PSF-010808,Cottbus Nord,51.767600,14.306900,0,0,0,0,0,0,0,0,pge:8730
PSF-010809,Donnersberg,49.634900,7.932580,1,2,1,0,0,0,0,0,pge:8731
PSF-010810,Schleppgelände Dischingen,48.694100,10.337300,1,2,2,2,0,1,2,2,pge:8732
PSF-010811,Oerlinghausen,51.928300,8.669380,0,0,0,0,0,0,0,0,pge:8733
PSF-010812,Schneithalde,48.296200,9.057050,0,0,0,0,0,0,0,0,pge:8734
PSF-010813,Buchberg,49.514700,12.029900,0,2,1,0,0,0,0,0,pge:8735
PSF-010814,Donnersberg,49.626900,7.941380,0,0,0,0,0,0,0,0,pge:8736
PSF-010815,Kuchalb,48.656600,9.812170,0,0,0,0,0,0,0,0,pge:8737
PSF-010816,Glasberg,50.661300,10.225300,0,0,0,0,0,0,0,0,pge:8738
PSF-010817,Blankenhain,50.846400,11.347500,2,0,0,0,0,0,0,1,pge:8739
PSF-010818,Jaegerberg,50.969700,11.619700,0,0,1,2,0,0,0,0,pge:8740
PSF-010819,Jenzig south,50.938800,11.633100,0,0,0,0,2,0,0,0,pge:8741
PSF-010820,Stüppel-Fort Fun Abenteuerland,51.314500,8.427520,0,0,0,0,0,0,0,0,pge:8744
PSF-010821,Auf der Platte,49.162300,7.227120,0,2,0,0,0,2,2,1,pge:8747
PSF-010822,Görauer Anger - Lopp,50.057300,11.350300,0,0,0,0,0,0,0,0,pge:8749
PSF-010823,Boxberg,49.470000,9.648270,0,0,0,0,0,0,0,0,pge:8751
PSF-010824,Proeller,49.022200,12.821500,1,2,1,0,0,0,0,0,pge:8754
PSF-010825,Hochgrat,47.493500,10.073200,1,0,0,0,0,0,0,2,pge:8756
PSF-010826,Mitteldachstetten,49.399600,10.454400,0,0,0,0,0,0,0,0,pge:8757
PSF-010827,Hoher Bogen,49.235900,12.946300,0,2,0,0,0,0,0,0,pge:8758
PSF-010828,Mehring,49.784100,6.821870,0,0,0,0,0,0,0,0,pge:8760
PSF-010829,Airfield Stapelburg,51.914400,10.684400,2,2,2,2,2,2,2,2,pge:8762
PSF-010830,Sodkopf,48.625100,8.162800,0,0,0,0,0,1,2,1,pge:8764
PSF-010831,Bürgstadt,49.721300,9.285800,0,0,0,0,0,0,0,0,pge:8765
PSF-010832,Flugplatz Aschersleben,51.763000,11.498600,0,0,0,0,0,0,0,0,pge:8766
PSF-010833,Arnsberg Oberweissenbrunn,50.398600,9.954270,0,0,0,0,0,0,0,0,pge:8767
PSF-010834,Eichberg,47.845700,8.511150,0,0,0,0,0,0,0,0,pge:8770
PSF-010835,Rivenich,49.877000,6.861050,0,0,0,0,0,0,2,0,pge:8771
PSF-010836,Hubertushütte,47.943800,8.632660,0,0,0,0,0,0,2,0,pge:8775
PSF-010837,Brunsberg,51.750100,9.350150,0,0,2,2,0,0,0,0,pge:8776
PSF-010838,Heue,47.619700,7.939100,0,0,0,0,0,1,2,1,pge:8778
PSF-010839,Oberacker-Winde,49.103200,8.774580,0,0,0,0,0,0,0,0,pge:8779
PSF-010840,Gedeonseck Boppard,50.244300,7.572930,0,0,0,0,0,0,0,0,pge:8780
PSF-010841,Grifte,51.221300,9.448200,1,2,0,0,1,2,0,0,pge:8782
PSF-010842,Oppenau NordOst,48.447500,8.146400,0,2,1,0,0,0,0,0,pge:8784
PSF-010843,Odernheim Neuberg,49.763200,7.692980,0,2,2,1,0,0,0,0,pge:8785
PSF-010844,Lasserg,50.217300,7.385330,0,0,0,0,0,0,0,0,pge:8786
PSF-010845,Vogelsang,47.664900,12.038000,0,0,0,0,0,1,2,1,pge:8787
PSF-010846,Durchhausen,48.047400,8.678470,0,0,0,0,0,0,0,0,pge:8788
PSF-010847,Fridingen Risi,48.014800,8.915630,0,0,0,0,0,0,0,0,pge:8789
PSF-010848,Leibertingen Segelflugplatz,48.047500,9.043900,0,0,0,0,0,0,0,0,pge:8790
PSF-010849,Stettelberg,47.813400,9.075400,0,0,0,0,2,1,0,0,pge:8791
PSF-010850,Winde-Werlau,50.161800,7.694930,0,0,0,0,0,0,0,0,pge:8792
PSF-010851,Heinsheim,49.250600,9.151250,0,0,0,0,0,0,0,0,pge:8793
PSF-010852,Hausberg (Garmisch),47.465800,11.101400,0,2,0,0,0,0,0,0,pge:8794
PSF-010853,Auer Blick-Fliegen um Eschwege-Wanfried,51.168200,10.130200,2,1,0,0,0,0,0,1,pge:8795
PSF-010854,Dolberg,51.109400,8.166430,0,0,0,0,0,0,0,0,pge:8798
PSF-010855,Arzbach (Grosser Kopf Westerwald)W-NW,50.370900,7.756250,0,0,0,0,0,0,0,0,pge:8799
PSF-010856,Mynydd Meio,51.586600,-3.280240,0,0,0,0,0,1,0,0,pge:88
PSF-010857,Segelflugplatz Pohlheim,50.532100,8.735500,0,0,0,0,0,0,0,0,pge:8801
PSF-010858,Jenner,47.619400,13.077300,0,0,2,2,2,2,2,2,pge:8802
PSF-010859,Katzenkopf,48.596500,8.195360,0,0,0,1,2,2,1,0,pge:8804
PSF-010860,Schreckhof Obrigheim,49.361700,9.105300,0,0,0,0,0,0,0,0,pge:8806
PSF-010861,Wernges,50.685100,9.417030,0,0,0,0,0,0,0,0,pge:8809
PSF-010862,Winterberg,51.206800,8.532130,0,0,0,0,0,0,0,0,pge:8810
PSF-010863,Neusling,48.704300,12.877700,0,0,0,0,0,0,0,0,pge:8813
PSF-010864,Langfurt,48.837100,13.201000,0,0,0,0,0,0,0,0,pge:8818
PSF-010865,Steinmarkskopf,51.270400,8.433370,0,0,0,0,0,0,0,0,pge:8819
PSF-010866,Gräfenthal,50.517700,11.329400,2,1,0,0,0,0,0,1,pge:8820
PSF-010867,Dietersdorf,49.797100,12.200100,0,1,2,1,0,1,2,1,pge:8821
PSF-010868,Serrenkopf,48.288600,8.257300,0,0,0,0,0,0,0,0,pge:8824
PSF-010869,Kreuzberg,50.379700,9.992600,0,0,0,0,0,0,0,0,pge:8825
PSF-010870,Langmühler Aussicht,49.278300,7.859220,0,0,0,0,0,0,0,0,pge:8827
PSF-010871,Dörzbach-Hohebach,49.354900,9.735100,0,0,0,0,0,0,0,0,pge:8828
PSF-010872,Altenbeuthen,50.593700,11.593900,2,0,0,0,0,0,0,2,pge:8829
PSF-010873,Rüsselhausen,49.444500,9.867730,0,0,0,0,0,0,0,0,pge:8830
PSF-010874,Flugplatz Ohlsbach,48.443500,7.965430,0,0,0,0,0,0,0,0,pge:8831
PSF-010875,Hörpel,53.133300,10.033100,0,0,0,0,0,0,0,0,pge:8832
PSF-010876,Bamling,48.716400,12.885100,0,0,0,0,0,0,0,0,pge:8833
PSF-010877,Flugplatz Möckern,52.177100,11.927800,2,1,0,2,2,1,0,2,pge:8834
PSF-010878,Wirmighausen,51.351000,8.830300,1,0,0,0,0,0,1,2,pge:8835
PSF-010879,Holzbronn,49.526900,9.824180,0,0,0,0,0,0,0,0,pge:8837
PSF-010880,Radspitze,50.236900,11.425100,0,0,0,0,0,2,0,0,pge:8839
PSF-010881,Graach,49.942700,7.065450,0,0,0,0,2,2,0,0,pge:8840
PSF-010882,Honsbronn,49.442300,9.909720,0,0,0,0,0,0,0,0,pge:8842
PSF-010883,Omerskopf,48.641900,8.168780,0,0,0,0,0,0,0,0,pge:8843
PSF-010884,Knobelsdorf,50.606800,11.370800,0,2,1,0,0,0,0,0,pge:8845
PSF-010885,Burgberg,48.587600,10.224600,0,0,0,0,1,2,0,0,pge:8846
PSF-010886,Neidlingen,48.577100,9.592250,0,0,0,0,0,0,0,0,pge:8847
PSF-010887,Steinbruch Saal - Rönkhausen,51.235900,7.953530,0,0,0,0,0,0,0,0,pge:8848
PSF-010888,Segelflugplatz Riesa Canitz,51.303600,13.224200,0,1,2,1,0,1,2,1,pge:8851
PSF-010889,Kühnhardt am Schlegel,49.153000,10.244700,0,0,0,0,0,0,0,0,pge:8853
PSF-010890,Althof,48.822300,8.401030,0,0,0,0,0,1,2,1,pge:8855
PSF-010891,Dürnsricht,49.438400,12.188100,0,0,0,0,0,0,0,0,pge:8856
PSF-010892,Vogelberg,49.774700,12.081700,0,0,0,0,1,2,0,0,pge:8857
PSF-010893,Ascheloh-Hermannsweg,52.050400,8.407580,0,0,0,0,0,2,0,0,pge:8859
PSF-010894,Breitnau,47.856200,7.839330,0,0,0,0,0,0,0,0,pge:8860
PSF-010895,Hartenstein,50.672300,12.672800,1,1,1,1,1,1,1,1,pge:8862
PSF-010896,Obere Tonhalde- Buttenhausen,48.359400,9.484500,0,0,0,0,0,0,0,0,pge:8864
PSF-010897,Engerda,50.792400,11.424500,0,0,0,0,0,2,0,0,pge:8867
PSF-010898,Longuich,49.814600,6.780650,0,0,0,0,0,0,0,0,pge:8868
PSF-010899,Pandy,51.905000,-2.992730,0,1,2,1,0,0,0,0,pge:89
PSF-010900,Pontlottyn,51.737600,-3.281610,0,2,0,0,0,0,0,0,pge:90
PSF-010901,Jochelspitze - Bach im Lechtal,47.276500,10.367100,0,0,0,2,2,2,0,0,pge:9007
PSF-010902,12er Kopf Zwoelferkopf (Pertisau- Achensee),47.428000,11.696000,0,2,0,0,0,0,2,2,pge:9010
PSF-010903,Rofan,47.441200,11.758300,0,0,0,0,0,2,0,0,pge:9011
PSF-010904,Diedamskopf,47.345800,10.026200,0,0,1,2,2,1,2,1,pge:9013
PSF-010905,Niedere - Andelsbuch,47.403500,9.938930,0,0,0,0,0,0,2,2,pge:9014
PSF-010906,Hohe Salve,47.463100,12.200300,1,2,1,2,1,2,1,2,pge:9016
PSF-010907,Mayrhofen-Finkenberg,47.168400,11.809600,0,0,0,2,2,2,0,0,pge:9017
PSF-010908,Schnifis,47.227900,9.739500,0,0,0,0,0,0,0,0,pge:9019
PSF-010909,Walmendinger Horn,47.319200,10.131200,0,0,0,0,0,0,0,0,pge:9023
PSF-010910,Bischling (Werfenweng),47.462200,13.297200,0,1,2,2,2,2,2,1,pge:9025
PSF-010911,Hohe Wand East,47.829300,16.040800,0,1,2,2,2,0,0,0,pge:9026
PSF-010912,Kulm,47.228200,15.762100,0,0,1,2,1,0,0,0,pge:9027
PSF-010913,Fulseck (Gastein),47.235000,13.147700,0,0,1,1,0,1,2,2,pge:9028
PSF-010914,Kanzelwand,47.335300,10.205800,0,0,0,0,0,0,0,0,pge:9029
PSF-010915,Choralpe,47.412200,12.244500,1,0,1,0,1,0,2,0,pge:9030
PSF-010916,Goding,46.777900,14.919300,0,0,0,0,1,2,2,0,pge:9031
PSF-010917,Pardatschgrat - Idjoch -Greitspitze >> Silvretta,46.991500,10.320700,0,0,0,0,0,0,0,0,pge:9034
PSF-010918,Venet / Krahberg (Zams Landeck),47.142100,10.623200,2,2,2,0,2,0,0,2,pge:9036
PSF-010919,Burg Altpernstein - Hirschwaldstein,47.885000,14.162800,2,1,0,0,0,1,2,2,pge:9037
PSF-010920,Gerlitzen,46.692400,13.913900,0,0,2,2,2,1,0,0,pge:9039
PSF-010921,Kaiserburg,46.784500,13.826800,2,1,0,0,0,1,2,2,pge:9040
PSF-010922,Wöllaner Nock,46.772700,13.829000,0,0,2,2,2,2,2,2,pge:9041
PSF-010923,Golk,46.706000,13.990900,0,0,0,2,2,0,0,0,pge:9043
PSF-010924,Radsberg,46.572700,14.402300,0,0,1,2,2,0,0,0,pge:9044
PSF-010925,Wetterkreuz Rauris,47.213600,12.944400,0,0,0,0,0,0,0,0,pge:9045
PSF-010926,Gaisberg (Salzburg),47.804500,13.110300,2,1,2,0,0,0,2,1,pge:9046
PSF-010927,Hochzeiger,47.163600,10.775500,0,0,0,0,0,0,0,0,pge:9047
PSF-010928,Golm,47.062200,9.839080,0,0,0,0,0,0,0,0,pge:9049
PSF-010929,Obertilliach - Golzentipp,46.719000,12.625100,0,0,0,2,2,2,2,0,pge:9050
PSF-010930,Gelderkogel,47.303600,15.479400,0,0,0,2,2,2,0,0,pge:9052
PSF-010931,Schöckl near Graz,47.201200,15.475600,2,0,1,2,1,0,0,2,pge:9056
PSF-010932,Stubaital - Kreuzjoch (Schlick2000),47.145100,11.307800,0,0,0,2,2,0,0,0,pge:9057
PSF-010933,"Silvretta Nova, Gampabing, St. Gallenkirch",46.985200,9.963420,0,0,0,0,0,0,0,0,pge:9059
PSF-010934,Stubnerkogel (Gastein),47.114000,13.099000,2,0,2,0,0,0,0,2,pge:9060
PSF-010935,Zettersfeld,46.874900,12.788000,0,0,2,2,2,2,2,0,pge:9061
PSF-010936,Seegrube (Innsbruck),47.305200,11.377400,0,0,0,2,2,2,0,0,pge:9064
PSF-010937,Jaga,46.839100,14.886100,0,0,0,0,2,2,2,0,pge:9065
PSF-010938,Pöls Himmelbauer,47.238700,14.591100,0,0,0,0,0,0,0,0,pge:9066
PSF-010939,frozen wall,47.062100,11.677700,0,0,0,0,0,0,0,0,pge:9068
PSF-010940,Loser,47.663000,13.777800,0,0,0,0,0,0,0,0,pge:9072
PSF-010941,Untersberg,47.721900,13.007000,1,0,0,0,0,0,2,2,pge:9075
PSF-010942,Hochjoch,47.065900,9.972650,0,0,0,0,0,1,2,1,pge:9077
PSF-010943,Brennkopf,47.670300,12.295800,0,0,0,0,0,0,0,0,pge:9080
PSF-010944,Schönleiten,47.397400,12.697200,0,0,0,1,2,2,1,0,pge:9081
PSF-010945,Brennkopf,47.685100,12.316800,0,0,1,2,2,2,1,0,pge:9082
PSF-010946,"Schönjoch (Fiss, Ladis)",47.074700,10.588900,1,0,0,2,2,2,0,0,pge:9083
PSF-010947,Hochstein,47.339700,13.147500,0,0,0,0,0,0,0,0,pge:9085
PSF-010948,Bezau Nidere,47.398900,9.949540,0,0,0,1,2,2,0,0,pge:9086
PSF-010949,Steinplatte,47.606500,12.571300,0,0,0,0,0,0,0,0,pge:9087
PSF-010950,Speiereck,47.122000,13.637800,1,1,1,2,2,2,0,0,pge:9090
PSF-010951,Spieljoch,47.340100,11.803600,0,0,0,0,0,0,0,0,pge:9091
PSF-010952,Furx,47.277700,9.692780,0,0,0,0,0,0,0,0,pge:9092
PSF-010953,Rottenstein,46.765100,13.233000,0,0,0,0,0,0,0,0,pge:9093
PSF-010954,Hochötz,47.206900,10.931900,0,0,0,0,0,0,0,0,pge:9095
PSF-010955,Hollersbach im Pinzgau  (Berghof),47.264300,12.428300,2,0,0,0,0,0,0,2,pge:9096
PSF-010956,Ebnerfeld,46.852600,12.794500,0,0,0,2,2,2,0,0,pge:9098
PSF-010957,Ã–tz Mittelstation,47.205000,10.914800,0,0,0,0,0,0,0,0,pge:9099
PSF-010958,Rhigos,51.716300,-3.556050,1,1,0,0,0,0,0,1,pge:91
PSF-010959,Rax,47.717300,15.778800,0,0,2,2,0,0,0,0,pge:9106
PSF-010960,Hahnenkamm (Reutte),47.476400,10.643400,0,0,0,0,0,0,0,0,pge:9107
PSF-010961,Penken,47.178100,11.822300,0,2,2,1,0,0,0,0,pge:9109
PSF-010962,Zwölferhorn,47.742800,13.351900,2,2,1,1,0,0,1,2,pge:9112
PSF-010963,Tschiernock - Hansbauer,46.857000,13.553400,0,0,0,0,0,0,0,0,pge:9115
PSF-010964,Hinterhorn Alm,47.333000,11.571800,0,0,0,0,0,0,0,0,pge:9116
PSF-010965,Hahnenkamm (Kitzbühel),47.429500,12.369100,0,0,0,0,0,0,0,0,pge:9117
PSF-010966,Markbachjoch (Wildschönau),47.432100,12.094000,2,0,0,0,0,0,0,0,pge:9120
PSF-010967,Sonnalm,47.211500,11.903900,0,0,0,0,0,0,0,0,pge:9121
PSF-010968,Hochstein,46.818300,12.707000,0,2,2,0,0,0,0,0,pge:9122
PSF-010969,Trattberg (Abtenau),47.638900,13.277900,0,0,0,0,0,0,0,0,pge:9124
PSF-010970,Planai,47.372100,13.725500,0,0,0,0,0,0,0,0,pge:9125
PSF-010971,Stoderzinken,47.458900,13.826900,2,0,0,2,2,0,0,2,pge:9126
PSF-010972,Napf,47.491700,13.289400,0,0,0,0,0,0,0,0,pge:9128
PSF-010973,Schiessling,47.570500,15.289400,0,0,0,0,0,0,0,0,pge:9129
PSF-010974,Guggenberg,46.631900,13.311800,0,0,0,0,0,0,0,0,pge:9130
PSF-010975,Filbling,47.787700,13.277000,0,0,0,0,0,0,0,0,pge:9133
PSF-010976,Hochkar,47.707800,14.907600,0,0,0,0,0,0,0,0,pge:9135
PSF-010977,Singerberg,46.501600,14.237900,2,2,0,0,0,0,0,2,pge:9136
PSF-010978,Ahorn,47.137800,11.879500,0,0,0,0,0,0,0,0,pge:9137
PSF-010979,Vejer,36.247600,-5.973380,0,0,0,0,0,0,0,0,pge:9142
PSF-010980,Pitolero - Valles Jerte-Ambroz,40.129800,-5.976970,0,0,0,2,2,1,2,2,pge:9144
PSF-010981,Las Cruces - Rute,37.337100,-4.347220,1,0,0,2,2,2,0,2,pge:9145
PSF-010982,La Parra,38.513000,-6.616620,1,2,2,0,0,0,0,1,pge:9146
PSF-010983,Lucena,37.375600,-4.467520,0,0,0,1,2,0,0,0,pge:9148
PSF-010984,Gistredo,42.741200,-6.435320,0,0,1,1,2,1,1,0,pge:9149
PSF-010985,Lanzarote - Orzola- Mirador del Rio,29.220000,-13.472800,0,2,0,0,0,0,0,0,pge:9152
PSF-010986,Lanzarote - Arrieta,29.111500,-13.478000,1,2,2,0,0,0,0,0,pge:9153
PSF-010987,Ronda la Vieja,36.838500,-5.238300,0,0,0,0,0,0,0,2,pge:9155
PSF-010988,Lanzarote - Playa Quemada,28.902500,-13.741300,0,0,0,0,0,0,0,0,pge:9156
PSF-010989,Cerro de Itrabo,36.775500,-3.645850,0,0,0,2,2,2,0,0,pge:9157
PSF-010990,Alfamar,36.757900,-3.631200,0,0,0,0,0,0,0,0,pge:9158
PSF-010991,Tenerife - Ifonche,28.125600,-16.692200,0,0,0,1,2,2,1,0,pge:9159
PSF-010992,La Palma - Puntagorda,28.752400,-17.933400,0,0,0,0,0,0,2,0,pge:9161
PSF-010993,La Palma - Campanario,28.580600,-17.869000,0,0,0,0,1,2,2,1,pge:9162
PSF-010994,Lanzarote - Famara -lower (PG) TO,29.062000,-13.582000,1,0,0,0,0,0,1,2,pge:9164
PSF-010995,Jabalcon,37.560900,-2.819600,2,0,2,2,2,0,0,2,pge:9168
PSF-010996,El Bosque,36.752600,-5.490650,0,0,0,0,0,0,2,2,pge:9169
PSF-010997,La Palma - Torre del Time,28.691600,-17.925500,0,0,0,0,0,1,2,1,pge:9170
PSF-010998,El Yelmo,38.256500,-2.660070,0,0,1,0,0,1,2,1,pge:9171
PSF-010999,Chiclana,38.315000,-3.049930,0,0,0,0,0,0,0,0,pge:9172
PSF-011000,Turo de la Guardia,41.641800,2.688900,0,0,0,1,1,2,0,0,pge:9173
PSF-011001,Speikboden,46.913900,11.907800,0,2,0,2,2,2,0,0,pge:9174
PSF-011002,Monte Cairo (Monte Cassino),41.547100,13.812200,0,0,1,2,2,1,0,0,pge:9175
PSF-011003,Cornizzolo,45.833000,9.302130,0,0,1,2,2,2,2,0,pge:9176
PSF-011004,Loggia di Pilato - Monopoli,40.875800,17.286200,2,2,0,0,0,0,0,1,pge:9177
PSF-011005,Cavallaria,45.520400,7.807420,0,0,1,2,2,1,0,0,pge:9178
PSF-011006,Pizzo Calabro,38.725600,16.158900,0,0,0,0,0,2,2,2,pge:9181
PSF-011007,Hirzer (Meran),46.731400,11.248000,0,0,0,0,0,0,0,0,pge:9183
PSF-011008,Laveno - Sasso del Ferro,45.911500,8.643200,0,0,0,2,2,0,0,0,pge:9184
PSF-011009,Monte Cesen,45.932600,12.019500,0,0,1,2,0,2,1,0,pge:9188
PSF-011010,Rubbio,45.791700,11.660600,0,0,0,0,0,0,0,0,pge:9189
PSF-011011,Essicher,46.646600,11.351400,0,0,0,0,0,0,0,0,pge:9191
PSF-011012,Watles - Praemajur,46.700800,10.504900,0,0,1,2,2,0,0,0,pge:9192
PSF-011013,Vigiljoch - San Vigilio,46.624800,11.117100,0,0,1,2,2,2,1,0,pge:9193
PSF-011014,Rosskopf (Monte Cavallo),46.915000,11.372400,0,0,0,0,1,0,0,0,pge:9194
PSF-011015,Mendel/Mendola - Lavinaspitz,46.384600,11.214700,0,0,0,1,2,2,1,0,pge:9195
PSF-011016,Kronplatz,46.739600,11.958900,2,2,0,1,1,0,1,2,pge:9196
PSF-011017,Gemona - Mt.Cuarnan,46.272800,13.174300,0,0,0,0,2,2,0,0,pge:9198
PSF-011018,Bassano - South (da Bepi),45.823800,11.769400,0,0,0,1,2,1,0,0,pge:9200
PSF-011019,Monte Gemmo - Tre Pizzi,43.217100,12.956000,2,2,2,2,1,0,0,0,pge:9201
PSF-011020,Monte Cucco,43.356700,12.749600,0,0,0,0,0,2,2,0,pge:9203
PSF-011021,Vöran / Verano,46.599200,11.225900,0,0,0,0,2,2,1,0,pge:9204
PSF-011022,Monte Baldo (Malcesine),45.776100,10.862800,1,2,1,0,1,2,1,1,pge:9205
PSF-011023,Trafoi,46.569300,10.506100,0,0,0,0,0,0,0,0,pge:9206
PSF-011024,Ultimo / Ultental (Schwemmalm),46.535300,10.916700,0,0,0,2,2,0,0,0,pge:9207
PSF-011025,Forca di Presta,42.784800,13.251800,0,0,0,0,0,0,1,1,pge:9208
PSF-011026,Partinges,46.878700,11.493600,0,0,0,0,0,0,0,0,pge:9210
PSF-011027,Unterstell - Naturns,46.659200,10.985800,0,0,1,1,2,2,1,0,pge:9211
PSF-011028,Valcava,45.779800,9.509900,0,0,1,2,2,2,1,0,pge:9212
PSF-011029,Plose,46.687700,11.711100,0,0,0,2,2,2,2,1,pge:9214
PSF-011030,Rodeneck,46.789600,11.712000,0,0,0,0,0,0,0,0,pge:9215
PSF-011031,Plata - Pfalzen,46.828900,11.876500,0,0,0,1,2,1,0,0,pge:9216
PSF-011032,forcella,45.724000,10.146200,0,0,0,0,0,1,0,0,pge:9217
PSF-011033,Bernadia - Nimis,46.225200,13.263700,0,0,1,2,2,2,0,0,pge:9218
PSF-011034,Wanker,46.649800,11.339200,0,0,0,0,0,0,0,0,pge:9220
PSF-011035,Ahornach (Acereto),46.926000,11.967500,0,0,0,0,0,2,0,0,pge:9221
PSF-011036,Dantercepies,46.556000,11.791200,0,0,0,0,0,0,0,0,pge:9223
PSF-011037,Montioli-Sarnano,43.039300,13.241900,0,1,2,1,0,0,0,0,pge:9224
PSF-011038,Pichlberg Reinswald,46.694500,11.441100,0,0,0,0,0,0,0,0,pge:9225
PSF-011039,Gitschberg,46.857300,11.689900,0,0,0,0,0,0,0,0,pge:9226
PSF-011040,Weitental Oberhofer,46.845700,11.713700,0,0,0,0,0,0,0,0,pge:9229
PSF-011041,Hochmuth / Muthoefe (Dorf Tirol / Tirolo),46.701500,11.131500,0,0,0,2,2,0,0,0,pge:9230
PSF-011042,Mals/ Malles,46.694100,10.578300,0,0,0,0,0,0,0,0,pge:9231
PSF-011043,Bassano -Mt.Legnarola,45.842300,11.788900,0,0,2,1,0,0,0,0,pge:9232
PSF-011044,Roncola,45.767800,9.566170,0,0,1,2,2,2,1,0,pge:9233
PSF-011045,Helm (Sexten) - Elmo (Sesto),46.715900,12.364800,0,0,0,2,2,0,0,0,pge:9234
PSF-011046,Maurerberg Top,46.703600,11.825100,0,0,0,0,2,2,2,0,pge:9235
PSF-011047,Osper Tom,46.830500,11.210400,0,0,0,0,0,0,0,0,pge:9236
PSF-011048,Castelluccio - Fontanile,42.811300,13.183300,0,0,1,2,1,0,0,0,pge:9242
PSF-011049,Monte Mezzo (Lago di Como),46.190000,9.363230,0,0,0,2,2,2,0,0,pge:9243
PSF-011050,Roccasecca,41.459500,13.229200,0,0,0,0,0,1,2,0,pge:9244
PSF-011051,Gsiesertal -Uwaldalm- Spielalm,46.852300,12.265300,0,0,0,1,2,1,0,0,pge:9245
PSF-011052,Spitzbuhel -Siusi/ Seis am Schlern,46.529500,11.599400,0,0,0,0,0,0,0,2,pge:9247
PSF-011053,Campo Imperatore,42.441600,13.558900,0,0,0,0,0,2,0,0,pge:9248
PSF-011054,Rosengarten/ Catinaccio -Kölnerhütte,46.442500,11.611100,0,0,0,0,0,0,2,0,pge:9249
PSF-011055,Zitacuaro,19.398900,-100.368000,0,0,0,0,0,0,2,0,pge:9250
PSF-011056,Harisson\'s Folly,17.943500,73.831600,0,1,2,1,0,0,0,0,pge:9251
PSF-011057,Crêt-du-Midi,46.229400,7.528610,1,1,1,0,1,1,1,1,pge:9273
PSF-011058,Macelj,46.265000,15.811100,1,1,0,0,0,0,0,1,pge:9274
PSF-011059,Nuuk Area,64.190000,-51.650000,2,1,0,0,1,2,2,2,pge:9275
PSF-011060,Allendale,-43.643600,172.624000,0,1,2,1,0,0,0,0,pge:9277
PSF-011061,Barnett Park,-43.585600,172.729000,2,2,0,0,0,0,0,0,pge:9278
PSF-011062,Taylors Mistake,-43.586000,172.766000,1,2,1,0,0,0,0,0,pge:9279
PSF-011063,ghajn tuffieha bay,35.928300,14.347000,0,0,0,0,0,0,2,2,pge:9280
PSF-011064,qammieh,35.972200,14.334500,0,0,0,0,2,0,0,0,pge:9281
PSF-011065,Dingli cliffs,35.859900,14.370600,0,0,0,0,0,2,0,0,pge:9282
PSF-011066,Top of the world,35.931100,14.452500,2,0,0,0,0,0,0,2,pge:9283
PSF-011067,delli,35.954900,14.342600,0,0,0,0,0,2,2,0,pge:9284
PSF-011068,znuber,35.949800,14.340700,0,0,0,0,0,0,0,2,pge:9285
PSF-011069,Gran Canaria -los Giles,28.127300,-15.475800,1,2,1,0,0,0,0,0,pge:9289
PSF-011070,Hammana,33.807300,35.742500,1,0,0,0,0,0,1,2,pge:9290
PSF-011071,Signal Hill Bench,-33.921400,18.397600,1,0,0,0,0,0,2,2,pge:9291
PSF-011072,Garrapata,36.419200,-121.913000,0,0,0,0,0,0,2,2,pge:9292
PSF-011073,Kohala,33.841900,72.953000,0,0,0,2,2,0,0,0,pge:9293
PSF-011074,Saint Pabu,48.604800,-2.505400,2,0,0,0,0,0,1,2,pge:9294
PSF-011075,The Cedars - Top takeoff,34.233900,36.079700,0,0,0,0,0,0,2,2,pge:9295
PSF-011076,The Cedars - Bekaa side,34.204300,36.059300,0,0,1,2,1,0,0,0,pge:9296
PSF-011077,The Cedars - Intermediate takeoff,34.232300,36.065400,0,0,0,0,0,0,1,2,pge:9297
PSF-011078,The Whaleback,41.534000,-122.153000,1,0,0,0,0,2,2,2,pge:9298
PSF-011079,Little Sur (Monterey),36.330200,-121.891000,1,0,0,0,0,0,1,2,pge:9299
PSF-011080,Fort Funston (no PG),37.713900,-122.503000,0,0,0,0,0,1,2,1,pge:9302
PSF-011081,Vesuvio,40.816100,14.424400,0,0,0,1,2,2,1,0,pge:9303
PSF-011082,Mt. Hadis 300,40.272700,44.707400,0,0,1,2,1,0,0,0,pge:9304
PSF-011083,Mt. Hadis 500,40.292500,44.694900,0,0,0,0,0,0,0,0,pge:9305
PSF-011084,Aragats Mountain-south top,40.503700,44.184100,0,0,0,0,0,0,0,0,pge:9306
PSF-011085,Fioletovo,40.729800,44.751100,0,0,0,0,0,0,0,0,pge:9307
PSF-011086,Mt. Gutansar,40.363900,44.684500,0,1,0,0,0,0,0,0,pge:9308
PSF-011087,Mt Shaman,39.886900,44.946900,0,0,0,1,1,1,0,0,pge:9309
PSF-011088,Tsaxkadzor,40.526300,44.650900,0,0,0,0,0,0,0,0,pge:9310
PSF-011089,tsovagyugh,40.593300,44.946500,1,0,0,0,0,0,1,1,pge:9311
PSF-011090,Mt Large Lchasar,40.495900,44.885100,2,0,0,0,0,0,2,2,pge:9312
PSF-011091,Koringberg,-33.056100,18.678900,0,0,2,2,2,2,2,0,pge:9313
PSF-011092,Thomas Mt,33.599900,-116.654000,0,0,0,0,1,2,1,0,pge:9314
PSF-011093,Orbigny,47.220100,1.290400,1,0,2,0,1,0,2,0,pge:9315
PSF-011094,Heavener SW Launch,34.891900,-94.574100,0,0,0,0,0,2,2,0,pge:9316
PSF-011095,Mount Nebo,35.228200,-93.255100,1,2,2,2,2,1,0,0,pge:9317
PSF-011096,Panorama,34.792400,-94.903600,0,2,2,0,0,0,0,0,pge:9318
PSF-011097,Buffalo,34.750100,-95.139500,0,0,0,1,2,1,0,0,pge:9319
PSF-011098,Mt. Magazine,35.163100,-93.642000,0,0,0,1,2,1,0,0,pge:9320
PSF-011099,Santa Maria in Valle Vigezzo,46.162700,8.475430,0,0,1,2,2,2,1,0,pge:9321
PSF-011100,Moirs Hill,-36.471100,174.586000,0,0,0,0,2,2,0,0,pge:9322
PSF-011101,Maioro,-37.325800,174.677000,0,0,0,0,0,2,1,0,pge:9323
PSF-011102,Mostar - Planinica,43.376000,17.772300,0,0,2,1,1,2,1,0,pge:9324
PSF-011103,Greenpoint Frankfort,44.593000,-86.223000,0,0,0,0,0,1,2,1,pge:9325
PSF-011104,Biljaca,43.550200,17.459200,0,0,0,0,2,2,1,0,pge:9326
PSF-011105,Kocerin,43.404700,17.451400,0,0,0,0,1,2,1,0,pge:9327
PSF-011106,Mostarsko blato,43.329000,17.707900,1,0,1,1,2,2,2,1,pge:9328
PSF-011107,Hatcher's Pass,61.761100,-149.314000,0,0,2,1,1,2,2,2,pge:9329
PSF-011108,Velars sur Ouches,47.301500,4.900500,0,1,2,0,0,0,2,0,pge:9332
PSF-011109,Baulme la Roche,47.348700,4.801500,0,0,0,0,0,2,0,0,pge:9333
PSF-011110,La Cote Chateau,46.942300,5.843800,2,1,0,0,0,0,0,0,pge:9334
PSF-011111,Sollifjellet,68.804800,16.374400,1,1,2,2,2,1,0,0,pge:9335
PSF-011112,KilhusaiÂ¿Â½sen,68.803100,16.452200,2,1,0,0,0,0,0,2,pge:9336
PSF-011113,Asker- Vardåsen,59.808300,10.417800,0,0,0,0,0,0,0,0,pge:9537
PSF-011114,Bærum- Haugskollen,59.946900,10.471100,0,0,0,0,0,0,0,0,pge:9538
PSF-011115,Bærum- Kirkerudbakken,59.901400,10.478900,0,0,0,0,0,0,0,0,pge:9539
PSF-011116,Bærum- Kolsåsbakken,59.931900,10.521100,0,0,0,0,0,0,0,0,pge:9540
PSF-011117,Bærum- Krydsbyløypa,59.951700,10.473100,0,0,0,0,0,0,0,0,pge:9541
PSF-011118,Bærum- Ramsåsen,59.907800,10.428300,0,0,0,0,0,0,0,0,pge:9542
PSF-011119,Bærum- Solfjellstua,59.942300,10.455900,0,0,0,1,2,2,1,0,pge:9543
PSF-011120,Berg gård - Kjeller ved Lillestrøm,59.978900,11.051400,0,0,0,0,0,0,0,0,pge:9545
PSF-011121,Fet-Hunes,59.765800,11.248300,0,0,0,0,0,0,0,0,pge:9546
PSF-011122,Hakadal,60.135000,10.827200,0,0,0,0,0,0,0,0,pge:9547
PSF-011123,Hedum- Lierfoss- Aurskog-Høland Kommune,59.951100,11.540800,0,0,0,0,0,0,0,0,pge:9548
PSF-011124,Hemnes-Kløv,59.808100,11.392500,0,0,0,0,0,0,0,0,pge:9549
PSF-011125,Hoel-Hemnes,59.743300,11.433900,0,0,0,0,0,0,0,0,pge:9550
PSF-011126,Hurdal alpinsenter,60.462200,11.075800,0,0,0,0,0,0,0,0,pge:9551
PSF-011127,Kjeller - skolebakke,59.976900,11.038300,0,0,0,0,0,0,0,0,pge:9552
PSF-011128,Kolsåstoppen- Bærum,59.917800,10.515800,0,0,0,0,0,0,0,0,pge:9553
PSF-011129,Kroer Mellom PPG - Kroer- Ã…s,59.642200,10.861700,0,0,0,0,0,0,0,0,pge:9554
PSF-011130,Lahaugmoen - skolebakke-Gjelleråsen,59.985300,10.958300,0,0,0,0,0,0,0,0,pge:9555
PSF-011131,Ã˜kern GÃ¥rd- NÃ¦r frogn kirke,59.702800,10.716900,0,0,0,0,0,0,0,0,pge:9556
PSF-011132,Sutterhol PPG - Kroer- Ã…s,59.633100,10.845600,0,0,0,0,0,0,0,0,pge:9558
PSF-011133,Varingskollen skisenter,60.093900,10.836100,0,0,0,0,0,0,0,0,pge:9559
PSF-011134,Ã…mli sentrum,58.774700,8.471390,0,0,0,0,0,0,0,0,pge:9560
PSF-011135,Ã…raksbÃ¸,58.913900,7.750000,0,0,0,0,0,0,0,0,pge:9561
PSF-011136,årdalsknaben,58.666700,7.833330,0,0,0,0,0,0,0,0,pge:9562
PSF-011137,berdalsbru-hovden,59.466100,7.393610,0,0,0,0,0,0,0,0,pge:9563
PSF-011138,Bygland,58.826900,7.801390,0,0,0,0,0,0,0,0,pge:9564
PSF-011139,einerfjell reddal-grimstad,58.350000,8.450000,0,0,0,0,0,0,0,0,pge:9565
PSF-011140,Gullknapp (Arendal) oppslep,58.515300,8.699440,0,0,0,0,0,0,0,0,pge:9566
PSF-011141,Havstad -Grimstad,58.331400,8.506390,0,0,0,0,0,0,0,0,pge:9567
PSF-011142,Hovden i Sætesdalen,59.580000,7.331390,0,0,0,0,0,0,0,0,pge:9568
PSF-011143,Kleivåsen ved Smedland,58.947800,8.211670,0,0,0,0,0,0,0,0,pge:9569
PSF-011144,lauåsvolden-grimstad-ppg,58.328100,8.563330,0,0,0,0,0,0,0,0,pge:9570
PSF-011145,molland- i Grimstad,58.318100,8.546670,0,0,0,0,0,0,0,0,pge:9571
PSF-011146,Nygrenda Grimstad ppg,58.347800,8.367500,0,0,0,0,0,0,0,0,pge:9572
PSF-011147,reddal vest,58.331400,8.450560,0,0,0,0,0,0,0,0,pge:9573
PSF-011148,Valle veststart- Setesdalen,59.206700,7.558330,0,0,0,0,0,0,0,0,pge:9574
PSF-011149,Ã…l- skianlegget,60.660600,8.529720,0,0,0,0,0,0,0,0,pge:9575
PSF-011150,Ã…rtun- landing for Fekjan,60.516700,9.163610,0,0,0,0,0,0,0,0,pge:9576
PSF-011151,Ã…sa,60.126400,10.394900,0,0,0,0,0,0,2,0,pge:9577
PSF-011152,Ã…sen - Veggli,60.050800,9.115830,0,0,0,0,0,0,0,0,pge:9578
PSF-011153,Borofjell- Sigdal,60.091100,9.387780,0,0,0,0,0,0,0,0,pge:9579
PSF-011154,Bufjellnatten,60.001900,9.358610,0,0,0,0,0,0,0,0,pge:9580
PSF-011155,Bukollen,60.432500,9.804170,0,0,0,0,0,0,0,0,pge:9581
PSF-011156,Dagali- Seterdalen- Gvonnestulberget,60.407200,8.293330,0,0,0,0,0,0,0,0,pge:9582
PSF-011157,Drammen - Eggekollen,59.826400,10.189700,0,0,0,2,2,1,0,0,pge:9583
PSF-011158,Drammen- Lindum,59.686100,10.281900,0,0,0,0,0,0,0,0,pge:9584
PSF-011159,Drammen- Solbergåsen,59.769400,10.050000,0,0,2,2,0,0,0,0,pge:9585
PSF-011160,Drammen- Solbergåsen- nedre PG-start ved antenne,59.771700,10.055000,0,0,0,2,0,0,0,0,pge:9586
PSF-011161,Drøgitn- Tuv- Hemsedal,60.888100,8.486110,0,0,0,0,2,2,0,0,pge:9587
PSF-011162,Eggedal sørstart,60.265000,9.314440,0,0,0,2,2,2,0,0,pge:9588
PSF-011163,Fagerfjell skitrekk-Blefjell- Flesberg,59.830800,9.311670,0,0,0,0,0,0,0,0,pge:9589
PSF-011164,Fetjan - Rollag,60.011400,9.268060,0,0,0,0,0,0,0,0,pge:9590
PSF-011165,Flesberg- Blåberg,59.856700,9.361940,0,0,0,2,2,0,0,0,pge:9591
PSF-011166,Funkelia- Kongsberg,59.657500,9.599170,0,2,2,2,0,0,0,0,pge:9592
PSF-011167,Geilo- Vestlia Skisenter,60.516700,8.197780,0,0,0,0,0,0,0,0,pge:9593
PSF-011168,Geilotoppen(Geilo),60.539700,8.194170,0,2,2,2,2,2,2,0,pge:9594
PSF-011169,Gol - Flatagrov,60.694700,8.840560,0,0,0,1,2,2,1,0,pge:9595
PSF-011170,Gol - Skisenteret,60.709400,8.886670,0,0,0,0,0,0,0,0,pge:9596
PSF-011171,Hemsedal- Grøndalen- Nedre start,60.932200,8.433330,0,0,0,0,2,2,2,2,pge:9597
PSF-011172,Hemsedal- GrÃ¸ndalen- Ã˜vre start- Sogglarberget,60.937200,8.432780,0,0,0,2,2,2,2,2,pge:9598
PSF-011173,Hemsedal- Groendalen- Solheisen,60.923300,8.450000,0,0,0,1,2,2,2,1,pge:9599
PSF-011174,Hemsedal- Grøndalen- Solheisen- Fjellheisen,60.925300,8.453890,0,0,0,0,0,2,2,2,pge:9600
PSF-011175,Hemsedal- Hydnefossen,60.801400,8.628060,0,0,0,0,0,0,0,0,pge:9601
PSF-011176,Hemsedal- Lauvdalsbrea- Blåbergi,60.768300,8.390280,0,0,0,0,0,0,0,0,pge:9602
PSF-011177,Hemsedal- Reineskarvet,60.761100,8.307220,0,0,0,1,2,1,0,0,pge:9603
PSF-011178,Hemsedal- Roniheisen,60.859200,8.471390,0,0,0,0,0,0,0,0,pge:9604
PSF-011179,Hemsedal- Skisenter- Fjellheisen,60.844200,8.504170,0,0,0,0,0,0,0,0,pge:9605
PSF-011180,Hemsedal- Skogshorn,60.880000,8.693060,0,0,0,0,0,0,0,0,pge:9606
PSF-011181,Hemsedal- Tinden,60.834700,8.495560,0,0,0,0,0,2,2,0,pge:9607
PSF-011182,Hemsedal- Totten (2),60.838300,8.535560,0,0,0,0,0,0,0,0,pge:9608
PSF-011183,Hemsedal- Totten 1,60.850000,8.513890,0,0,0,0,0,0,0,0,pge:9609
PSF-011184,Hol- Rui,60.605000,8.346390,0,0,0,0,0,0,0,0,pge:9610
PSF-011185,Holsåsen,60.631400,8.310280,0,0,0,0,0,0,0,0,pge:9611
PSF-011186,Hovdebøfjell- Heistad,59.577800,9.748610,0,0,0,0,0,0,0,0,pge:9612
PSF-011187,Hvittingfoss Bergerbakken,59.501100,10.002500,0,0,0,2,2,0,0,0,pge:9613
PSF-011188,Hvittingfoss Brudeberget,59.494700,9.824440,2,2,0,0,0,0,0,0,pge:9614
PSF-011189,Hvittingfoss Føskekollen,59.481400,9.939170,2,2,0,0,0,0,0,2,pge:9615
PSF-011190,Hvittingfoss Groetterud,59.504700,9.996940,0,0,0,2,2,2,0,0,pge:9616
PSF-011191,Hvittingfoss Hajeren,59.509400,9.970280,0,0,0,0,0,2,2,0,pge:9617
PSF-011192,Hvittingfoss Kulen på Grøtterudlandingen,59.496400,9.994170,0,0,0,2,2,2,0,0,pge:9618
PSF-011193,Hvittingfoss og Kongsberg- Bjerknes,59.590600,9.831670,0,0,0,0,0,2,2,0,pge:9619
PSF-011194,Hvittingfoss Rudskollen,59.493600,9.818330,2,2,0,0,0,0,0,2,pge:9620
PSF-011195,Kalveskallen - Hol,60.646900,8.203610,0,0,0,0,0,0,0,0,pge:9621
PSF-011196,Klanten flyplass,60.790000,9.058330,0,0,0,0,0,0,0,0,pge:9622
PSF-011197,Kongsberg- Barbrokollen,59.679400,9.616670,0,0,0,0,0,0,0,0,pge:9623
PSF-011198,Kongsberg- Jondalen,59.714700,9.524170,0,0,0,0,0,0,0,0,pge:9624
PSF-011199,Kongsberg- Jonsknuten,59.670800,9.521940,0,0,0,0,0,0,0,0,pge:9625
PSF-011200,LANDFALÃ˜YA,59.750000,10.168300,0,0,0,0,0,0,0,0,pge:9626
PSF-011201,Leinenøse- Hemsedal,60.905800,8.538610,0,0,0,0,0,0,0,0,pge:9627
PSF-011202,Liabergstølen (Sisseldalen)- Hovet (Hol),60.631100,8.127500,0,0,0,0,0,0,0,0,pge:9628
PSF-011203,Liagardene- Ã…l,60.667500,8.634440,0,0,0,0,0,0,0,0,pge:9629
PSF-011204,Loråsen ved Steinsfjorden,60.105600,10.306900,0,0,0,0,0,0,0,0,pge:9630
PSF-011205,Mansætra,60.560300,9.680560,0,0,2,2,2,0,0,0,pge:9631
PSF-011206,Nes- Fekjan (Påverud),60.517800,9.141110,0,0,0,0,0,0,0,0,pge:9632
PSF-011207,Nesbyen,60.576100,9.145280,0,0,0,0,0,0,0,0,pge:9633
PSF-011208,Nesbyen Alpinsenter,60.530300,9.052220,0,0,0,0,0,0,0,0,pge:9634
PSF-011209,Nilstad Gård Tuv-Hemsedal,60.873300,8.495280,0,0,0,0,0,0,0,0,pge:9635
PSF-011210,Norefjell,60.221100,9.573610,0,0,0,0,0,0,0,0,pge:9636
PSF-011211,Ã˜vre Eiker- Knivfjell,59.852200,9.933330,0,0,0,2,2,2,2,2,pge:9637
PSF-011212,Ã˜vre Eiker- Ruud gÃ¥rd nÃ¦r Krekling (M),59.652800,9.728890,0,0,0,0,0,0,0,0,pge:9638
PSF-011213,PG-Berget,60.711100,9.011670,0,0,0,0,0,0,0,0,pge:9639
PSF-011214,Prestegård-tveita Uvdal,60.260000,8.832500,0,0,0,0,0,0,0,0,pge:9640
PSF-011215,Prestholt,60.555600,8.064440,0,0,0,0,0,0,0,0,pge:9641
PSF-011216,Ringerudkollen,60.388900,10.030600,2,2,2,2,1,0,0,0,pge:9642
PSF-011217,Rødberg- Skarvestølen,60.257200,9.028330,0,0,0,0,0,0,0,0,pge:9643
PSF-011218,Rødberg-Lykkjeåsen,60.268100,8.992500,0,0,0,0,0,0,0,0,pge:9644
PSF-011219,Ryghåsen- Nordstarten,59.741900,10.057200,0,0,0,0,0,0,0,0,pge:9645
PSF-011220,RyghÃ¥sen-NÃ˜ starten,59.740000,10.058900,0,2,0,0,0,0,0,0,pge:9646
PSF-011221,Skagsåsen,60.102800,9.080830,0,0,0,0,0,0,0,0,pge:9647
PSF-011222,Skavlem - Veggli,60.075300,9.103060,0,0,0,0,0,0,0,0,pge:9648
PSF-011223,Skavlemsetra Veggli,60.064200,9.093890,0,0,0,0,0,0,0,0,pge:9649
PSF-011224,Skurvefjell- Hemsedal,60.888100,8.603610,0,0,0,0,0,0,0,0,pge:9650
PSF-011225,Slettenøse- Hemsedal,60.913600,8.411940,0,0,0,0,0,0,0,0,pge:9651
PSF-011226,Smylinatten Eidsfjell,60.090600,9.007500,0,0,0,0,0,0,0,0,pge:9652
PSF-011227,Stuv- Hovet (Hol),60.631100,8.158060,0,0,0,0,0,0,0,0,pge:9653
PSF-011228,Sundvollen,60.053300,10.322000,2,1,0,0,0,1,2,2,pge:9654
PSF-011229,Tannberg i Uvdal,60.270600,8.611110,0,0,0,0,0,0,0,0,pge:9655
PSF-011230,Tempelseter- Nordnatten- Eggedal,60.271700,9.401940,0,0,0,0,0,0,0,0,pge:9656
PSF-011231,Tveitåsen Veggli (Numedal),60.043300,9.115000,0,0,0,0,0,0,0,0,pge:9657
PSF-011232,Tveitåsen-2 Veggli,60.055300,9.104720,0,0,0,0,0,0,0,0,pge:9658
PSF-011233,Urundberget- Geilo,60.533600,8.129170,0,0,0,0,0,0,0,0,pge:9659
PSF-011234,Usteberget(Geilo),60.476900,8.048890,0,0,0,0,0,0,0,0,pge:9660
PSF-011235,Uvdal - Gauksettnatten,60.279200,8.716670,0,0,0,0,2,2,0,0,pge:9661
PSF-011236,Uvdal- Grekkvar,60.269200,8.837220,0,0,0,0,2,2,0,0,pge:9662
PSF-011237,Uvdal- Haugåsen,60.246400,8.785560,2,0,0,0,0,0,0,2,pge:9663
PSF-011238,Uvdal- Imingfjell,60.265800,8.563060,2,2,0,0,0,0,2,0,pge:9664
PSF-011239,Uvdal- Tannberg,60.269400,8.635000,0,0,0,0,0,2,2,2,pge:9665
PSF-011240,Verket sandtak- Hurum,59.614700,10.431700,0,0,0,0,0,0,0,0,pge:9666
PSF-011241,Vikersund,59.938300,10.006100,0,0,0,0,0,0,0,0,pge:9667
PSF-011242,Vikersund Alpinsenter,59.966900,10.039200,0,0,0,0,0,0,0,0,pge:9668
PSF-011243,Vikersund hoppbakke,59.938600,10.006700,0,0,0,0,0,0,0,0,pge:9669
PSF-011244,Alta Alpinsenter,70.041700,23.538600,0,0,0,0,0,0,0,0,pge:9670
PSF-011245,Ã…uovvarnjunni- Repparfjord,70.458600,24.347200,0,0,0,0,0,0,0,0,pge:9671
PSF-011246,Auskarnes- Alta,69.961900,23.138300,0,0,0,0,0,0,0,0,pge:9672
PSF-011247,Båtsfjord- Spira,70.538300,30.631400,0,0,0,0,0,0,0,0,pge:9673
PSF-011248,Bøttafjellet - Falleberget ved SKAIDI,70.478900,24.468600,0,0,0,0,0,0,0,0,pge:9674
PSF-011249,Detsika- Alta,69.875000,23.333300,0,0,0,0,0,0,0,0,pge:9675
PSF-011250,Djupvikhauan- Kviby,70.108300,23.365600,0,0,0,0,0,0,0,0,pge:9676
PSF-011251,Goalsenjunis- Levajok,69.828100,26.255300,0,0,0,0,0,0,0,0,pge:9677
PSF-011252,Hasvik- Håen,70.476900,22.130800,0,0,0,0,0,0,0,0,pge:9678
PSF-011253,Hasvik- Navaren,70.497800,22.163900,0,0,0,0,0,0,0,0,pge:9679
PSF-011254,Kautokeino flystripe- PPG start,69.040000,23.033600,0,0,0,0,0,0,0,0,pge:9680
PSF-011255,Komsatoppen- Alta,69.984400,23.282500,0,0,0,0,0,0,0,0,pge:9681
PSF-011256,Leirbotnvann- lavstarten- Alta,70.123600,23.572200,0,0,0,0,0,0,0,0,pge:9682
PSF-011257,Levdunfjellet- Sennaland,70.156900,23.744400,0,0,0,0,0,0,0,0,pge:9683
PSF-011258,Okseberget- Sennaland,70.166700,23.866700,0,0,0,0,0,0,0,0,pge:9684
PSF-011259,Peskafjellet,69.852800,23.275000,0,0,0,0,0,0,0,0,pge:9685
PSF-011260,Sennaland- Hæstavarri,70.173900,23.810000,0,0,0,0,0,0,0,0,pge:9686
PSF-011261,Steikbukta- Skillefjordnes,70.159700,23.287200,0,0,0,0,0,0,0,0,pge:9687
PSF-011262,Storfjellet- Kåfjord- Alta,69.946900,23.004400,0,0,0,0,0,0,0,0,pge:9688
PSF-011263,Ã…sen-Sandstrand,68.676900,16.827800,0,0,0,0,0,0,0,0,pge:9689
PSF-011264,Harstad Storhornet,68.827200,16.216100,2,2,2,0,0,0,2,2,pge:9690
PSF-011265,Harstad- SamaiÂ¿Â½sen,68.810300,16.526400,2,2,0,0,0,0,0,0,pge:9691
PSF-011266,Akselvorda ved Eldåvollen,61.364200,10.823100,0,0,0,0,0,0,0,0,pge:9692
PSF-011267,Deifjellet,61.290600,11.558600,0,0,0,0,0,0,0,0,pge:9693
PSF-011268,Engersjøen- Engerdal,61.635300,12.033100,0,0,0,0,0,0,0,0,pge:9694
PSF-011269,Gjersåsen- Arneberg,60.577200,12.096700,0,0,0,0,0,0,0,0,pge:9695
PSF-011270,Ã…rneseth Volda,62.144700,6.097500,0,0,0,0,0,0,0,0,pge:9696
PSF-011271,Betna,63.076900,8.430280,0,0,0,0,0,0,0,0,pge:9697
PSF-011272,Bodø Skjerstad Ljønes,67.236100,14.995300,0,0,0,0,0,0,0,0,pge:9698
PSF-011273,Ferista,63.417200,10.340800,0,0,0,0,0,0,0,0,pge:9699
PSF-011274,Fiplingdalen- Golverfjellet - Nord,65.350300,13.658900,0,0,0,0,0,0,0,0,pge:9700
PSF-011275,Fjelltur til Saudehornet,62.196700,6.126940,0,0,0,0,0,0,0,0,pge:9701
PSF-011276,Fonn-Jølster,61.621900,6.727500,0,0,0,0,0,0,0,0,pge:9702
PSF-011277,Fræna- Trondalen- Rødalen,62.850600,7.366110,0,0,0,0,0,0,0,0,pge:9703
PSF-011278,Gallen-Fonn-Jølster,61.583300,6.760280,0,0,0,0,0,0,0,0,pge:9704
PSF-011279,Gautefall,59.054700,8.733890,0,0,0,0,0,0,0,2,pge:9705
PSF-011280,Gråhorga,59.640000,5.698060,0,0,0,0,0,0,0,0,pge:9706
PSF-011281,Haugastøylen i Stardalen.Jølster,61.623900,6.668330,0,0,0,0,0,0,0,0,pge:9707
PSF-011282,Hellemobotn-musken,67.812200,16.500800,0,0,0,0,0,0,0,0,pge:9708
PSF-011283,Kaldekari-Jostedalsbreen,61.555000,6.767220,0,0,0,0,0,0,0,0,pge:9710
PSF-011284,Kallhovda- Masfjorden,60.922200,5.450000,0,1,2,2,2,0,0,0,pge:9711
PSF-011285,Keipen Aunfjellet,68.856400,16.335600,0,0,0,0,0,2,2,0,pge:9712
PSF-011286,Klåpheia- Andørja,68.923600,17.220000,0,0,0,0,0,0,0,0,pge:9713
PSF-011287,Kvamsøy- Sande,62.210300,5.370280,0,0,0,0,0,0,0,0,pge:9714
PSF-011288,Kvannebakknova-Befringsdalen-Jølster,61.568900,6.688610,0,0,0,0,0,0,0,0,pge:9715
PSF-011289,Leikanger- Frækaland,61.192200,6.809170,0,0,0,0,0,0,0,0,pge:9716
PSF-011290,Leikanger- Skaftestad,61.189200,6.792780,0,0,0,0,0,0,0,0,pge:9717
PSF-011291,Lista ( flyplas),58.091100,6.644170,0,0,0,0,0,0,0,0,pge:9718
PSF-011292,Litjehompen bak Stornaustet tell han far..,68.311900,15.654200,0,0,0,0,0,0,0,0,pge:9719
PSF-011293,Lyngen,69.436400,19.851400,0,0,0,0,0,0,0,0,pge:9720
PSF-011294,Oldeskars vannet,61.655800,6.748610,0,0,0,0,0,0,0,0,pge:9721
PSF-011295,Skardmodalen- Hanstinden,65.504700,14.337800,0,0,0,0,0,0,0,0,pge:9723
PSF-011296,Skogn idrettshall - Alvestad,63.698900,11.203900,0,0,0,0,0,0,0,0,pge:9724
PSF-011297,Todalen,62.817500,8.692500,0,0,0,0,0,0,0,0,pge:9726
PSF-011298,Tosbotn- Tosdalen pkt. 923 m,65.288100,13.098100,0,0,0,0,0,0,0,0,pge:9727
PSF-011299,Troms- Tromsø- Kvaløyvågen,69.841100,18.778600,0,0,0,0,0,0,0,0,pge:9728
PSF-011300,Tromsø- Breivikeidet- Nakkeenden,69.648100,19.702500,0,0,0,0,0,0,0,0,pge:9729
PSF-011301,Værøy- Håheia,67.665800,12.632200,0,0,0,0,0,0,0,0,pge:9730
PSF-011302,Vassfaret - Sæterknatten (Hedalen),60.552800,9.553610,0,0,0,0,2,0,0,0,pge:9731
PSF-011303,"Hemnes, Veten",66.202500,13.750000,0,1,2,1,0,0,0,0,pge:9732
PSF-011304,Vikebukt - Hjelsetnakken,62.596400,7.167220,0,0,0,0,0,0,0,0,pge:9733
PSF-011305,Vrådal- Fagerliheii - Telemark - Norway,59.275600,8.543060,0,0,0,0,2,2,2,0,pge:9734
PSF-011306,savigny sous malain,47.337500,4.754100,0,0,0,1,2,1,0,0,pge:9735
PSF-011307,les trois croix,46.919700,4.669700,0,2,0,2,0,0,0,0,pge:9736
PSF-011308,Ghosta,33.994600,35.669000,0,0,0,0,1,2,2,1,pge:9739
PSF-011309,Anning,24.968100,102.402000,0,0,0,0,2,2,1,0,pge:9740
PSF-011310,Mont-Sainte-Anne,47.080700,-70.934700,0,0,2,2,0,2,0,1,pge:9741
PSF-011311,Little Yancey,35.015900,-95.073100,0,0,0,1,2,1,0,0,pge:9743
PSF-011312,Lernaglukh,40.594200,44.470400,0,0,2,0,2,0,0,0,pge:9744
PSF-011313,Bicas,38.462300,-9.192800,1,0,0,0,0,0,1,2,pge:9745
PSF-011314,Meco,38.486600,-9.183500,0,0,0,0,0,0,2,2,pge:9746
PSF-011315,Fonte da Telha,38.561100,-9.188900,0,0,0,0,0,1,2,1,pge:9747
PSF-011316,Paraglider Park Aoki,36.376300,138.096000,0,0,1,2,2,1,0,0,pge:9749
PSF-011317,Kameoka -Birds -Air Park Kyoto,35.073700,135.582000,0,0,0,0,0,2,2,1,pge:9750
PSF-011318,Asagiri -DK Skygym,35.412900,138.570000,0,0,2,2,2,2,0,0,pge:9751
PSF-011319,Jasper,35.925600,-93.163500,0,0,0,2,2,0,0,0,pge:9752
PSF-011320,Miziara,34.342700,35.926400,0,0,0,0,0,0,1,1,pge:9753
PSF-011321,Tupandi - Morro da Manteiga,-29.481700,-51.398200,0,0,0,2,2,2,0,0,pge:9754
PSF-011322,Short Mountain,35.303100,-93.770800,0,0,0,0,2,1,0,0,pge:9755
PSF-011323,Davos - Weissfluhjoch -2650,46.831900,9.805500,0,0,0,2,0,0,0,0,pge:9759
PSF-011324,Davos - Weissfluhgipfel -2820,46.834400,9.795600,2,0,0,0,2,0,0,0,pge:9760
PSF-011325,Davos - Schatzalp -1980,46.804900,9.816500,0,0,2,2,2,0,0,0,pge:9761
PSF-011326,rig cheshmeh,37.120400,55.480300,2,2,0,2,2,2,0,2,pge:9762
PSF-011327,zangolab,37.194500,55.444300,2,0,0,0,2,2,2,2,pge:9764
PSF-011328,cheragh tappeh,37.224100,55.390800,2,0,0,0,0,0,2,2,pge:9765
PSF-011329,Pat Sin,22.510500,114.212000,0,0,0,2,2,2,0,0,pge:9766
PSF-011330,Ma On Shan,22.391200,114.253000,0,2,2,2,0,0,0,0,pge:9767
PSF-011331,Cloudy Hills,22.475500,114.170000,0,0,0,2,0,0,0,0,pge:9768
PSF-011332,Pak Tam Au,22.422800,114.323000,2,2,0,0,0,0,0,0,pge:9769
PSF-011333,Shek-O (Dragon's Back),22.240000,114.242000,0,1,2,1,0,0,0,0,pge:9770
PSF-011334,Ush Konyr,43.126900,76.465300,2,2,0,0,0,0,0,2,pge:9773
PSF-011335,Oksky siezd,56.303300,43.970900,0,0,0,0,0,0,2,1,pge:9774
PSF-011336,Surikova,56.278100,43.973100,0,0,0,0,1,2,1,0,pge:9775
PSF-011337,Minina,56.330100,44.009200,2,1,0,0,0,0,0,0,pge:9776
PSF-011338,Afonino,56.256300,44.099000,0,0,2,0,0,0,0,0,pge:9777
PSF-011339,Aguda,38.850100,-9.454880,0,0,0,0,0,0,2,2,pge:9779
PSF-011340,Alcobertas,39.431300,-8.917630,1,1,2,2,1,1,1,1,pge:9780
PSF-011341,Almargem do Bispo,38.845200,-9.283210,0,0,0,0,0,0,0,0,pge:9781
PSF-011342,AlqueidaÂ£o,39.644100,-8.497080,0,0,0,0,0,0,0,0,pge:9782
PSF-011343,Alvados,39.543500,-8.787240,0,2,2,0,0,0,0,0,pge:9783
PSF-011344,Alvaiazere,39.822100,-8.414070,0,0,0,0,0,0,0,0,pge:9784
PSF-011345,Areão,40.523600,-8.771940,0,0,0,0,0,0,0,0,pge:9786
PSF-011346,Arrabida,38.489700,-8.975900,0,0,0,2,2,2,0,0,pge:9789
PSF-011347,Arrimal,39.478100,-8.877780,0,0,0,0,0,0,0,0,pge:9791
PSF-011348,Arruda Leste,38.991100,-9.096570,0,1,2,0,0,0,0,0,pge:9792
PSF-011349,Arruda Moinho,38.979600,-9.100590,0,0,0,0,0,0,0,0,pge:9793
PSF-011350,Arruda Nordeste,38.992300,-9.098030,1,2,1,0,0,0,0,0,pge:9794
PSF-011351,Azinha,40.430700,-7.455400,0,0,0,1,2,2,1,0,pge:9795
PSF-011352,Caldelas,41.658600,-8.359230,0,0,0,0,1,2,2,2,pge:9796
PSF-011353,Cardos,38.815300,-9.309380,0,0,0,0,0,0,0,0,pge:9797
PSF-011354,Castelo de Vide,39.400800,-7.459040,0,0,0,0,1,2,1,0,pge:9798
PSF-011355,Cerdal PPD,41.972900,-8.578210,1,0,0,0,0,1,2,2,pge:9799
PSF-011356,Covilhã PPD,40.288600,-7.538910,0,0,0,0,0,0,0,0,pge:9800
PSF-011357,Fonte Coberta,40.078100,-8.463250,2,1,0,0,0,0,1,2,pge:9801
PSF-011358,Foz do Lizandro,38.945500,-9.414530,0,0,0,0,0,0,0,0,pge:9802
PSF-011359,Góis,40.181100,-8.001550,0,0,1,2,2,1,0,0,pge:9803
PSF-011360,Gralha,39.522600,-9.131630,0,0,0,0,0,0,2,1,pge:9804
PSF-011361,Larouco Sul,41.879800,-7.720980,0,0,2,2,2,0,0,0,pge:9805
PSF-011362,Larouco Norte,41.916300,-7.714610,2,1,0,0,0,0,0,1,pge:9806
PSF-011363,Linhares 1,40.532700,-7.445560,1,0,0,0,0,1,2,2,pge:9807
PSF-011364,Linhares 2,40.536500,-7.443520,0,0,0,0,0,0,0,0,pge:9808
PSF-011365,Linhares 3,40.539800,-7.443780,0,0,0,0,0,0,0,0,pge:9809
PSF-011366,Lousã - Pico da Ortiga,40.104500,-8.209210,0,0,0,0,0,0,0,0,pge:9810
PSF-011367,Mangualde,40.471600,-7.541390,0,0,0,0,0,0,0,0,pge:9811
PSF-011368,Minde,39.507900,-8.695130,1,2,1,0,0,0,0,0,pge:9812
PSF-011369,Mirandela - S/SW,41.458400,-7.298030,0,0,0,1,2,2,0,0,pge:9813
PSF-011370,Mirandela W,41.465300,-7.333580,0,0,0,0,0,1,2,2,pge:9814
PSF-011371,Montejunto NE,39.179000,-9.041530,0,0,0,0,0,0,0,0,pge:9815
PSF-011372,Obidos,39.425100,-9.238370,2,1,0,0,0,0,1,2,pge:9816
PSF-011373,Pedrulha,40.238700,-8.446200,0,0,0,0,0,0,0,0,pge:9817
PSF-011374,Pinheiro da Cruz,38.235200,-8.771740,0,0,0,0,0,1,2,1,pge:9818
PSF-011375,Polvoeira,39.706500,-9.049450,0,0,0,0,0,2,1,0,pge:9819
PSF-011376,Pombinho,37.730700,-8.705060,0,0,0,0,0,0,0,0,pge:9820
PSF-011377,Pombinho - alunos,37.730300,-8.710290,0,0,0,0,0,0,0,0,pge:9821
PSF-011378,Pombinho 2,37.731200,-8.708510,0,0,0,0,0,0,0,0,pge:9822
PSF-011379,Porto da Espada,39.348300,-7.335090,0,0,0,0,0,0,0,0,pge:9823
PSF-011380,Redinha,39.974100,-8.552670,1,0,0,0,0,1,2,2,pge:9826
PSF-011381,Salgado,39.543600,-9.107600,2,1,0,0,0,0,1,2,pge:9827
PSF-011382,Santa Cruz-Santa Rita,39.164300,-9.362470,0,0,0,0,0,0,2,0,pge:9828
PSF-011383,Serra Boa Viagem,40.208800,-8.882540,2,1,0,0,0,0,1,2,pge:9829
PSF-011384,Serro Ventoso,39.549600,-8.867620,0,0,0,0,0,0,0,0,pge:9830
PSF-011385,Serro Ventoso - Moinhos,39.528500,-8.856950,0,0,0,0,0,0,0,0,pge:9831
PSF-011386,Sra da Graça,41.416400,-7.916800,2,0,0,0,1,2,2,2,pge:9833
PSF-011387,Aucun,42.990200,-0.196374,1,1,1,1,0,0,1,1,pge:9835
PSF-011388,carlosparaglideclub,45.394100,-75.671800,2,2,2,2,2,2,2,2,pge:9837
PSF-011389,Gashena,11.813600,39.056400,1,0,0,0,0,0,1,2,pge:9838
PSF-011390,yuxi,24.413800,102.606000,0,0,0,0,2,2,1,0,pge:9839
PSF-011391,Yang Zhong Hai,24.960900,102.990000,0,2,2,2,0,0,0,0,pge:9840
PSF-011392,Haikou,24.867000,102.626000,0,0,2,2,1,2,2,2,pge:9842
PSF-011393,Spil Karlik,38.566700,27.412600,2,1,1,0,0,0,1,1,pge:9843
PSF-011394,Mirkovac,45.704700,18.792100,2,1,2,1,2,1,2,1,pge:9844
PSF-011395,Vero,42.072100,8.907400,0,0,0,1,1,2,2,1,pge:9845
PSF-011396,Shumen,43.257500,26.925800,2,2,2,2,2,0,0,0,pge:9846
PSF-011397,Madara,43.283000,27.120000,0,0,0,0,0,0,2,2,pge:9847
PSF-011398,El Olimpo,9.223170,-70.672500,0,0,0,0,0,0,0,2,pge:9848
PSF-011399,Minakami ('Grand-Volee'),36.683200,139.018000,0,0,0,1,2,1,0,0,pge:9849
PSF-011400,La Malinche,18.922600,-99.597200,1,0,0,2,2,2,1,1,pge:9851
PSF-011401,Guna montain,11.738000,38.249800,0,0,2,0,0,0,0,0,pge:9852
PSF-011402,El Picacho - Malinalco,19.007800,-99.470900,0,0,1,2,2,1,0,0,pge:9853
PSF-011403,Diki Danda,28.290900,83.978700,0,0,0,1,2,1,0,0,pge:9854
PSF-011404,McGee (Owens Valley),37.589400,-118.818000,1,2,1,0,0,0,0,0,pge:9855
PSF-011405,Yelapa Tapita,20.484200,-105.445000,2,0,0,0,0,0,0,0,pge:9856
PSF-011406,Yelapa Tapa,20.474000,-105.461000,0,1,1,0,0,0,0,0,pge:9857
PSF-011407,La Lunette,45.142500,5.419400,2,0,0,0,0,0,0,0,pge:9858
PSF-011408,Mount Sentinel,46.852400,-113.965000,1,0,0,0,0,1,2,2,pge:9860
PSF-011409,Alain's Krantz,-33.150000,26.290000,2,2,2,0,0,0,0,0,pge:9861
PSF-011410,Kamala,-32.400000,25.280000,0,0,0,0,0,0,0,0,pge:9863
PSF-011411,Faraya - Wardeh,33.991200,35.874800,1,0,0,0,0,0,1,2,pge:9864
PSF-011412,Valle de Bravo - El Peñon,19.061600,-100.091000,1,0,0,1,2,2,2,1,pge:9867
PSF-011413,Keel Mountain (Huntsville),34.680600,-86.383200,2,1,0,0,0,0,1,2,pge:9868
PSF-011414,Cherry Tree,34.624400,-86.376600,0,0,0,0,1,2,2,0,pge:9870
PSF-011415,Jenkins (Birmingham),33.908800,-86.282500,0,0,1,2,2,0,0,0,pge:9871
PSF-011416,Parafield,35.054500,139.033000,1,1,1,1,0,0,0,0,pge:9872
PSF-011417,Boville Ernica,41.640400,13.471800,0,0,1,2,2,2,1,0,pge:9873
PSF-011418,tangerah,37.417800,55.738100,0,0,0,1,2,2,2,1,pge:9874
PSF-011419,Aseman students site,37.231200,55.409500,2,0,0,0,2,2,2,2,pge:9875
PSF-011420,Boulder,40.056100,-105.300000,0,2,2,2,1,0,0,0,pge:9876
PSF-011421,Dejen,10.241800,38.095800,0,0,0,1,2,1,0,0,pge:9877
PSF-011422,Bell Hill,50.875300,-2.289660,1,0,0,0,0,0,0,2,pge:9878
PSF-011423,Nandi Hills,13.372000,77.685300,2,2,0,2,2,2,0,2,pge:9880
PSF-011424,north mountain sunset dam,34.028300,108.919000,0,0,0,0,0,2,2,2,pge:9883
PSF-011425,Geertson Cr. Mail Road,45.225000,-113.718000,0,0,0,2,2,2,0,0,pge:9884
PSF-011426,Bar-sur-Aube,48.218400,4.699530,0,0,2,0,0,0,0,0,pge:9885
PSF-011427,Postavaru Mountain,45.567500,25.564000,2,1,0,1,2,1,0,1,pge:9886
PSF-011428,Bunloc,45.589500,25.664200,2,1,0,0,0,0,0,2,pge:9887
PSF-011429,Lempes,45.717400,25.653400,0,0,2,0,2,2,2,0,pge:9888
PSF-011430,Bandipur,27.939100,84.396700,0,0,0,0,0,2,0,0,pge:9889
PSF-011431,Galem,28.180000,83.859600,0,0,0,0,0,0,0,0,pge:9894
PSF-011432,Sirkot,28.022600,83.732500,0,0,0,1,2,1,0,0,pge:9896
PSF-011433,Edgewater,41.487300,-81.747700,2,2,0,0,0,0,0,0,pge:9908
PSF-011434,Campitello-Canazei-Belvedere,46.474600,11.800000,0,0,0,0,1,2,2,1,pge:9910
PSF-011435,Rubidoux - The Rock,34.014500,-117.415000,0,0,0,0,0,1,2,1,pge:9911
PSF-011436,Rondebosh,-33.961100,24.787900,1,2,2,1,1,2,1,0,pge:9912
PSF-011437,Abdalajis -Levante -CLOSED! (Malaga),36.931600,-4.720700,0,0,0,2,2,0,0,0,pge:9915
PSF-011438,Abdalajis -la Capilla -CLOSED!,36.952100,-4.712340,2,0,0,0,0,0,0,2,pge:9916
PSF-011439,Abdalajis -Poniente -CLOSED!,36.954200,-4.763660,1,0,0,0,0,0,1,2,pge:9917
PSF-011440,Teba Poniente,36.979800,-4.926240,2,0,0,0,2,0,1,2,pge:9918
PSF-011441,Mt Herman,39.082000,-104.925000,1,2,2,1,0,0,0,0,pge:9919
PSF-011442,Miraflores,-12.125900,-77.037500,0,0,0,0,1,2,1,0,pge:9920
PSF-011443,Morrinhos do Sul,-29.339200,-49.965100,1,2,2,2,0,0,0,0,pge:9923
PSF-011444,Castro,41.579100,28.151600,1,2,1,0,0,0,0,0,pge:9924
PSF-011445,Kiyikoy,41.637500,28.096000,2,1,0,0,0,0,0,0,pge:9925
PSF-011446,Sile,41.169400,29.637500,1,2,1,0,0,0,0,1,pge:9926
PSF-011447,Uçmakdere,40.812800,27.371900,0,0,1,2,2,2,1,0,pge:9927
PSF-011448,Gebze,40.777000,29.510300,0,0,0,0,1,2,0,0,pge:9928
PSF-011449,Bozdag,38.303000,28.044800,0,0,0,0,1,2,0,0,pge:9929
PSF-011450,Tupandi NE,-29.480400,-51.393500,1,2,1,0,0,0,0,0,pge:9930
PSF-011451,Esenli,38.170700,28.141000,1,0,0,0,0,0,1,2,pge:9931
PSF-011452,Kasay beach flight park,13.467400,120.719000,1,1,1,0,0,0,0,0,pge:9932
PSF-011453,Dingalan,15.383800,121.409000,0,2,2,0,0,0,0,0,pge:9933
PSF-011454,Montalban,14.725100,121.167000,0,0,0,0,0,2,2,0,pge:9934
PSF-011455,Nabas,11.815900,122.095000,0,2,2,2,0,0,0,0,pge:9935
PSF-011456,Bassano -East (Antenne),45.811600,11.744200,0,0,2,2,2,0,0,0,pge:9936
PSF-011457,Box Canyon (Tucson),31.817200,-110.787000,2,0,0,0,0,2,2,2,pge:9937
PSF-011458,Mustang,31.703600,-110.493000,0,0,0,0,1,2,1,0,pge:9938
PSF-011459,Miller Canyon,31.433300,-110.250000,0,2,2,2,0,0,0,0,pge:9939
PSF-011460,Khodoseevka,50.261300,30.530000,0,1,2,1,0,1,2,1,pge:9940
PSF-011461,Fasovaya,50.222100,29.482000,1,2,1,1,1,1,1,2,pge:9941
PSF-011462,Beregovoe,44.917900,33.613900,1,1,1,1,0,2,2,2,pge:9945
PSF-011463,Druzhnoe,45.918200,34.311700,1,1,1,1,1,1,1,1,pge:9946
PSF-011464,Kacha,44.763600,33.542200,0,0,0,0,0,0,2,0,pge:9947
PSF-011465,Oboronnoe,44.505200,33.648000,2,0,0,0,0,0,0,2,pge:9948
PSF-011466,Bakota,48.608400,26.956400,0,0,2,2,2,0,0,0,pge:9952
PSF-011467,Ivane Zolote,48.715300,25.651900,0,0,0,0,0,0,0,0,pge:9953
PSF-011468,Zalischyky Klimuha,48.679200,25.771000,0,0,0,2,2,2,0,0,pge:9954
PSF-011469,Veseloe,44.822300,34.869400,0,0,0,1,2,1,0,0,pge:9955
PSF-011470,Nagoriani,48.492300,27.603500,0,0,0,0,2,0,0,0,pge:9956
PSF-011471,Leninskoe,51.434700,33.337500,0,0,0,0,2,0,0,0,pge:9957
PSF-011472,Chervonyi Kut,47.408300,30.450000,0,2,2,0,0,0,0,0,pge:9958
PSF-011473,Kalinovka,46.895900,31.006200,2,2,2,0,0,0,2,2,pge:9959
PSF-011474,Tash-Djorgan,44.857000,34.079700,0,0,0,0,2,1,0,0,pge:9961
PSF-011475,Ternovka,44.600000,33.720800,0,0,0,1,2,1,0,0,pge:9962
PSF-011476,Deleva,48.910200,25.207100,0,0,0,0,0,0,0,0,pge:9963
PSF-011477,Demshin,48.647800,26.802000,0,0,0,0,0,0,0,0,pge:9964
PSF-011478,Khresty,48.679800,25.617200,0,0,0,0,0,0,0,0,pge:9965
PSF-011479,Kostryjivka,48.630900,25.731200,0,0,0,0,0,0,0,0,pge:9966
PSF-011480,Nejin,51.064200,31.924700,0,0,0,0,0,0,0,0,pge:9967
PSF-011481,Odayiv,48.860700,25.158700,0,0,0,0,0,0,0,0,pge:9968
PSF-011482,Odessa,46.470000,30.700000,0,0,0,0,0,0,0,0,pge:9969
PSF-011483,VelikiyVerh,48.633300,23.216700,0,0,0,0,0,0,0,0,pge:9972
PSF-011484,Agarmish,45.052600,35.078100,2,1,0,0,0,0,0,1,pge:9973
PSF-011485,Borkaya,45.054200,34.946700,0,0,0,2,2,1,0,0,pge:9974
PSF-011486,Demerdzhi,44.749600,34.413500,0,0,0,2,1,2,0,0,pge:9976
PSF-011487,Tihaya buhta,44.970800,35.308400,0,0,0,0,0,0,0,0,pge:9977
PSF-011488,Rybachye,44.774000,34.606400,1,1,1,1,1,1,1,1,pge:9978
PSF-011489,Krippenstein,47.526200,13.693100,2,1,1,1,0,0,1,2,pge:9979
PSF-011490,Pachacamac,-12.190400,-76.839500,0,0,0,1,2,2,1,0,pge:9980
PSF-011491,Mont St Pierre,49.227200,-65.785000,0,0,0,0,0,2,2,2,pge:9981
PSF-011492,Lapinha,41.151600,-7.050600,0,0,1,2,2,2,1,1,pge:9982
PSF-011493,Macores,41.141100,-7.015300,0,0,0,1,2,2,1,0,pge:9983
PSF-011494,Carvalhal,41.171000,-6.986400,2,1,0,0,0,0,1,2,pge:9984
PSF-011495,Freixo de Espada-a-Cinta,41.138300,-6.801900,1,2,2,1,0,0,0,0,pge:9985
PSF-011496,Serdivan Kirantepe,40.773400,30.333100,2,2,1,0,0,0,1,2,pge:9986
PSF-011497,Boztepe (Ordu),40.991900,37.859600,1,1,1,0,0,0,0,0,pge:9987
PSF-011498,Senyurt Mercimek Tepesi,40.348900,36.165700,0,0,0,0,0,2,2,0,pge:9988
PSF-011499,Gelincik Tepesi,36.827900,34.515700,0,0,0,1,2,1,0,0,pge:9990
PSF-011500,Rio Sabor - Estevais,41.223900,-7.080700,0,0,0,2,2,2,1,1,pge:9991
PSF-011501,Quinta Branca - Serra do Reboredo,41.172300,-7.001100,1,1,0,0,0,0,2,2,pge:9992
PSF-011502,"Castanheira, Mogadouro",41.391000,-6.607300,1,2,2,2,1,2,2,2,pge:9993
PSF-011503,Montblond,44.509200,1.893890,0,0,0,2,2,0,0,0,pge:9994
PSF-011504,Yebongsan,37.565700,127.257000,0,0,0,0,0,1,2,1,pge:9995
PSF-011505,Yumyungsan,37.573700,127.485000,1,1,2,2,2,2,2,2,pge:9996
PSF-011506,Tome,-36.640200,-72.958400,1,0,0,0,0,0,2,2,pge:9997
PSF-011507,Coliumo,-36.547900,-72.974400,0,0,0,0,1,2,2,0,pge:9998
PSF-011508,Silveira Martins Leste,-29.623300,-53.478800,0,0,2,0,0,0,0,0,pge:9999
PSF-011509,Eungella - Chalet,-21.132771,148.493093,0,0,1,1,0,0,0,0,siteguide_au:10-7
PSF-011510,Lake George (South Launch),-35.103600,149.375200,0,0,1,0,0,0,0,0,siteguide_au:101-206
PSF-011511,Lake George (Collector) - Launch,-34.969920,149.374780,0,0,1,0,0,0,0,0,siteguide_au:102-25
PSF-011512,Honeysuckle - Launch 2,-35.130090,148.316650,0,0,0,0,0,1,1,0,siteguide_au:103-208
PSF-011513,Honeysuckle - Launch 1,-35.125810,148.314520,0,0,0,0,0,1,1,0,siteguide_au:103-329
PSF-011514,Rainbow Beach - Carlo Sand Blow,-25.914800,153.099600,0,1,0,0,0,0,0,0,siteguide_au:11-9
PSF-011515,Crescent Head - S launch,-31.193230,152.976900,0,0,0,1,1,0,0,0,siteguide_au:114-114
PSF-011516,Crescent Head - E launch,-31.192960,152.980260,0,0,1,1,0,0,0,0,siteguide_au:114-115
PSF-011517,Harrys Lookout,-31.456000,152.931000,0,0,1,0,0,0,0,0,siteguide_au:116-223
PSF-011518,Rocky Beach,-31.439330,152.924940,0,0,1,0,0,0,0,0,siteguide_au:120-226
PSF-011519,Nellies,-31.710800,152.506700,0,0,0,0,0,1,1,0,siteguide_au:121-228
PSF-011520,Mona Vale,-33.671760,151.317830,0,0,0,1,1,0,0,0,siteguide_au:125-30
PSF-011521,Turimetta,-33.696500,151.310200,0,0,0,1,0,0,0,0,siteguide_au:128-33
PSF-011522,Bungan,-33.671370,151.318370,0,1,1,0,0,0,0,0,siteguide_au:131-215
PSF-011523,Stanwell Park - Bald Hill - East Launch,-34.222720,150.998560,0,0,1,0,0,0,0,0,siteguide_au:132-113
PSF-011524,Tongarra,-34.600260,150.679370,0,1,0,0,0,0,0,0,siteguide_au:134-182
PSF-011525,Cambewarra,-34.800420,150.577320,0,0,1,1,1,0,0,0,siteguide_au:135-183
PSF-011526,Manilla - Mt Borah - East launch,-30.679300,150.611600,1,1,1,1,1,1,1,1,siteguide_au:136-21
PSF-011527,Manilla - Mt Borah - South launch,-30.679900,150.610300,1,1,1,1,1,1,1,1,siteguide_au:136-22
PSF-011528,Manilla - Mt Borah - Northeast launch,-30.672800,150.615600,1,1,1,1,1,1,1,1,siteguide_au:136-23
PSF-011529,Conargo (Deniliquin) - Conargo Tow Strip,-35.315700,145.162200,0,0,0,0,0,0,0,0,siteguide_au:137-191
PSF-011530,Conargo (Deniliquin) - Conargo North Tow Strip,-35.280300,145.172700,0,0,0,0,0,0,0,0,siteguide_au:137-192
PSF-011531,Conargo (Deniliquin) - Pretty Pine Tow Strip,-35.342000,144.849400,0,0,0,0,0,0,0,0,siteguide_au:137-193
PSF-011532,Mt Blackheath - North ramp,-33.641930,150.246030,1,1,0,0,0,0,0,0,siteguide_au:138-251
PSF-011533,Sofala,-33.100000,149.800000,0,0,0,0,1,0,0,0,siteguide_au:140-253
PSF-011534,Bells Beach - Jarosite,-38.374960,144.269340,0,0,1,1,0,0,0,0,siteguide_au:144-38
PSF-011535,Barwon Heads (13th Beach) - HG launch 40W,-38.281330,144.439100,0,0,0,0,1,1,0,0,siteguide_au:146-42
PSF-011536,Point Cartwright,-26.680410,153.138350,0,0,0,1,0,0,0,0,siteguide_au:15-235
PSF-011537,Flaxmans Hill,-38.532600,142.737200,0,0,0,0,0,1,0,0,siteguide_au:150-56
PSF-011538,Grannies Grave,-38.400570,142.507990,0,0,0,0,1,0,0,0,siteguide_au:151-60
PSF-011539,Logans Beach,-38.404886,142.525956,0,0,0,0,0,1,0,0,siteguide_au:153-64
PSF-011540,Levy's Point Beach,-38.371177,142.424091,0,0,0,0,0,1,0,0,siteguide_au:154-197
PSF-011541,Mt Meuron,-38.673350,143.855800,0,0,0,1,1,0,0,0,siteguide_au:156-81
PSF-011542,Portland - Murrells Beach NW,-38.403660,141.530400,0,0,0,0,0,0,1,1,siteguide_au:158-200
PSF-011543,Portland - Amos Road - Whites Beach,-38.347870,141.390330,0,0,0,0,0,0,0,1,siteguide_au:158-201
PSF-011544,Portland - Murrells Beach,-38.401910,141.529840,0,0,0,0,0,1,1,0,siteguide_au:158-89
PSF-011545,Portland - Bridgewater Bay,-38.367200,141.409210,0,0,0,1,0,0,0,0,siteguide_au:158-90
PSF-011546,Portland - Dutton Way,-38.295000,141.617500,0,0,0,1,0,0,0,0,siteguide_au:158-92
PSF-011547,Portland - Golf Course / Harbour Trust Road,-38.365260,141.627150,0,1,0,0,0,0,0,0,siteguide_au:158-93
PSF-011548,Portland - Nuns Beach,-38.338190,141.608900,0,0,1,0,0,0,0,0,siteguide_au:158-94
PSF-011549,Portland - Cape Bridgewater Seal Cliffs,-38.381570,141.408330,0,1,1,0,0,0,0,0,siteguide_au:158-96
PSF-011550,"Spion Kop (Fairhaven, Aireys, Moggs) - Spion",-38.468030,144.069410,0,0,0,0,1,0,0,0,siteguide_au:159-101
PSF-011551,"Spion Kop (Fairhaven, Aireys, Moggs) - Mad Max",-38.468400,144.089800,0,0,0,0,1,0,0,0,siteguide_au:159-249
PSF-011552,Cairns Bay,-38.485830,144.966740,0,0,0,0,1,1,0,0,siteguide_au:163-44
PSF-011553,"Craigie Rd, Mt Martha",-38.251850,145.027190,0,0,0,0,0,0,1,0,siteguide_au:166-50
PSF-011554,Eagles Nest,-38.667970,145.670340,0,0,0,1,0,0,0,0,siteguide_au:167-52
PSF-011555,"Grossard Point, Phillip Island",-38.468530,145.165420,0,0,0,0,0,0,0,1,siteguide_au:173-204
PSF-011556,"Rhyll, Phillip Island",-38.459931,145.309125,1,1,1,0,0,0,0,0,siteguide_au:174-209
PSF-011557,"Fisher Street, Phillip Island",-38.460069,145.185278,0,0,0,0,0,0,0,1,siteguide_au:175-210
PSF-011558,Phillip Island,-38.480000,145.240000,0,0,0,0,0,0,0,0,siteguide_au:176-202
PSF-011559,Shoreham,-38.439750,145.043280,0,0,1,0,0,0,0,0,siteguide_au:179-100
PSF-011560,Ben More,-37.227990,143.435320,0,0,0,0,0,1,0,0,siteguide_au:181-39
PSF-011561,Birchip Tow Paddock,-35.810250,143.003120,1,1,1,1,1,1,1,1,siteguide_au:182-40
PSF-011562,Cave Hill,-37.323780,143.255660,0,0,0,0,0,1,1,0,siteguide_au:183-46
PSF-011563,Colliers Gap,-37.210380,143.218730,1,1,0,0,0,0,0,0,siteguide_au:184-48
PSF-011564,Gordon - South launch,-37.589270,144.080750,0,0,1,1,1,1,0,0,siteguide_au:187-59
PSF-011565,Mt Buangor,-37.295490,143.222180,0,0,0,0,1,1,0,0,siteguide_au:189-69
PSF-011566,Mt Buninyong,-37.653150,143.927850,0,0,1,0,0,0,0,0,siteguide_au:190-71
PSF-011567,Mt Hollowback - North launch,-37.438173,143.815884,1,0,0,0,1,1,0,0,siteguide_au:192-195
PSF-011568,Mt Hollowback - South launch,-37.441514,143.816855,1,0,0,0,1,1,0,0,siteguide_au:192-196
PSF-011569,Mt Sugarloaf,-37.236090,143.183320,1,0,0,0,0,0,0,0,siteguide_au:196-83
PSF-011570,Werribee Gorge,-37.688940,144.377650,1,1,0,0,0,0,0,0,siteguide_au:198-109
PSF-011571,Flying Fox,-28.145680,153.148980,0,0,0,0,0,0,0,0,siteguide_au:20-283
PSF-011572,Mt Buffalo - The Gorge HG Ramp,-36.721600,146.823600,0,1,0,0,0,0,0,0,siteguide_au:202-70
PSF-011573,Mt Elliot - North-East,-36.180405,147.983049,0,1,0,0,0,0,0,1,siteguide_au:205-198
PSF-011574,Mt Emu - Emu 2,-36.664910,147.205430,0,0,0,0,0,0,0,1,siteguide_au:206-77
PSF-011575,Murmungee,-36.418700,146.711400,0,0,0,0,1,1,0,0,siteguide_au:208-84
PSF-011576,The Paps - North,-37.043010,145.985210,1,1,1,1,1,1,1,1,siteguide_au:212-258
PSF-011577,The Paps - West,-37.043050,145.984340,1,1,1,1,1,1,1,1,siteguide_au:212-259
PSF-011578,The Paps - East,-37.046160,145.992310,1,1,1,1,1,1,1,1,siteguide_au:212-260
PSF-011579,The Paps - South,-37.052380,145.985580,1,1,1,1,1,1,1,1,siteguide_au:212-261
PSF-011580,The Paps - South west,-37.052690,145.988590,1,1,1,1,1,1,1,1,siteguide_au:212-262
PSF-011581,The Paps - South east,-37.052780,145.989110,1,1,1,1,1,1,1,1,siteguide_au:212-263
PSF-011582,Eagle Rise,-36.409730,146.651920,0,0,0,1,1,1,0,0,siteguide_au:213-205
PSF-011583,Manny's,-36.413861,146.623583,0,0,0,0,1,0,0,0,siteguide_au:215-221
PSF-011584,Three Sisters (Flowerdale),-37.316000,145.289000,1,1,1,1,1,0,0,0,siteguide_au:216-107
PSF-011585,Yarragon,-38.246690,146.047530,1,0,0,0,0,0,0,0,siteguide_au:218-110
PSF-011586,Mt Terrible,-37.395000,146.140278,0,1,0,0,0,0,0,0,siteguide_au:220-188
PSF-011587,Locksley Field,-36.814000,145.348000,0,0,0,0,0,0,0,0,siteguide_au:221-211
PSF-011588,Parry Beach - Point Hillier - Beach Launch and Landing,-35.046540,117.154830,0,0,1,1,0,0,0,0,siteguide_au:239-123
PSF-011589,Tasman Flying Site 2,-43.060920,147.864680,0,1,1,0,0,0,0,0,siteguide_au:24-322
PSF-011590,Porongorups - Porongurups,-34.680000,117.880000,1,1,0,0,1,0,0,0,siteguide_au:241-125
PSF-011591,Lauderdale Flying Site 2,-42.907860,147.492460,0,0,1,1,0,0,0,0,siteguide_au:246-306
PSF-011592,Oatlands Flying Site,-42.299960,147.371230,0,1,1,1,1,1,1,0,siteguide_au:247-314
PSF-011593,Hobart Flying Site 1,-42.881220,147.330050,0,1,0,0,0,0,0,0,siteguide_au:248-315
PSF-011594,South Arm Flying Site,-43.028310,147.416610,1,0,0,0,0,0,0,1,siteguide_au:249-312
PSF-011595,Windy Harbour,-34.817600,116.006100,0,0,0,0,0,0,1,0,siteguide_au:250-272
PSF-011596,"One Tree Hill, Gungahlin",-35.142140,149.091660,0,1,1,0,0,0,0,0,siteguide_au:252-275
PSF-011597,Mt Buffalo – Reed’s Lookout Paraglider launch,-36.715000,146.822000,0,0,0,0,0,0,0,0,siteguide_au:253-276
PSF-011598,Broadwater National Park - Mandatory VHF Carriage - Check status of NOTAM,-29.030680,153.456770,0,0,1,1,0,0,0,0,siteguide_au:256-279
PSF-011599,Broadwater National Park - Mandatory VHF Carriage - Check status of NOTAM,-29.037100,153.452770,0,0,1,1,0,0,0,0,siteguide_au:256-280
PSF-011600,Possums - Private Property - All pilots must be inducted and 'check-in' prior to entry. No Parking at Launch.,-28.629600,153.506830,0,1,1,0,0,0,0,0,siteguide_au:257-281
PSF-011601,Tunbridge Flying Site,-42.142890,147.421320,0,1,1,0,0,0,0,0,siteguide_au:26-302
PSF-011602,Wilson's,-27.691680,151.998810,0,1,0,0,0,0,0,0,siteguide_au:260-288
PSF-011603,Hunter Lookout,-32.961110,151.414170,0,0,0,0,0,0,0,1,siteguide_au:262-291
PSF-011604,Killarney - SE Launch,-28.295150,152.338550,0,0,0,1,0,0,0,0,siteguide_au:263-292
PSF-011605,Killarney - E Launch,-28.293260,152.340130,0,0,1,0,0,0,0,0,siteguide_au:263-293
PSF-011606,Killarney - W Launch,-28.301540,152.324660,0,0,0,0,0,0,1,0,siteguide_au:263-294
PSF-011607,Killarney - N Launch,-28.221520,152.351040,1,1,0,0,0,0,0,0,siteguide_au:263-295
PSF-011608,West Heaton Lookout,-32.953570,151.457060,0,0,0,0,0,0,1,1,siteguide_au:264-296
PSF-011609,SE Heaton Lookout,-32.967720,151.469130,0,0,0,1,0,0,0,0,siteguide_au:266-298
PSF-011610,Bothwell Flying Site 3,-42.382370,147.008110,0,0,0,0,0,1,1,1,siteguide_au:269-300
PSF-011611,Trial Harbour Flying Site,-41.928410,145.175400,0,0,0,0,1,1,0,0,siteguide_au:270-303
PSF-011612,Tasman Flying Site 4,-43.063250,147.864350,0,0,0,0,0,0,1,1,siteguide_au:271-305
PSF-011613,Lauderdale Flying Site 1,-42.910410,147.492400,0,1,1,0,0,0,0,0,siteguide_au:272-307
PSF-011614,Jericho Flying Site 1,-42.383470,147.285260,1,1,0,0,0,0,0,0,siteguide_au:273-308
PSF-011615,Strahan Flying Site,-42.152430,145.318000,0,0,0,0,0,1,1,1,siteguide_au:274-309
PSF-011616,Scottsdale Flying Site,-41.159450,147.518780,0,0,0,0,0,0,1,1,siteguide_au:275-310
PSF-011617,Queenstown Flying Site,-42.079550,145.555460,0,1,1,0,0,0,0,0,siteguide_au:276-311
PSF-011618,Bothwell Flying Site 2,-42.384610,147.010390,0,0,0,0,0,1,1,0,siteguide_au:277-313
PSF-011619,Irishtown Flying Site,-40.914250,145.143310,0,0,0,0,0,0,0,1,siteguide_au:278-316
PSF-011620,Wilderness Hike and Fly,-42.681740,146.716360,1,1,1,1,1,1,1,1,siteguide_au:279-317
PSF-011621,Stanley Flying Site,-40.760390,145.294100,0,0,0,0,0,1,1,1,siteguide_au:280-318
PSF-011622,Ross Flying Site,-42.031050,147.492070,1,1,1,1,0,1,1,1,siteguide_au:281-319
PSF-011623,Wynyard Flying Site,-40.990000,145.725700,0,1,0,0,0,0,0,0,siteguide_au:282-320
PSF-011624,Tasman Flying Site 3,-43.062950,147.864490,0,1,1,0,0,0,0,0,siteguide_au:283-321
PSF-011625,Tasman Flying Site 1,-43.055000,147.865630,0,0,1,1,0,0,0,0,siteguide_au:284-323
PSF-011626,Bothwell Flying Site 1,-42.384380,147.007340,0,1,1,0,0,0,0,0,siteguide_au:285-324
PSF-011627,Ouse Flying Site,-42.485540,146.712090,1,1,0,0,0,1,1,1,siteguide_au:286-325
PSF-011628,North Coast Dunes,-41.012240,147.403750,1,1,0,0,0,0,0,1,siteguide_au:287-326
PSF-011629,Ochre Point - Maslins,-35.221200,138.469800,0,0,0,0,0,1,1,1,siteguide_au:3-218
PSF-011630,Devonport Flying Site,-41.180030,146.350240,1,0,0,0,0,0,0,1,siteguide_au:31-304
PSF-011631,Eucla,-31.680000,128.880000,0,0,0,0,0,0,0,0,siteguide_au:4-219
PSF-011632,Observatory Point - Twilight Beach,-33.907000,121.796000,0,0,0,1,0,0,0,0,siteguide_au:44-126
PSF-011633,City View,-28.710000,114.678000,0,0,0,0,0,1,1,0,siteguide_au:48-130
PSF-011634,Lynton Farm,-28.207400,114.307000,0,0,0,0,0,1,1,1,siteguide_au:50-132
PSF-011635,Kalbarri South Sea Cliffs,-27.745000,114.140000,0,0,0,0,0,1,1,1,siteguide_au:51-133
PSF-011636,Kalbarri North Coastal - Zuytdorp Sea Cliffs,-27.690000,114.160000,0,0,0,0,0,1,1,1,siteguide_au:52-134
PSF-011637,Brunswick Junction,-33.290000,115.840000,0,0,0,0,0,0,1,0,siteguide_au:53-135
PSF-011638,Yallingup - Three Bears,-33.584000,115.014000,0,0,0,0,0,0,1,0,siteguide_au:57-138
PSF-011639,Injidup,-33.699000,114.988000,1,1,0,0,0,1,1,1,siteguide_au:59-140
PSF-011640,Moses Rocks,-33.758940,114.991140,0,0,0,0,0,0,1,1,siteguide_au:60-141
PSF-011641,Cosy Corner,-34.256000,115.028000,0,0,0,0,1,0,0,0,siteguide_au:62-143
PSF-011642,Greenhills,-34.320000,115.090000,0,0,0,0,0,1,0,0,siteguide_au:63-144
PSF-011643,Point Matthew,-34.370000,115.150000,0,0,0,1,1,0,0,0,siteguide_au:64-145
PSF-011644,Sarge Bay,-34.370000,115.139000,0,0,0,1,1,0,0,0,siteguide_au:65-146
PSF-011645,Cottesloe,-32.018700,115.751300,0,0,0,0,0,0,1,0,siteguide_au:67-150
PSF-011646,Barn Hill (The Bluff),-33.587770,138.135670,0,0,0,1,1,1,1,0,siteguide_au:7-242
PSF-011647,Burns Beach,-31.729000,115.717000,0,0,0,0,0,1,1,0,siteguide_au:71-148
PSF-011648,Mullaloo Beach,-31.788400,115.733400,0,0,0,0,0,0,1,0,siteguide_au:72-149
PSF-011649,Warnbro,-32.330000,115.740000,0,0,0,0,0,1,1,0,siteguide_au:74-153
PSF-011650,Avalon,-32.570000,115.650000,0,0,0,0,0,0,0,1,siteguide_au:75-154
PSF-011651,Two Rocks Beach,-31.490000,115.579000,0,0,0,0,0,0,1,0,siteguide_au:76-155
PSF-011652,Seabird,-31.279000,115.441000,0,0,0,0,0,0,1,0,siteguide_au:77-156
PSF-011653,Gingin,-31.350000,115.900000,0,0,0,0,0,1,0,0,siteguide_au:78-157
PSF-011654,Rex Lookout,-16.646460,145.565450,0,0,1,1,0,0,0,0,siteguide_au:8-6
PSF-011655,"Windmill Hill, Toodyay",-31.550000,116.470000,0,0,0,0,0,0,0,1,siteguide_au:81-160
PSF-011656,"White Lakes Farm, Toodyay",-31.550000,116.480000,0,0,0,1,0,0,0,0,siteguide_au:84-163
PSF-011657,Mount Bakewell (lower launch),-31.848000,116.777000,0,0,0,0,1,0,0,0,siteguide_au:87-166
PSF-011658,York Silos - Gwambygine Hill,-31.930000,116.780000,0,1,0,0,0,0,0,0,siteguide_au:88-167
PSF-011659,York - Greenhills Towing - John Salmon's,-31.950200,116.997900,1,1,1,1,1,1,1,1,siteguide_au:89-168
PSF-011660,York - Greenhills Towing - Penny's (Closed),-31.966000,117.000000,1,1,1,1,1,1,1,1,siteguide_au:89-169
PSF-011661,Gillies Lookout,-17.200000,145.700000,0,1,1,1,0,0,0,0,siteguide_au:9-185
PSF-011662,York Airstrip,-31.857000,116.797000,0,1,1,1,1,1,0,0,siteguide_au:90-171
PSF-011663,Wyalkatchem,-31.180000,117.380000,1,1,1,1,1,1,1,1,siteguide_au:91-172
PSF-011664,Westonia Tow Paddocks,-31.302000,118.693000,1,1,1,1,1,1,1,1,siteguide_au:92-212
PSF-011665,Table Mountain,-21.035000,117.109000,1,1,1,1,1,1,1,1,siteguide_au:93-173
PSF-011666,Mount Nameless,-22.718000,117.762000,1,1,1,1,1,1,1,1,siteguide_au:94-174
PSF-011667,Cape Couvier,-24.211000,113.426000,0,0,0,0,0,0,1,1,siteguide_au:95-175
PSF-011668,Bastion - Sunset/West Launch,-15.451000,128.119000,0,0,0,0,0,1,1,1,siteguide_au:96-176
PSF-011669,Bastion - North Launch,-15.450200,128.122700,1,1,0,0,0,0,0,1,siteguide_au:96-177
PSF-011670,Mt Harrison,-15.830000,128.280000,1,1,0,0,0,0,0,1,siteguide_au:97-178
PSF-011671,Wyndham Towing,-15.530000,128.150000,1,1,1,1,1,1,1,1,siteguide_au:98-179
PSF-011672,Kalgoorlie - Lake Perkolilly,-30.572000,121.711800,1,1,1,1,1,1,1,1,siteguide_au:99-213
